shape_id,shape_pt_lon,shape_pt_lat,shape_pt_sequence
L11-502,2.81197,41.98335,2
L11-502,2.81314,41.98365,3
L11-502,2.81336,41.98334,4
L11-502,2.81352,41.98311,5
L11-502,2.81373,41.98283,6
L11-502,2.81389,41.98261,7
L11-502,2.81394,41.98254,8
L11-502,2.8141,41.98232,9
L11-502,2.81433,41.98202,10
L11-502,2.81451,41.9818,11
L11-502,2.81473,41.98149,12
L11-502,2.81479,41.98151,13
L11-502,2.81536,41.98173,14
L11-502,2.81515,41.98201,15
L11-502,2.81514,41.98203,16
L11-502,2.81473,41.98258,17
L11-502,2.81465,41.9827,18
L11-502,2.81457,41.9828,19
L11-502,2.81436,41.98309,20
L11-502,2.81415,41.98338,21
L11-502,2.81399,41.98359,22
L11-502,2.81378,41.98385,23
L11-502,2.81361,41.98409,24
L11-502,2.81349,41.98428,25
L11-502,2.81347,41.98431,26
L11-502,2.81346,41.98435,27
L11-502,2.81345,41.98439,28
L11-502,2.81345,41.98443,29
L11-502,2.81355,41.98442,30
L11-502,2.81375,41.98441,31
L11-502,2.81395,41.98441,32
L11-502,2.81417,41.98444,33
L11-502,2.81453,41.98451,34
L11-502,2.81466,41.98454,35
L11-502,2.81518,41.98464,36
L11-502,2.81541,41.98469,37
L11-502,2.81596,41.9848,38
L11-502,2.81643,41.98489,39
L11-502,2.81658,41.98491,40
L11-502,2.81689,41.98493,41
L11-502,2.81689,41.98491,42
L11-502,2.81689,41.98489,43
L11-502,2.8169,41.98487,44
L11-502,2.8169,41.98484,45
L11-502,2.81691,41.98482,46
L11-502,2.81693,41.9848,47
L11-502,2.81694,41.98478,48
L11-502,2.81696,41.98477,49
L11-502,2.81698,41.98475,50
L11-502,2.81702,41.98473,51
L11-502,2.81703,41.98472,52
L11-502,2.81704,41.98472,53
L11-502,2.81705,41.98471,54
L11-502,2.81706,41.98471,55
L11-502,2.81707,41.98471,56
L11-502,2.81708,41.9847,57
L11-502,2.8171,41.9847,58
L11-502,2.81711,41.9847,59
L11-502,2.81713,41.98469,60
L11-502,2.81715,41.98469,61
L11-502,2.81717,41.98469,62
L11-502,2.81719,41.98469,63
L11-502,2.81721,41.98469,64
L11-502,2.81723,41.9847,65
L11-502,2.81724,41.9847,66
L11-502,2.81726,41.98471,67
L11-502,2.81728,41.98471,68
L11-502,2.8173,41.98472,69
L11-502,2.81731,41.98472,70
L11-502,2.81732,41.98473,71
L11-502,2.81733,41.98473,72
L11-502,2.81734,41.98474,73
L11-502,2.81736,41.98475,74
L11-502,2.81737,41.98475,75
L11-502,2.81738,41.98476,76
L11-502,2.81739,41.98476,77
L11-502,2.81739,41.98477,78
L11-502,2.8174,41.98478,79
L11-502,2.81741,41.98478,80
L11-502,2.81742,41.98479,81
L11-502,2.81742,41.9848,82
L11-502,2.81743,41.9848,83
L11-502,2.81744,41.98481,84
L11-502,2.81745,41.98482,85
L11-502,2.81746,41.98484,86
L11-502,2.81746,41.98486,87
L11-502,2.81747,41.98488,88
L11-502,2.81747,41.9849,89
L11-502,2.81748,41.98492,90
L11-502,2.81747,41.98494,91
L11-502,2.81747,41.98496,92
L11-502,2.81746,41.98498,93
L11-502,2.81786,41.98546,94
L11-502,2.81799,41.98562,95
L11-502,2.818,41.98565,96
L11-502,2.81859,41.98577,97
L11-502,2.81862,41.98578,98
L11-502,2.82046,41.98627,99
L11-502,2.82053,41.98628,100
L11-502,2.82095,41.98641,101
L11-502,2.82097,41.98639,102
L11-502,2.82099,41.98639,103
L11-502,2.82102,41.98637,104
L11-502,2.82104,41.98636,105
L11-502,2.82112,41.98634,106
L11-502,2.82118,41.98634,107
L11-502,2.82123,41.98635,108
L11-502,2.82126,41.98636,109
L11-502,2.82132,41.98639,110
L11-502,2.82146,41.98649,111
L11-502,2.82152,41.98647,112
L11-502,2.82171,41.98641,113
L11-502,2.82181,41.98637,114
L11-502,2.82185,41.98635,115
L11-502,2.82232,41.98614,116
L11-502,2.82242,41.98609,117
L11-502,2.82241,41.98608,118
L11-502,2.82241,41.98607,119
L11-502,2.82241,41.98606,120
L11-502,2.82241,41.98605,121
L11-502,2.82241,41.98604,122
L11-502,2.82242,41.98603,123
L11-502,2.82242,41.98602,124
L11-502,2.82243,41.98601,125
L11-502,2.82243,41.986,126
L11-502,2.82244,41.986,127
L11-502,2.82244,41.98599,128
L11-502,2.82238,41.9859,129
L11-502,2.82232,41.98584,130
L11-502,2.82218,41.98572,131
L11-502,2.82212,41.98566,132
L11-502,2.82212,41.98565,133
L11-502,2.82142,41.98515,134
L11-502,2.82136,41.98512,135
L11-502,2.82134,41.98509,136
L11-502,2.82112,41.98491,137
L11-502,2.821,41.98481,138
L11-502,2.82072,41.98458,139
L11-502,2.82061,41.98449,140
L11-502,2.82055,41.98444,141
L11-502,2.82054,41.98443,142
L11-502,2.82038,41.98426,143
L11-502,2.81977,41.98361,144
L11-502,2.81973,41.98352,145
L11-502,2.81972,41.98344,146
L11-502,2.81974,41.9833,147
L11-502,2.81975,41.9832,148
L11-502,2.81976,41.98315,149
L11-502,2.81983,41.98272,150
L11-502,2.81984,41.98268,151
L11-502,2.81986,41.9826,152
L11-502,2.81989,41.98244,153
L11-502,2.81991,41.98234,154
L11-502,2.82006,41.98175,155
L11-502,2.82014,41.9815,156
L11-502,2.82018,41.98139,157
L11-502,2.82046,41.98139,158
L11-502,2.82055,41.9814,159
L11-502,2.82168,41.98128,160
L11-502,2.82279,41.98115,161
L11-502,2.82299,41.98119,162
L11-502,2.8232,41.98119,163
L11-502,2.82328,41.98097,164
L11-502,2.8234,41.98064,165
L11-502,2.82344,41.98054,166
L11-502,2.82344,41.98053,167
L11-502,2.82346,41.98046,168
L11-502,2.8235,41.98037,169
L11-502,2.8235,41.98035,170
L11-502,2.82352,41.98027,171
L11-502,2.82356,41.98005,172
L11-502,2.82359,41.97985,173
L11-502,2.8236,41.97981,174
L11-502,2.82372,41.97888,175
L11-502,2.82318,41.97885,176
L11-502,2.82306,41.97884,177
L11-502,2.82271,41.97889,178
L11-502,2.82271,41.9789,179
L11-502,2.8227,41.9789,180
L11-502,2.8227,41.97891,181
L11-502,2.82269,41.97891,182
L11-502,2.82269,41.97892,183
L11-502,2.82268,41.97892,184
L11-502,2.82268,41.97893,185
L11-502,2.82267,41.97893,186
L11-502,2.82266,41.97893,187
L11-502,2.82266,41.97894,188
L11-502,2.82265,41.97894,189
L11-502,2.82264,41.97894,190
L11-502,2.82264,41.97895,191
L11-502,2.82263,41.97895,192
L11-502,2.82262,41.97895,193
L11-502,2.82261,41.97895,194
L11-502,2.8226,41.97895,195
L11-502,2.82259,41.97895,196
L11-502,2.82258,41.97895,197
L11-502,2.82257,41.97895,198
L11-502,2.82256,41.97895,199
L11-502,2.82256,41.97894,200
L11-502,2.82255,41.97894,201
L11-502,2.82254,41.97894,202
L11-502,2.82253,41.97894,203
L11-502,2.82253,41.97893,204
L11-502,2.82252,41.97893,205
L11-502,2.82251,41.97892,206
L11-502,2.8225,41.97892,207
L11-502,2.8225,41.97891,208
L11-502,2.8225,41.9789,209
L11-502,2.82249,41.9789,210
L11-502,2.82249,41.97889,211
L11-502,2.82248,41.97888,212
L11-502,2.82248,41.97887,213
L11-502,2.82248,41.97886,214
L11-502,2.82248,41.97885,215
L11-502,2.82248,41.97884,216
L11-502,2.82249,41.97884,217
L11-502,2.82249,41.97883,218
L11-502,2.82242,41.9788,219
L11-502,2.82233,41.97874,220
L11-502,2.82191,41.97853,221
L11-502,2.82171,41.97831,222
L11-502,2.82162,41.97826,223
L11-502,2.82129,41.9776,224
L11-502,2.82119,41.97742,225
L11-502,2.82108,41.9772,226
L11-502,2.82089,41.97683,227
L11-502,2.82068,41.97643,228
L11-502,2.8205,41.97612,229
L11-502,2.8205,41.9761,230
L11-502,2.82049,41.97609,231
L11-502,2.82047,41.97605,232
L11-502,2.82046,41.97601,233
L11-502,2.82045,41.97598,234
L11-502,2.82045,41.97594,235
L11-502,2.82047,41.97587,236
L11-502,2.82046,41.97503,237
L11-502,2.82045,41.97484,238
L11-502,2.82063,41.97479,239
L11-502,2.82122,41.97468,240
L11-502,2.82128,41.97467,241
L11-502,2.82206,41.9745,242
L11-502,2.82212,41.97449,243
L11-502,2.82223,41.97447,244
L11-502,2.82278,41.97436,245
L11-502,2.82297,41.97433,246
L11-502,2.82324,41.9743,247
L11-502,2.82332,41.97429,248
L11-502,2.82341,41.97428,249
L11-502,2.82361,41.97425,250
L11-502,2.82365,41.97423,251
L11-502,2.82393,41.97418,252
L11-502,2.82403,41.97417,253
L11-502,2.82422,41.97415,254
L11-502,2.82422,41.9741,255
L11-502,2.82423,41.97407,256
L11-502,2.82424,41.97404,257
L11-502,2.82426,41.97401,258
L11-502,2.82428,41.97398,259
L11-502,2.82431,41.97396,260
L11-502,2.82434,41.97394,261
L11-502,2.82437,41.97392,262
L11-502,2.8244,41.9739,263
L11-502,2.82442,41.9739,264
L11-502,2.82443,41.97389,265
L11-502,2.82444,41.97389,266
L11-502,2.82446,41.97388,267
L11-502,2.82447,41.97388,268
L11-502,2.82449,41.97388,269
L11-502,2.8245,41.97387,270
L11-502,2.82452,41.97387,271
L11-502,2.82457,41.97387,272
L11-502,2.82461,41.97387,273
L11-502,2.82465,41.97388,274
L11-502,2.82469,41.97389,275
L11-502,2.82473,41.9739,276
L11-502,2.82476,41.97391,277
L11-502,2.8248,41.97393,278
L11-502,2.82483,41.97395,279
L11-502,2.82485,41.97398,280
L11-502,2.82513,41.97394,281
L11-502,2.8258,41.9738,282
L11-502,2.82623,41.97371,283
L11-502,2.82663,41.97364,284
L11-502,2.8267,41.97363,285
L11-502,2.827,41.97358,286
L11-502,2.82752,41.97351,287
L11-502,2.82757,41.9735,288
L11-502,2.82749,41.97305,289
L11-502,2.82739,41.97242,290
L11-502,2.8278,41.97142,291
L11-502,2.82704,41.97111,292
L11-502,2.827,41.97116,293
L11-502,2.82698,41.97118,294
L11-502,2.82691,41.97123,295
L11-502,2.82688,41.97124,296
L11-502,2.82679,41.97126,297
L11-502,2.82668,41.97127,298
L11-502,2.82657,41.97124,299
L11-502,2.82652,41.97121,300
L11-502,2.82646,41.97118,301
L11-502,2.82643,41.97115,302
L11-502,2.8264,41.97108,303
L11-502,2.82638,41.97104,304
L11-502,2.82637,41.97095,305
L11-502,2.82641,41.97083,306
L11-502,2.82643,41.97079,307
L11-502,2.82643,41.97074,308
L11-502,2.82645,41.97069,309
L11-502,2.8266,41.97019,310
L11-502,2.82661,41.97017,311
L11-502,2.82674,41.96966,312
L11-502,2.82698,41.96876,313
L11-502,2.827,41.96873,314
L11-502,2.82732,41.96758,315
L11-502,2.82742,41.96723,316
L11-502,2.82752,41.96721,317
L11-502,2.82817,41.96708,318
L11-502,2.82827,41.96706,319
L11-502,2.82839,41.96703,320
L11-502,2.8288,41.96693,321
L11-502,2.82906,41.96686,322
L11-502,2.82922,41.96681,323
L11-502,2.82948,41.96674,324
L11-502,2.82988,41.96663,325
L11-502,2.82992,41.96662,326
L11-502,2.83058,41.96642,327
L11-502,2.83078,41.96637,328
L11-502,2.83104,41.96627,329
L11-502,2.8311,41.96624,330
L11-502,2.83127,41.96613,331
L11-502,2.83137,41.96608,332
L11-502,2.83162,41.96593,333
L11-502,2.8317,41.96589,334
L11-502,2.83183,41.96569,335
L11-502,2.83197,41.96544,336
L11-502,2.832,41.96538,337
L11-502,2.83215,41.96509,338
L11-502,2.83221,41.96499,339
L11-502,2.83242,41.96459,340
L11-502,2.83251,41.96442,341
L11-502,2.83267,41.96413,342
L11-502,2.832901,41.963613,343
L11-502,2.833137,41.963651,344
L11-502,2.833351,41.963692,345
L11-502,2.83362,41.963754,346
L11-502,2.83406,41.963854,347
L11-502,2.83451,41.963998,348
L11-502,2.834945,41.964205,349
L11-502,2.835272,41.964369,350
L11-502,2.835637,41.964628,351
L11-502,2.836044,41.964911,352
L11-502,2.836436,41.965095,353
L11-502,2.836919,41.96535,354
L11-502,2.83745,41.965749,355
L11-502,2.837445,41.965749,356
L11-502,2.837683,41.96608,357
L11-502,2.837887,41.966351,358
L11-502,2.838061,41.966598,359
L11-502,2.838161,41.966816,360
L11-502,2.838289,41.967083,361
L11-502,2.838461,41.967095,362
L11-502,2.838563,41.967165,363
L11-502,2.838606,41.967316,364
L11-502,2.83855,41.967436,365
L11-502,2.838405,41.96749,366
L11-502,2.838295,41.967486,367
L11-502,2.838131,41.96743,368
L11-502,2.838072,41.967294,369
L11-502,2.838118,41.967191,370
L11-502,2.838225,41.967109,371
L11-502,2.838072,41.966748,372
L11-502,2.837884,41.966441,373
L11-502,2.837589,41.965998,374
L11-502,2.837337,41.965725,375
L11-502,2.837031,41.965509,376
L11-502,2.836704,41.965274,377
L11-502,2.836508,41.965194,378
L11-502,2.836294,41.965087,379
L11-502,2.836125,41.965001,380
L11-502,2.835932,41.964883,381
L11-502,2.835779,41.964775,382
L11-502,2.835653,41.964678,383
L11-502,2.835449,41.964546,384
L11-502,2.835224,41.964398,385
L11-502,2.834988,41.964275,386
L11-502,2.834746,41.964155,387
L11-502,2.834516,41.964047,388
L11-502,2.834207,41.963932,389
L11-502,2.833778,41.963832,390
L11-502,2.833547,41.963772,391
L11-502,2.833287,41.963702,392
L11-502,2.833059,41.963659,393
L11-502,2.832713,41.963607,394
L11-502,2.83199,41.96352,395
L11-502,2.83194,41.96374,396
L11-502,2.83182,41.96408,397
L11-502,2.83172,41.96425,398
L11-502,2.83158,41.96438,399
L11-502,2.83153,41.96443,400
L11-502,2.83146,41.96446,401
L11-502,2.83139,41.96449,402
L11-502,2.83128,41.96452,403
L11-502,2.83115,41.96456,404
L11-502,2.83089,41.96464,405
L11-502,2.83042,41.96476,406
L11-502,2.82992,41.96486,407
L11-502,2.82984,41.96488,408
L11-502,2.82977,41.9649,409
L11-502,2.82972,41.96492,410
L11-502,2.82967,41.96495,411
L11-502,2.82915,41.96475,412
L11-502,2.82914,41.96475,413
L11-502,2.82914,41.96476,414
L11-502,2.82913,41.96476,415
L11-502,2.82912,41.96477,416
L11-502,2.82911,41.96477,417
L11-502,2.8291,41.96478,418
L11-502,2.82909,41.96478,419
L11-502,2.82908,41.96478,420
L11-502,2.82907,41.96479,421
L11-502,2.82906,41.96479,422
L11-502,2.82905,41.96479,423
L11-502,2.82904,41.9648,424
L11-502,2.82903,41.9648,425
L11-502,2.82902,41.9648,426
L11-502,2.82901,41.9648,427
L11-502,2.829,41.9648,428
L11-502,2.82898,41.9648,429
L11-502,2.82897,41.9648,430
L11-502,2.82896,41.9648,431
L11-502,2.82895,41.9648,432
L11-502,2.82894,41.9648,433
L11-502,2.82893,41.96479,434
L11-502,2.8289,41.96493,435
L11-802F,2.8282830740001828,41.96707366500016,2
L11-802F,2.8283208650000233,41.96694204700009,3
L11-802F,2.8285989160000327,41.966134615000044,4
L11-802F,2.828687726000112,41.96588024000005,5
L11-802F,2.8287495880000506,41.965673008000124,6
L11-802F,2.8287922570001456,41.96547861600004,7
L11-802F,2.8288989470000843,41.96498548800008,8
L11-802F,2.8289203190000762,41.964873993000026,9
L11-802F,2.828949999000031,41.96482070300004,10
L11-802F,2.8289942340000493,41.964803183000015,11
L11-802F,2.8291468929999724,41.96477344400017,12
L11-802F,2.829301765000025,41.96480243900015,13
L11-802F,2.8294732270001646,41.9648638270001,14
L11-802F,2.829615034000085,41.964888009000106,15
L11-802F,2.8298050830001102,41.96489028900015,16
L11-802F,2.8299873940001703,41.964866009000104,17
L11-802F,2.830796062000104,41.96468197900015,18
L11-802F,2.8311845040000776,41.964566677000164,19
L11-802F,2.831465847000004,41.964461205000134,20
L11-802F,2.8316669900000306,41.964315661,21
L11-802F,2.8318040250001104,41.964118080000105,22
L11-802F,2.8318551670000716,41.96401027400009,23
L11-802F,2.831997713000135,41.963514781000185,24
L11-802F,2.8320145330001196,41.963469118000035,25
L11-802F,2.832977638000159,41.9636210650001,26
L11-802F,2.8325503660001345,41.96442359100007,27
L11-802F,2.8320324680000795,41.96539368100002,28
L11-802F,2.8318938260001687,41.96566085400019,29
L11-802F,2.8317458060001854,41.965850803000194,30
L11-802F,2.831273660000022,41.96617325000017,31
L11-802F,2.8311411900000394,41.96627743200008,32
L11-802F,2.8309992400000397,41.96634442499999,33
L11-802F,2.8309417160000976,41.96636292700015,34
L11-802F,2.8299178529999836,41.96666167800004,35
L11-802F,2.829030133999993,41.96691343700019,36
L11-802F,2.8282830740001828,41.96707366500016,37
L11-802F,2.8282830740001828,41.96707366500016,38
L11-802F,2.8282827390000875,41.96707483100005,39
L11-802F,2.827711217000058,41.96872984500004,40
L11-802F,2.8275355190000937,41.96920293500011,41
L11-802F,2.8273912130000554,41.96979441000008,42
L11-802F,2.8271671730001344,41.97055143900013,43
L11-802F,2.827054703000101,41.97109562500003,44
L11-802F,2.8269517220001603,41.97119738400016,45
L11-802F,2.826781929000049,41.971260229000166,46
L11-802F,2.826760992000004,41.97127589300004,47
L11-802F,2.8282830740001828,41.96707366500016,48
L11-802F,2.8274036700000806,41.967262269000116,49
L11-802F,2.827015268000082,41.96868770200018,50
L11-802F,2.826709605000133,41.969792706000135,51
L11-802F,2.8263820580000925,41.97101177700017,52
L11-802F,2.826380819999997,41.97104836000011,53
L11-802F,2.8263852560000373,41.9710664590001,54
L11-802F,2.826391347000083,41.97108428700017,55
L11-802F,2.82639906899999,41.97110176100017,56
L11-802F,2.8264083820001815,41.9711187960001,57
L11-802F,2.826419243000089,41.97113531400004,58
L11-802F,2.8264316010000243,41.971151234000104,59
L11-802F,2.8264453970001,41.97116648400009,60
L11-802F,2.8264605650001045,41.97118098800007,61
L11-802F,2.826477035000039,41.97119468000011,62
L11-802F,2.8264947270001244,41.97120749400011,63
L11-802F,2.826513559000091,41.97121937000003,64
L11-802F,2.8265334400000484,41.97123025100012,65
L11-802F,2.8265542770000707,41.97124008600014,66
L11-802F,2.826575971000068,41.9712488290001,67
L11-802F,2.8265984200000958,41.97125643600009,68
L11-802F,2.8266215160000456,41.97126287499998,69
L11-802F,2.826645152000026,41.97126811200019,70
L11-802F,2.826669213000173,41.971272124000166,71
L11-802F,2.8266935870000225,41.971274892,72
L11-802F,2.8267181590001087,41.97127640100007,73
L11-802F,2.826742811000031,41.97127664600015,74
L11-802F,2.826760992000004,41.97127589300004,75
L11-802F,2.826760992000004,41.97127589300004,76
L11-802F,2.8267674300001886,41.97127562600008,77
L11-802F,2.8267918949999853,41.97127334400005,78
L11-802F,2.826816091000069,41.971269812000116,79
L11-802F,2.8268399050000426,41.9712650460001,80
L11-802F,2.8268632240001352,41.97125907100002,81
L11-802F,2.8268859350001208,41.97125191099997,82
L11-802F,2.826907934000076,41.971243603000175,83
L11-802F,2.826929115000155,41.97123418500013,84
L11-802F,2.826949377000062,41.97122370400007,85
L11-802F,2.8269686260001663,41.971212207000065,86
L11-802F,2.826986770000076,41.97119974900011,87
L11-802F,2.827003722000029,41.97118638900008,88
L11-802F,2.827019402000076,41.971172191000164,89
L11-802F,2.8270337390001146,41.971157222000045,90
L11-802F,2.8270631919999687,41.971155268000075,91
L11-802F,2.827755876000083,41.97141002400019,92
L11-802F,2.827782556000159,41.971444027000075,93
L11-802F,2.8276640880001196,41.97169557100011,94
L11-802F,2.827444191000154,41.97225979800015,95
L11-802F,2.827394932000061,41.972418998000194,96
L11-802F,2.826760992000004,41.97127589300004,97
L11-802F,2.8267063800001324,41.971316752999996,98
L11-802F,2.826602972000103,41.97173980000014,99
L11-802F,2.8263677179999718,41.972787046000064,100
L11-802F,2.8266325480000773,41.97358863900007,101
L11-802F,2.827394932000061,41.972418998000194,102
L11-802F,2.827404495000053,41.972570245000156,103
L11-802F,2.8275308380001434,41.97333371000019,104
L11-802F,2.827554318000125,41.97345280700017,105
L11-802F,2.827554318000125,41.97345280700017,106
L11-802F,2.828569671000025,41.97336293500001,107
L11-802F,2.8306050160001064,41.97328806600012,108
L11-802F,2.830430308000018,41.97279574600009,109
L11-802F,2.8302115680000384,41.972402026,110
L11-802F,2.830115489000036,41.972165845999996,111
L11-802F,2.830006243000014,41.97192309000019,112
L11-802F,2.8297740860001,41.97161786300006,113
L11-802F,2.8296647360000975,41.97141444600004,114
L11-802F,2.8293833370000243,41.971446813000114,115
L11-802F,2.828759166000168,41.971750679000024,116
L11-802F,2.8287215250001623,41.971873635000065,117
L11-802F,2.828805564999982,41.97199285900018,118
L11-802F,2.8290782620001096,41.972364485000185,119
L11-802F,2.8287565210000025,41.97240936300017,120
L11-802F,2.8282096080001793,41.97246700000005,121
L11-802F,2.827551932999995,41.97243530200012,122
L11-802F,2.827451198999995,41.97242722500005,123
L11-802F,2.827394932000061,41.972418998000194,124
L11-802F,2.827554318000125,41.97345280700017,125
L11-802F,2.8268867230000296,41.973545483000066,126
L11-802F,2.8266325480000773,41.97358863900007,127
L11-802F,2.8266325480000773,41.97358863900007,128
L11-802F,2.8262298510000505,41.973657010000125,129
L11-802F,2.8250972420000267,41.97389591700011,130
L11-802F,2.82503185500002,41.973909047999996,131
L11-802F,2.8249428990001206,41.97392431600019,132
L11-802F,2.824929622000184,41.97392539500004,133
L11-802F,2.8249162670000487,41.973925217000044,134
L11-802F,2.8249030490000564,41.97392378400019,135
L11-802F,2.824890178000146,41.973921123000025,136
L11-802F,2.8248778600001856,41.97391727100006,137
L11-802F,2.824866288999999,41.97391229200008,138
L11-802F,2.8248556500001314,41.97390626600014,139
L11-802F,2.8248461150001276,41.9738992880001,140
L11-802F,2.8248268010001425,41.973887998000066,141
L11-802F,2.8248065970000766,41.97387761400006,142
L11-802F,2.8247855779999895,41.973868173000085,143
L11-802F,2.82476382100009,41.9738597110001,144
L11-802F,2.8247414110001614,41.973852262000094,145
L11-802F,2.824718431000065,41.973845852000125,146
L11-802F,2.8246949680001308,41.973840506000045,147
L11-802F,2.8246711090000076,41.97383624300011,148
L11-802F,2.824646944000051,41.973833080000134,149
L11-802F,2.8246225670001195,41.97383102900005,150
L11-802F,2.824598065000032,41.97383009700013,151
L11-802F,2.824573533000148,41.97383028900015,152
L11-802F,2.8245472690001066,41.973831743999995,153
L11-802F,2.824521190000155,41.97383448500017,154
L11-802F,2.824495410000168,41.9738385010001,155
L11-802F,2.8244700399999942,41.973843775000034,156
L11-802F,2.8244451910001658,41.97385028400015,157
L11-802F,2.8244209680000267,41.97385799900013,158
L11-802F,2.8243974790001403,41.97386688800009,159
L11-802F,2.8243748270000424,41.97387691,160
L11-802F,2.824353107000036,41.973888024000075,161
L11-802F,2.8243324139999686,41.97390018000016,162
L11-802F,2.8243128380001394,41.973913327000105,163
L11-802F,2.8242944650001505,41.97392740600009,164
L11-802F,2.824277373000143,41.973942357,165
L11-802F,2.8242616360001875,41.97395811700005,166
L11-802F,2.824247326000034,41.9739746140001,167
L11-802F,2.8242345000000455,41.97399177900019,168
L11-802F,2.8242232170001103,41.974009537000086,169
L11-802F,2.824213525000175,41.97402781000005,170
L11-802F,2.824205465000034,41.974046519000126,171
L11-802F,2.8241990730000452,41.974065584000186,172
L11-802F,2.824194379000005,41.974084921999975,173
L11-802F,2.8241903780001394,41.9741147850001,174
L11-802F,2.8241549090001286,41.97412008200007,175
L11-802F,2.8241381390001834,41.97412322000014,176
L11-802F,2.8233334130000003,41.97423831500015,177
L11-802F,2.8224418880000712,41.97439968800012,178
L11-802F,2.8222565259999897,41.97443524600004,179
L11-802F,2.8217370430000983,41.97453445100018,180
L11-802F,2.821226211999999,41.97463816600015,181
L11-802F,2.8208389970000667,41.97471710400009,182
L11-802F,2.8204940900001816,41.97478889200016,183
L11-802F,2.820495999000059,41.975083833000156,184
L11-802F,2.820510228000103,41.97575508000017,185
L11-802F,2.8204386090001208,41.97593368600019,186
L11-802F,2.8204699620001747,41.976123868000116,187
L11-802F,2.820772100000113,41.97669304700008,188
L11-802F,2.8208393050000495,41.976816134000046,189
L11-802F,2.8266325480000773,41.97358863900007,190
L11-802F,2.8266535890001023,41.97365232400011,191
L11-802F,2.8249326120001115,41.97401979400013,192
L11-802F,2.824941294000098,41.97403734100004,193
L11-802F,2.824948362000157,41.974055288000045,194
L11-802F,2.824953780000044,41.97407355100006,195
L11-802F,2.8249575270000946,41.97409204600007,196
L11-802F,2.82495958200019,41.97411068700006,197
L11-802F,2.8249599390001094,41.97412939100002,198
L11-802F,2.8249585940001225,41.97414806900014,199
L11-802F,2.824955553000109,41.97416663600018,200
L11-802F,2.8249508320001837,41.97418500700019,201
L11-802F,2.8249444499999754,41.9742030970001,202
L11-802F,2.8249364410001476,41.97422082000003,203
L11-802F,2.824926836000145,41.97423809900016,204
L11-802F,2.824915684000132,41.97425485000019,205
L11-802F,2.824903035000034,41.97427099800012,206
L11-802F,2.824888946000044,41.97428647000015,207
L11-802F,2.824873481000054,41.974301192000155,208
L11-802F,2.8248567170001024,41.9743150970001,209
L11-802F,2.8248387250000633,41.97432812200003,210
L11-802F,2.8248195900001747,41.97434020500009,211
L11-802F,2.8247994020000533,41.97435129100012,212
L11-802F,2.824778250999998,41.97436133100007,213
L11-802F,2.8247562360000416,41.97437027600017,214
L11-802F,2.824733459000015,41.97437808699999,215
L11-802F,2.824710024000126,41.97438472700003,216
L11-802F,2.824684585000057,41.97438933700005,217
L11-802F,2.8246588030000908,41.97439272500014,218
L11-802F,2.8246327830000837,41.974394876000076,219
L11-802F,2.8246066320000978,41.97439578200016,220
L11-802F,2.824580459000174,41.974395439000034,221
L11-802F,2.8245543670001325,41.97439384900008,222
L11-802F,2.824528464000025,41.97439101800012,223
L11-802F,2.8245028580000735,41.974386957000036,224
L11-802F,2.8244776500001194,41.974381684000036,225
L11-802F,2.824452947999987,41.974375218000034,226
L11-802F,2.8244288480001387,41.97436758800012,227
L11-802F,2.8244054520001782,41.97435882400009,228
L11-802F,2.8243828540000777,41.97434896300007,229
L11-802F,2.824361146000058,41.97433804400015,230
L11-802F,2.824340419000009,41.974326112000085,231
L11-802F,2.824320754999974,41.974313215000166,232
L11-802F,2.8243022350000615,41.97429940800015,233
L11-802F,2.8242849370000727,41.97428474500009,234
L11-802F,2.8242689320000522,41.97426928800013,235
L11-802F,2.8242542809999804,41.97425309800008,236
L11-802F,2.824241046000054,41.97423624400011,237
L11-802F,2.8242292820001467,41.974218792000045,238
L11-802F,2.824227695000104,41.97421373400016,239
L11-802F,2.824225040000158,41.974208932000124,240
L11-802F,2.8242213870001365,41.974204510000106,241
L11-802F,2.824216829000079,41.97420058200015,242
L11-802F,2.824211487000184,41.97419725200007,243
L11-802F,2.824205496000161,41.97419460399999,244
L11-802F,2.8241990150000333,41.97419270800003,245
L11-802F,2.824192210000092,41.974191613000016,246
L11-802F,2.824185257000181,41.97419134600011,247
L11-802F,2.8241783370000917,41.97419191700004,248
L11-802F,2.8241716300000235,41.97419330800011,249
L11-802F,2.8241653090000796,41.974195485000166,250
L11-802F,2.8240335260001075,41.97421303300001,251
L11-802F,2.823211694000179,41.974330557000144,252
L11-802F,2.822519612999997,41.97444088800012,253
L11-802F,2.8222177970000644,41.97448777200009,254
L11-802F,2.8218098590000977,41.97457310500016,255
L11-802F,2.820520493000174,41.974837566000076,256
L11-802F,2.82055396200019,41.975758348000056,257
L11-802F,2.820499017000145,41.97590139300013,258
L11-802F,2.820508883000059,41.97604815300019,259
L11-802F,2.8205709090000823,41.976216503000046,260
L11-802F,2.8208695060001787,41.97679164900006,261
L11-802F,2.8208393050000495,41.976816134000046,262
L11-802F,2.8208393050000495,41.976816134000046,263
L11-802F,2.8210634550001146,41.97722666300018,264
L11-802F,2.8215832650001857,41.978158349000125,265
L11-802F,2.821852794000165,41.97851655900013,266
L11-802F,2.8222036650001314,41.97871233600006,267
L11-802F,2.822436616000175,41.978817507000144,268
L11-802F,2.822559836000039,41.97892832399998,269
L11-802F,2.822665018000066,41.97893391700018,270
L11-802F,2.8227923920001103,41.978811076000056,271
L11-802F,2.8236238739999635,41.97888077300007,272
L11-802F,2.8237134400001196,41.97891211400008,273
L11-802F,2.823633692000101,41.979486940000015,274
L11-802F,2.82348866000018,41.98031451000014,275
L11-802F,2.8234025860001566,41.980595753000046,276
L11-802F,2.823280018000105,41.98091186400018,277
L11-802F,2.8231673530001444,41.981185307000146,278
L11-802F,2.8208393050000495,41.976816134000046,279
L11-802F,2.8207942040001512,41.976852698000016,280
L11-802F,2.8197253730000966,41.977062256000124,281
L11-802F,2.8204255910001166,41.978503956000054,282
L11-802F,2.821262832000002,41.97941940200013,283
L11-802F,2.8218716910000694,41.98007811299999,284
L11-802F,2.8205083480001463,41.98089319600001,285
L11-802F,2.8201886840001293,41.98140669600008,286
L11-802F,2.821748135000121,41.98126787400014,287
L11-802F,2.8227375399999914,41.98116432299997,288
L11-802F,2.8230992310001852,41.981184474000145,289
L11-802F,2.8231673530001444,41.981185307000146,290
L11-802F,2.8231673530001444,41.981185307000146,291
L11-802F,2.823241818000156,41.98118621800012,292
L11-802F,2.8237221430000545,41.98121896800018,293
L11-802F,2.8236840320001875,41.98142928700008,294
L11-802F,2.823642156000062,41.981611147000194,295
L11-802F,2.8236060080001266,41.98185917200004,296
L11-802F,2.8237033910000946,41.98221685800013,297
L11-802F,2.823747853000043,41.98234965700004,298
L11-802F,2.823860075000084,41.98268980400019,299
L11-802F,2.823886707000156,41.982738414000096,300
L11-802F,2.8243829969999865,41.98273368000008,301
L11-802F,2.824592894000034,41.98304593200015,302
L11-802F,2.82469882200013,41.98320051500008,303
L11-802F,2.8248239690000787,41.983285848000094,304
L11-802F,2.825075234000167,41.98363297600008,305
L11-802F,2.8252115170001844,41.98382826900013,306
L11-802F,2.825389122000047,41.98410378700004,307
L11-802F,2.825499859000047,41.98426998000019,308
L11-802F,2.8255776560001777,41.98440163200007,309
L11-802F,2.8256491830001096,41.98457986200009,310
L11-802F,2.8256812310001465,41.98467237400007,311
L11-802F,2.825688962000129,41.98470288500005,312
L11-802F,2.8256760220001524,41.98472891000017,313
L11-802F,2.8255900530000417,41.984737004000124,314
L11-802F,2.8251323020000996,41.984783677000166,315
L11-802F,2.8250915760000908,41.98478941200017,316
L11-802F,2.825053412000159,41.984813209000095,317
L11-802F,2.8250418520000835,41.984837913000035,318
L11-802F,2.825050979000025,41.98488300299999,319
L11-802F,2.82504773200003,41.98492563000008,320
L11-802F,2.825009692000094,41.98517605200004,321
L11-802F,2.8249796620000893,41.98530508900012,322
L11-802F,2.8249571370000695,41.98540279000014,323
L11-802F,2.824972200000161,41.98553577900003,324
L11-802F,2.824977959000023,41.98562063200001,325
L11-802F,2.8249513070001058,41.98573044100016,326
L11-802F,2.8247766050000678,41.98617140600015,327
L11-802F,2.82464802200019,41.9864715600001,328
L11-802F,2.824573828000041,41.9866495600001,329
L11-802F,2.8244818549999877,41.986764472000175,330
L11-802F,2.8244119899999873,41.986856061000026,331
L11-802F,2.824380516000076,41.98691051200018,332
L11-802F,2.8243699840001,41.98694336800003,333
L11-802F,2.8242803040001263,41.98723830700004,334
L11-802F,2.8242473990001713,41.98734283500016,335
L11-802F,2.8241836690000355,41.987387731000126,336
L11-802F,2.824150763000148,41.987492257999975,337
L11-802F,2.824147541000059,41.98756327799998,338
L11-802F,2.824169973000153,41.98774386500014,339
L11-802F,2.8242024270001593,41.98792767300006,340
L11-802F,2.824200689000179,41.98799550100017,341
L11-802F,2.824038196000174,41.98810959899998,342
L11-802F,2.8239584200001104,41.988172741000085,343
L11-802F,2.8239420220000397,41.98822237000019,344
L11-802F,2.8239563110000176,41.98835723700006,345
L11-802F,2.8239956660000303,41.98870881400012,346
L11-802F,2.8240162450000525,41.98886241700012,347
L11-802F,2.824127077000128,41.98906015600005,348
L11-802F,2.824229607999996,41.98923846000008,349
L11-802F,2.8244298780000463,41.98935368100007,350
L11-802F,2.8339155400001346,41.988652745000024,351
L11-802F,2.833918726000036,41.98867302500008,352
L11-802F,2.8339155400001346,41.988652745000024,353
L11-802F,2.833918726000036,41.98867302500008,354
L11-802F,2.833918726000036,41.98867302500008,355
L11-802F,2.833822446000056,41.988713804000156,356
L11-802F,2.8336594050001622,41.98871378200016,357
L11-802F,2.833198740000114,41.98868043400006,358
L11-802F,2.8329198400001587,41.988684566000074,359
L11-802F,2.8327008630000705,41.9887236620001,360
L11-802F,2.832323233000068,41.988824466000096,361
L11-802F,2.8321504960001107,41.98849763100014,362
L11-802F,2.831259474000092,41.98866525100016,363
L11-802F,2.8310409650000565,41.98864599100017,364
L11-802F,2.8308718579999663,41.988577975000055,365
L11-802F,2.8307152830000746,41.988453246999995,366
L11-802F,2.8305621660001066,41.98831593900019,367
L11-802F,2.8304339810000556,41.98822545400009,368
L11-802F,2.830320542000038,41.98815133199997,369
L11-802F,2.830226325000126,41.98812233300015,370
L11-802F,2.83001425000009,41.98812081800014,371
L11-802F,2.8297540000000367,41.988169718999984,372
L11-802F,2.8295321670000817,41.98821871300015,373
L11-802F,2.8292757820000816,41.98825621400016,374
L11-802F,2.8289816500000597,41.98826098799998,375
L11-802F,2.8286496230000466,41.98823905100005,376
L11-802F,2.8285598910001113,41.988252181000064,377
L11-802F,2.8284664800000883,41.98828286000003,378
L11-802F,2.8283423990000642,41.9883397480001,379
L11-802F,2.8282474270001785,41.988381840000045,380
L11-802F,2.828129529000023,41.9884159070001,381
L11-802F,2.827967249999972,41.98845333200012,382
L11-802F,2.8278202900000906,41.98848393200018,383
L11-802F,2.8277391610000677,41.988498649000064,384
L11-802F,2.827685588000122,41.988507700000184,385
L11-802F,2.82754811500007,41.98853728700004,386
L11-802F,2.827362882999978,41.98857581800013,387
L11-802F,2.827246541000136,41.98859961400012,388
L11-802F,2.826998377000052,41.98871338600014,389
L11-802F,2.826788279000084,41.98889455900013,390
L11-802F,2.8266302430001247,41.9890598290001,391
L11-802F,2.826526179000041,41.98906880500016,392
L11-802F,2.8262189480001325,41.98895876400019,393
L11-802F,2.8260383630001797,41.98897561300009,394
L11-802F,2.8259237130001225,41.98893891400013,395
L11-802F,2.825781409000058,41.98894440600009,396
L11-802F,2.825611444000117,41.988994373000025,397
L11-802F,2.8253018800000973,41.98917995800019,398
L11-802F,2.8252114569999662,41.989235752000184,399
L11-802F,2.8250156520000473,41.98922289900008,400
L11-802F,2.82454999100014,41.98942080100011,401
L11-802F,2.8244368660000987,41.98948092900014,402
L11-802F,2.8244298780000463,41.98935368100007,403
L11-802F,2.824557129000027,41.989356115000135,404
L11-802F,2.824950208000132,41.989180499000156,405
L11-802F,2.8252146010000843,41.98920493700001,406
L11-802F,2.8253295210001284,41.989142332000085,407
L11-802F,2.825588515999982,41.98898634700009,408
L11-802F,2.825652843000057,41.98896133400007,409
L11-802F,2.8257845080000266,41.988929572000075,410
L11-802F,2.8259298850001073,41.988919519000035,411
L11-802F,2.8260353620000274,41.988953921000075,412
L11-802F,2.82622359700008,41.98893708300005,413
L11-802F,2.8265292860000386,41.989051688000075,414
L11-802F,2.826616513000033,41.98904497100011,415
L11-802F,2.8266364530001056,41.98902673800012,416
L11-802F,2.8267760850001196,41.98887741900012,417
L11-802F,2.8269785229999798,41.98869965900013,418
L11-802F,2.8272389310000676,41.988584764000166,419
L11-802F,2.827361397000061,41.988559836000036,420
L11-802F,2.8275405120000414,41.98852015400013,421
L11-802F,2.8277640130001487,41.9884736890001,422
L11-802F,2.828013235000185,41.98842144100007,423
L11-802F,2.8281280620001326,41.988391935000095,424
L11-802F,2.828233717000103,41.988360132000025,425
L11-802F,2.8283057040001154,41.9883305620001,426
L11-802F,2.828377708000005,41.98829528400017,427
L11-802F,2.8284619670001803,41.988254318000145,428
L11-802F,2.8285599650001245,41.988224786000046,429
L11-802F,2.828654829000129,41.98822264500012,430
L11-802F,2.8289881300000843,41.988232337000056,431
L11-802F,2.8292686200000503,41.988221931000055,432
L11-802F,2.829512920000184,41.98818260899998,433
L11-802F,2.829745457000115,41.98813247600003,434
L11-802F,2.830002757000102,41.98808412800014,435
L11-802F,2.8302343920000226,41.98808154000005,436
L11-802F,2.8303508520000378,41.988114035000194,437
L11-802F,2.830473880999989,41.98818517700005,438
L11-802F,2.830592562000163,41.988265989000126,439
L11-802F,2.830739171999994,41.98841135100008,440
L11-802F,2.83090744499998,41.988540617000126,441
L11-802F,2.83106938200018,41.98861342700013,442
L11-802F,2.8312444810001693,41.98861368300015,443
L11-802F,2.8320921110001223,41.98846964500012,444
L11-802F,2.832148355000186,41.98845514200008,445
L11-802F,2.833714010000108,41.98788016900005,446
L11-802F,2.8337446730000693,41.98788373300016,447
L11-802F,2.8337658720001855,41.98789784600018,448
L11-802F,2.8337846330000502,41.987941879000175,449
L11-802F,2.833840675000033,41.988167270000076,450
L11-802F,2.833919782000123,41.988596883000184,451
L11-802F,2.8339155400001346,41.988652745000024,452
L11-802F,2.8244298780000463,41.98935368100007,453
L11-802F,2.8244368660000987,41.98948092900014,454
L11-802F,2.8244368660000987,41.98948092900014,455
L11-802F,2.8242460810000125,41.98960510300009,456
L11-802F,2.824131656000077,41.989655300000095,457
L11-802F,2.8239512280000554,41.989613932000054,458
L11-802F,2.8237219160001246,41.989545095000096,459
L11-802F,2.8235949920000962,41.989520932000175,460
L11-802F,2.823549125999989,41.98950830500007,461
L11-802F,2.822735254000179,41.98947509600009,462
L11-802F,2.822632694000049,41.98949320100007,463
L11-802F,2.822585239000091,41.98950226000005,464
L11-802F,2.8225576860000388,41.98950678300014,465
L11-802F,2.8224565810000968,41.98955228500017,466
L11-802F,2.822350874000165,41.989601205000156,467
L11-802F,2.8223156650001897,41.98960799900016,468
L11-802F,2.8222865790000924,41.98961366000003,469
L11-802F,2.8222651440000277,41.989619336000146,470
L11-802F,2.822234531000049,41.98962385400017,471
L11-802F,2.822194751000154,41.989623792000145,472
L11-802F,2.822164144000169,41.989626028000146,473
L11-802F,2.8221350810001695,41.98962370100003,474
L11-802F,2.822109074000082,41.98962251800003,475
L11-802F,2.822081546999982,41.989617911000096,476
L11-802F,2.8220540450000158,41.98960417100005,477
L11-802F,2.822029576000034,41.989599568000074,478
L11-802F,2.821997491000161,41.9895835370001,479
L11-802F,2.8219776290001164,41.98957323300016,480
L11-802F,2.821953191000034,41.989558357000135,481
L11-802F,2.821930279000071,41.98954462400019,482
L11-802F,2.8219012490001774,41.98952974200017,483
L11-802F,2.821879865000028,41.98951715200019,484
L11-802F,2.8218661360000397,41.989502292000054,485
L11-802F,2.821849353000175,41.98948514500012,486
L11-802F,2.8218356250000625,41.98947028500015,487
L11-802F,2.821818859000132,41.9894474300001,488
L11-802F,2.821808199000145,41.98942915100014,489
L11-802F,2.821795998000084,41.98941543500007,490
L11-802F,2.8217868580000527,41.98940058100004,491
L11-802F,2.821775581000111,41.98938756300004,492
L11-802F,2.8217706360001102,41.98936700200005,493
L11-802F,2.821767445000148,41.9893462500001,494
L11-802F,2.821766020000098,41.989325389000044,495
L11-802F,2.8217663680001124,41.989304501000106,496
L11-802F,2.8217684880001457,41.98928367300016,497
L11-802F,2.8217723720001118,41.98926298600014,498
L11-802F,2.8217780020000305,41.98924252400002,499
L11-802F,2.8217853570001807,41.989222370000164,500
L11-802F,2.821794409000063,41.989202603000194,501
L11-802F,2.8218051180001567,41.989183303000004,502
L11-802F,2.821817445000022,41.98916454700009,503
L11-802F,2.8218313379999813,41.98914641100015,504
L11-802F,2.8218434450001837,41.98912780500007,505
L11-802F,2.821856917000048,41.98910973000005,506
L11-802F,2.8218717100001527,41.989092239000115,507
L11-802F,2.821887782000033,41.98907538700013,508
L11-802F,2.8219050820000575,41.98905922500006,509
L11-802F,2.821923555000069,41.98904380400012,510
L11-802F,2.8219431460000237,41.98902917000015,511
L11-802F,2.821963794000112,41.989015371000164,512
L11-802F,2.8219854360001477,41.98900244500015,513
L11-802F,2.822008005000157,41.98899043500006,514
L11-802F,2.82203143300012,41.98897937700019,515
L11-802F,2.8220556460000807,41.98896930500007,516
L11-802F,2.8220705980000957,41.98896506600016,517
L11-802F,2.822083361000125,41.98895787500004,518
L11-802F,2.8220908690000783,41.98894379000018,519
L11-802F,2.82210638600003,41.98889431300012,520
L11-802F,2.8222524710001267,41.98827808300007,521
L11-802F,2.822241771000108,41.98817563800003,522
L11-802F,2.822202912000023,41.98804330000013,523
L11-802F,2.8221444110000675,41.98791383900016,524
L11-802F,2.821512714999983,41.98729876900006,525
L11-802F,2.8214334060000965,41.98720961400005,526
L11-802F,2.821364962000132,41.98706454500007,527
L11-802F,2.8213222220001626,41.987029094000036,528
L11-802F,2.8212274770000363,41.986988997000026,529
L11-802F,2.8211556750001137,41.986951219000105,530
L11-802F,2.8210396710001078,41.98685401600011,531
L11-802F,2.8209588990000043,41.98674088900009,532
L11-802F,2.8208933930001194,41.98664034000001,533
L11-802F,2.8207868460000896,41.98661100400011,534
L11-802F,2.820657381000103,41.986560990000044,535
L11-802F,2.8179454450000776,41.985891602000095,536
L11-802F,2.8177781170001026,41.985834454000155,537
L11-802F,2.8176992810001593,41.985772009000016,538
L11-802F,2.817296461000012,41.9853233500001,539
L11-802F,2.817181642000037,41.98517837400004,540
L11-802F,2.817048181000075,41.985154722000004,541
L11-802F,2.8169540680000296,41.98510476000018,542
L11-802F,2.816907530000094,41.98505265900019,543
L11-802F,2.816877475000183,41.98499058300001,544
L11-802F,2.815812305000179,41.98481407800011,545
L11-802F,2.814309395000123,41.98451757700013,546
L11-802F,2.8138248129999965,41.98445543900016,547
L11-802F,2.813409249000074,41.984474143000114,548
L11-802F,2.813055410000061,41.984506781000164,549
L11-802F,2.812981665000052,41.98453806300006,550
L11-802F,2.8129268120000575,41.98458507700008,551
L11-802F,2.8128004640000768,41.984613133000096,552
L11-802F,2.8126995070001612,41.984594128000026,553
L11-802F,2.8126065030000973,41.98455064500007,554
L11-802F,2.812301666000053,41.984629594000126,555
L11-802F,2.812166932000082,41.98464664500017,556
L11-802F,2.8120259410000585,41.98464484500005,557
L11-802F,2.8117082500001516,41.98462903300015,558
L11-802F,2.811701074000098,41.98462885500015,559
L11-802F,2.8116940330000944,41.98462780500006,560
L11-802F,2.8116873160001887,41.98462591300006,561
L11-802F,2.8116811040000016,41.98462322700004,562
L11-802F,2.8116755640000974,41.9846198190001,563
L11-802F,2.811670842000069,41.98461578400003,564
L11-802F,2.8116670700001123,41.98461122600003,565
L11-802F,2.811664343000132,41.98460626900004,566
L11-802F,2.811662740000088,41.98460104800006,567
L11-802F,2.8116627940000853,41.98459570200015,568
L11-802F,2.811679318000074,41.98443702500009,569
L11-802F,2.811775444000034,41.9832971190001,570
L11-802F,2.813123328000131,41.98363602000012,571
L11-802F,2.8132811560000732,41.98344175400007,572
L11-802F,2.8135753230001797,41.98302451800015,573
L11-802F,2.814707842000189,41.98147136900019,574
L11-802F,2.815364207000016,41.98174493800019,575
L11-802F,2.814744936000011,41.982595770000046,576
L11-802F,2.8139260430000377,41.98369961500015,577
L11-802F,2.813478344000032,41.98431409900019,578
L11-802F,2.81348715200005,41.98436530700019,579
L11-802F,2.8135267160001263,41.984382260000075,580
L11-802F,2.813659585000039,41.98436514200006,581
L11-802F,2.8139694750000785,41.984360004000166,582
L11-802F,2.814301859000068,41.98441692900019,583
L11-802F,2.8156388269999866,41.984689745000026,584
L11-802F,2.81674921400014,41.98491143500007,585
L11-802F,2.8168550579999874,41.98490032400014,586
L11-802F,2.816900599000121,41.98483273000005,587
L11-802F,2.8169612400000688,41.984770797000124,588
L11-802F,2.8170520790000637,41.984720191000065,589
L11-802F,2.817198071000064,41.98470095000016,590
L11-802F,2.8173154200001136,41.98472384700017,591
L11-802F,2.8174022740001874,41.98476616400001,592
L11-802F,2.817462962000036,41.984834395000064,593
L11-802F,2.8174930150001387,41.984970713000166,594
L11-802F,2.817527529000131,41.98506810400016,595
L11-802F,2.8176315280001063,41.985198050000065,596
L11-802F,2.818011616000149,41.98562698900014,597
L11-802F,2.8205421970001794,41.98626682700012,598
L11-802F,2.820944313000041,41.98638635300006,599
L11-802F,2.8209609329999807,41.98637567400016,600
L11-802F,2.8209786510000754,41.98636602800008,601
L11-802F,2.820997352000063,41.98635747600008,602
L11-802F,2.821016912999994,41.98635007399997,603
L11-802F,2.821037211000089,41.986343869999985,604
L11-802F,2.8210581110000703,41.986338905000025,605
L11-802F,2.8210794790000477,41.98633520900012,606
L11-802F,2.8211011750000807,41.98633280900009,607
L11-802F,2.821123059999991,41.98633171800009,608
L11-802F,2.821144993000132,41.986331944000085,609
L11-802F,2.8211668280000595,41.98633348700014,610
L11-802F,2.8211884280000845,41.9863363340001,611
L11-802F,2.821209650000071,41.98634046899997,612
L11-802F,2.821254183999997,41.98634976900007,613
L11-802F,2.8212982980001016,41.986360126000136,614
L11-802F,2.8213419439999825,41.98637152900005,615
L11-802F,2.821385082000006,41.98638396700005,616
L11-802F,2.8214276640001685,41.98639742600017,617
L11-802F,2.8214696460000823,41.986411893000025,618
L11-802F,2.821477403000131,41.98641646100009,619
L11-802F,2.8214859359999878,41.98642018200013,620
L11-802F,2.821495078000055,41.986422982000136,621
L11-802F,2.8215046530000336,41.98642480800015,622
L11-802F,2.8215144750001286,41.98642562400005,623
L11-802F,2.821524355000065,41.9864254150001,624
L11-802F,2.821534099000189,41.98642418300017,625
L11-802F,2.821543519000045,41.98642195400009,626
L11-802F,2.822209907000115,41.98610946600013,627
L11-802F,2.8223457320000875,41.986041445000126,628
L11-802F,2.8223889540001323,41.98601774500014,629
L11-802F,2.822400289000086,41.986006177000036,630
L11-802F,2.8224128680001286,41.98599534900006,631
L11-802F,2.8224266030001104,41.98598533500012,632
L11-802F,2.82244140500012,41.985976203000064,633
L11-802F,2.822457166999982,41.985968016000186,634
L11-802F,2.8224737850001134,41.985960830000124,635
L11-802F,2.822491141000114,41.985954696000135,636
L11-802F,2.8225892840001734,41.98594289700014,637
L11-802F,2.8227780010000743,41.985966870000084,638
L11-802F,2.8228948580000406,41.98600140400009,639
L11-802F,2.8232718970000974,41.98609534500014,640
L11-802F,2.8235047200000736,41.98538138500004,641
L11-802F,2.8234816860000933,41.98478770700012,642
L11-802F,2.8234106800001086,41.98453052100018,643
L11-802F,2.8230918930000826,41.98361498300011,644
L11-802F,2.8228004960000703,41.98273765400006,645
L11-802F,2.82269943100016,41.98232765100016,646
L11-802F,2.8226932290001514,41.98226092200002,647
L11-802F,2.822878656000114,41.982189722000044,648
L11-802F,2.8229938230001608,41.98211841400018,649
L11-802F,2.8230260350001686,41.98201838500012,650
L11-802F,2.8230842560000724,41.981751597000084,651
L11-802F,2.823163716000124,41.981194136000056,652
L11-802F,2.8231673530001444,41.981185307000146,653
L11-802F,2.823674082756043,41.982104147934756,654
L11-802F,2.823593616485596,41.982183901093904,655
L11-802F,2.8231805562973027,41.982187888749245,656
L11-802F,2.822391986846924,41.98230751829319,657
L11-802F,2.82175362110138,41.98245107344922,658
L11-802F,2.82100260257721,41.98241917233139,659
L11-802F,2.8199619054794316,41.98234340711251,660
L11-802F,2.8198438882827763,41.98274217041092,661
L11-802F,2.8198331594467168,41.98275014565141,662
L11-802F,2.81974196434021,41.983300434833154,663
L11-802F,2.8197097778320312,41.983583552776615,664
L11-802F,2.8200101852416997,41.98386268191101,665
L11-802F,2.8205198049545293,41.984428911538814,666
L11-802F,2.820514440536499,41.984416948993136,667
L11-802F,2.82075047492981,41.9846282869696,668
L11-802F,2.8218930959701543,41.9854975565525,669
L11-802F,2.8223168849945073,41.985804589302745,670
L11-802F,2.822467088699341,41.98590427494221,671
L11-802F,2.82274603843689,41.98592819947245,672
L11-802F,2.822762131690979,41.98609965834274,673
L11-802F,2.8225636482238774,41.986215293134094,674
L11-802F,2.82224714756012,41.9863588394794,675
L11-802F,2.8219306468963627,41.986486435959094,676
L11-802F,2.821678519248963,41.98662599431594,677
L11-802F,2.8217053413391113,41.98679346394034,678
L11-802F,2.821678519248963,41.98694897105423,679
L11-802F,2.821539044380188,41.98704068019974,680
L11-802F,2.821345925331116,41.9870446675509,681
L11-702F,2.8282830740001828,41.96707366500016,2
L11-702F,2.8283208650000233,41.96694204700009,3
L11-702F,2.8285989160000327,41.966134615000044,4
L11-702F,2.828687726000112,41.96588024000005,5
L11-702F,2.8287495880000506,41.965673008000124,6
L11-702F,2.8287922570001456,41.96547861600004,7
L11-702F,2.8288989470000843,41.96498548800008,8
L11-702F,2.8289203190000762,41.964873993000026,9
L11-702F,2.828949999000031,41.96482070300004,10
L11-702F,2.8289942340000493,41.964803183000015,11
L11-702F,2.8291468929999724,41.96477344400017,12
L11-702F,2.829301765000025,41.96480243900015,13
L11-702F,2.8294732270001646,41.9648638270001,14
L11-702F,2.829615034000085,41.964888009000106,15
L11-702F,2.8298050830001102,41.96489028900015,16
L11-702F,2.8299873940001703,41.964866009000104,17
L11-702F,2.830796062000104,41.96468197900015,18
L11-702F,2.8311845040000776,41.964566677000164,19
L11-702F,2.831465847000004,41.964461205000134,20
L11-702F,2.8316669900000306,41.964315661,21
L11-702F,2.8318040250001104,41.964118080000105,22
L11-702F,2.8318551670000716,41.96401027400009,23
L11-702F,2.831997713000135,41.963514781000185,24
L11-702F,2.8320145330001196,41.963469118000035,25
L11-702F,2.832977638000159,41.9636210650001,26
L11-702F,2.8325503660001345,41.96442359100007,27
L11-702F,2.8320324680000795,41.96539368100002,28
L11-702F,2.8318938260001687,41.96566085400019,29
L11-702F,2.8317458060001854,41.965850803000194,30
L11-702F,2.831273660000022,41.96617325000017,31
L11-702F,2.8311411900000394,41.96627743200008,32
L11-702F,2.8309992400000397,41.96634442499999,33
L11-702F,2.8309417160000976,41.96636292700015,34
L11-702F,2.8299178529999836,41.96666167800004,35
L11-702F,2.829030133999993,41.96691343700019,36
L11-702F,2.8282830740001828,41.96707366500016,37
L11-702F,2.8282830740001828,41.96707366500016,38
L11-702F,2.8282827390000875,41.96707483100005,39
L11-702F,2.827711217000058,41.96872984500004,40
L11-702F,2.8275355190000937,41.96920293500011,41
L11-702F,2.8273912130000554,41.96979441000008,42
L11-702F,2.8271671730001344,41.97055143900013,43
L11-702F,2.827054703000101,41.97109562500003,44
L11-702F,2.8269517220001603,41.97119738400016,45
L11-702F,2.826781929000049,41.971260229000166,46
L11-702F,2.826760992000004,41.97127589300004,47
L11-702F,2.8282830740001828,41.96707366500016,48
L11-702F,2.8274036700000806,41.967262269000116,49
L11-702F,2.827015268000082,41.96868770200018,50
L11-702F,2.826709605000133,41.969792706000135,51
L11-702F,2.8263820580000925,41.97101177700017,52
L11-702F,2.826380819999997,41.97104836000011,53
L11-702F,2.8263852560000373,41.9710664590001,54
L11-702F,2.826391347000083,41.97108428700017,55
L11-702F,2.82639906899999,41.97110176100017,56
L11-702F,2.8264083820001815,41.9711187960001,57
L11-702F,2.826419243000089,41.97113531400004,58
L11-702F,2.8264316010000243,41.971151234000104,59
L11-702F,2.8264453970001,41.97116648400009,60
L11-702F,2.8264605650001045,41.97118098800007,61
L11-702F,2.826477035000039,41.97119468000011,62
L11-702F,2.8264947270001244,41.97120749400011,63
L11-702F,2.826513559000091,41.97121937000003,64
L11-702F,2.8265334400000484,41.97123025100012,65
L11-702F,2.8265542770000707,41.97124008600014,66
L11-702F,2.826575971000068,41.9712488290001,67
L11-702F,2.8265984200000958,41.97125643600009,68
L11-702F,2.8266215160000456,41.97126287499998,69
L11-702F,2.826645152000026,41.97126811200019,70
L11-702F,2.826669213000173,41.971272124000166,71
L11-702F,2.8266935870000225,41.971274892,72
L11-702F,2.8267181590001087,41.97127640100007,73
L11-702F,2.826742811000031,41.97127664600015,74
L11-702F,2.826760992000004,41.97127589300004,75
L11-702F,2.826760992000004,41.97127589300004,76
L11-702F,2.8267674300001886,41.97127562600008,77
L11-702F,2.8267918949999853,41.97127334400005,78
L11-702F,2.826816091000069,41.971269812000116,79
L11-702F,2.8268399050000426,41.9712650460001,80
L11-702F,2.8268632240001352,41.97125907100002,81
L11-702F,2.8268859350001208,41.97125191099997,82
L11-702F,2.826907934000076,41.971243603000175,83
L11-702F,2.826929115000155,41.97123418500013,84
L11-702F,2.826949377000062,41.97122370400007,85
L11-702F,2.8269686260001663,41.971212207000065,86
L11-702F,2.826986770000076,41.97119974900011,87
L11-702F,2.827003722000029,41.97118638900008,88
L11-702F,2.827019402000076,41.971172191000164,89
L11-702F,2.8270337390001146,41.971157222000045,90
L11-702F,2.8270631919999687,41.971155268000075,91
L11-702F,2.827755876000083,41.97141002400019,92
L11-702F,2.827782556000159,41.971444027000075,93
L11-702F,2.8276640880001196,41.97169557100011,94
L11-702F,2.827444191000154,41.97225979800015,95
L11-702F,2.827394932000061,41.972418998000194,96
L11-702F,2.826760992000004,41.97127589300004,97
L11-702F,2.8267063800001324,41.971316752999996,98
L11-702F,2.826602972000103,41.97173980000014,99
L11-702F,2.8263677179999718,41.972787046000064,100
L11-702F,2.8266325480000773,41.97358863900007,101
L11-702F,2.827394932000061,41.972418998000194,102
L11-702F,2.827404495000053,41.972570245000156,103
L11-702F,2.8275308380001434,41.97333371000019,104
L11-702F,2.827554318000125,41.97345280700017,105
L11-702F,2.827554318000125,41.97345280700017,106
L11-702F,2.828569671000025,41.97336293500001,107
L11-702F,2.8306050160001064,41.97328806600012,108
L11-702F,2.830430308000018,41.97279574600009,109
L11-702F,2.8302115680000384,41.972402026,110
L11-702F,2.830115489000036,41.972165845999996,111
L11-702F,2.830006243000014,41.97192309000019,112
L11-702F,2.8297740860001,41.97161786300006,113
L11-702F,2.8296647360000975,41.97141444600004,114
L11-702F,2.8293833370000243,41.971446813000114,115
L11-702F,2.828759166000168,41.971750679000024,116
L11-702F,2.8287215250001623,41.971873635000065,117
L11-702F,2.828805564999982,41.97199285900018,118
L11-702F,2.8290782620001096,41.972364485000185,119
L11-702F,2.8287565210000025,41.97240936300017,120
L11-702F,2.8282096080001793,41.97246700000005,121
L11-702F,2.827551932999995,41.97243530200012,122
L11-702F,2.827451198999995,41.97242722500005,123
L11-702F,2.827394932000061,41.972418998000194,124
L11-702F,2.827554318000125,41.97345280700017,125
L11-702F,2.8268867230000296,41.973545483000066,126
L11-702F,2.8266325480000773,41.97358863900007,127
L11-702F,2.8266325480000773,41.97358863900007,128
L11-702F,2.8262298510000505,41.973657010000125,129
L11-702F,2.8250972420000267,41.97389591700011,130
L11-702F,2.82503185500002,41.973909047999996,131
L11-702F,2.8249428990001206,41.97392431600019,132
L11-702F,2.824929622000184,41.97392539500004,133
L11-702F,2.8249162670000487,41.973925217000044,134
L11-702F,2.8249030490000564,41.97392378400019,135
L11-702F,2.824890178000146,41.973921123000025,136
L11-702F,2.8248778600001856,41.97391727100006,137
L11-702F,2.824866288999999,41.97391229200008,138
L11-702F,2.8248556500001314,41.97390626600014,139
L11-702F,2.8248461150001276,41.9738992880001,140
L11-702F,2.8248268010001425,41.973887998000066,141
L11-702F,2.8248065970000766,41.97387761400006,142
L11-702F,2.8247855779999895,41.973868173000085,143
L11-702F,2.82476382100009,41.9738597110001,144
L11-702F,2.8247414110001614,41.973852262000094,145
L11-702F,2.824718431000065,41.973845852000125,146
L11-702F,2.8246949680001308,41.973840506000045,147
L11-702F,2.8246711090000076,41.97383624300011,148
L11-702F,2.824646944000051,41.973833080000134,149
L11-702F,2.8246225670001195,41.97383102900005,150
L11-702F,2.824598065000032,41.97383009700013,151
L11-702F,2.824573533000148,41.97383028900015,152
L11-702F,2.8245472690001066,41.973831743999995,153
L11-702F,2.824521190000155,41.97383448500017,154
L11-702F,2.824495410000168,41.9738385010001,155
L11-702F,2.8244700399999942,41.973843775000034,156
L11-702F,2.8244451910001658,41.97385028400015,157
L11-702F,2.8244209680000267,41.97385799900013,158
L11-702F,2.8243974790001403,41.97386688800009,159
L11-702F,2.8243748270000424,41.97387691,160
L11-702F,2.824353107000036,41.973888024000075,161
L11-702F,2.8243324139999686,41.97390018000016,162
L11-702F,2.8243128380001394,41.973913327000105,163
L11-702F,2.8242944650001505,41.97392740600009,164
L11-702F,2.824277373000143,41.973942357,165
L11-702F,2.8242616360001875,41.97395811700005,166
L11-702F,2.824247326000034,41.9739746140001,167
L11-702F,2.8242345000000455,41.97399177900019,168
L11-702F,2.8242232170001103,41.974009537000086,169
L11-702F,2.824213525000175,41.97402781000005,170
L11-702F,2.824205465000034,41.974046519000126,171
L11-702F,2.8241990730000452,41.974065584000186,172
L11-702F,2.824194379000005,41.974084921999975,173
L11-702F,2.8241903780001394,41.9741147850001,174
L11-702F,2.8241549090001286,41.97412008200007,175
L11-702F,2.8241381390001834,41.97412322000014,176
L11-702F,2.8233334130000003,41.97423831500015,177
L11-702F,2.8224418880000712,41.97439968800012,178
L11-702F,2.8222565259999897,41.97443524600004,179
L11-702F,2.8217370430000983,41.97453445100018,180
L11-702F,2.821226211999999,41.97463816600015,181
L11-702F,2.8208389970000667,41.97471710400009,182
L11-702F,2.8204940900001816,41.97478889200016,183
L11-702F,2.820495999000059,41.975083833000156,184
L11-702F,2.820510228000103,41.97575508000017,185
L11-702F,2.8204386090001208,41.97593368600019,186
L11-702F,2.8204699620001747,41.976123868000116,187
L11-702F,2.820772100000113,41.97669304700008,188
L11-702F,2.8208393050000495,41.976816134000046,189
L11-702F,2.8266325480000773,41.97358863900007,190
L11-702F,2.8266535890001023,41.97365232400011,191
L11-702F,2.8249326120001115,41.97401979400013,192
L11-702F,2.824941294000098,41.97403734100004,193
L11-702F,2.824948362000157,41.974055288000045,194
L11-702F,2.824953780000044,41.97407355100006,195
L11-702F,2.8249575270000946,41.97409204600007,196
L11-702F,2.82495958200019,41.97411068700006,197
L11-702F,2.8249599390001094,41.97412939100002,198
L11-702F,2.8249585940001225,41.97414806900014,199
L11-702F,2.824955553000109,41.97416663600018,200
L11-702F,2.8249508320001837,41.97418500700019,201
L11-702F,2.8249444499999754,41.9742030970001,202
L11-702F,2.8249364410001476,41.97422082000003,203
L11-702F,2.824926836000145,41.97423809900016,204
L11-702F,2.824915684000132,41.97425485000019,205
L11-702F,2.824903035000034,41.97427099800012,206
L11-702F,2.824888946000044,41.97428647000015,207
L11-702F,2.824873481000054,41.974301192000155,208
L11-702F,2.8248567170001024,41.9743150970001,209
L11-702F,2.8248387250000633,41.97432812200003,210
L11-702F,2.8248195900001747,41.97434020500009,211
L11-702F,2.8247994020000533,41.97435129100012,212
L11-702F,2.824778250999998,41.97436133100007,213
L11-702F,2.8247562360000416,41.97437027600017,214
L11-702F,2.824733459000015,41.97437808699999,215
L11-702F,2.824710024000126,41.97438472700003,216
L11-702F,2.824684585000057,41.97438933700005,217
L11-702F,2.8246588030000908,41.97439272500014,218
L11-702F,2.8246327830000837,41.974394876000076,219
L11-702F,2.8246066320000978,41.97439578200016,220
L11-702F,2.824580459000174,41.974395439000034,221
L11-702F,2.8245543670001325,41.97439384900008,222
L11-702F,2.824528464000025,41.97439101800012,223
L11-702F,2.8245028580000735,41.974386957000036,224
L11-702F,2.8244776500001194,41.974381684000036,225
L11-702F,2.824452947999987,41.974375218000034,226
L11-702F,2.8244288480001387,41.97436758800012,227
L11-702F,2.8244054520001782,41.97435882400009,228
L11-702F,2.8243828540000777,41.97434896300007,229
L11-702F,2.824361146000058,41.97433804400015,230
L11-702F,2.824340419000009,41.974326112000085,231
L11-702F,2.824320754999974,41.974313215000166,232
L11-702F,2.8243022350000615,41.97429940800015,233
L11-702F,2.8242849370000727,41.97428474500009,234
L11-702F,2.8242689320000522,41.97426928800013,235
L11-702F,2.8242542809999804,41.97425309800008,236
L11-702F,2.824241046000054,41.97423624400011,237
L11-702F,2.8242292820001467,41.974218792000045,238
L11-702F,2.824227695000104,41.97421373400016,239
L11-702F,2.824225040000158,41.974208932000124,240
L11-702F,2.8242213870001365,41.974204510000106,241
L11-702F,2.824216829000079,41.97420058200015,242
L11-702F,2.824211487000184,41.97419725200007,243
L11-702F,2.824205496000161,41.97419460399999,244
L11-702F,2.8241990150000333,41.97419270800003,245
L11-702F,2.824192210000092,41.974191613000016,246
L11-702F,2.824185257000181,41.97419134600011,247
L11-702F,2.8241783370000917,41.97419191700004,248
L11-702F,2.8241716300000235,41.97419330800011,249
L11-702F,2.8241653090000796,41.974195485000166,250
L11-702F,2.8240335260001075,41.97421303300001,251
L11-702F,2.823211694000179,41.974330557000144,252
L11-702F,2.822519612999997,41.97444088800012,253
L11-702F,2.8222177970000644,41.97448777200009,254
L11-702F,2.8218098590000977,41.97457310500016,255
L11-702F,2.820520493000174,41.974837566000076,256
L11-702F,2.82055396200019,41.975758348000056,257
L11-702F,2.820499017000145,41.97590139300013,258
L11-702F,2.820508883000059,41.97604815300019,259
L11-702F,2.8205709090000823,41.976216503000046,260
L11-702F,2.8208695060001787,41.97679164900006,261
L11-702F,2.8208393050000495,41.976816134000046,262
L11-702F,2.8208393050000495,41.976816134000046,263
L11-702F,2.8210634550001146,41.97722666300018,264
L11-702F,2.8215832650001857,41.978158349000125,265
L11-702F,2.821852794000165,41.97851655900013,266
L11-702F,2.8222036650001314,41.97871233600006,267
L11-702F,2.822436616000175,41.978817507000144,268
L11-702F,2.822559836000039,41.97892832399998,269
L11-702F,2.822665018000066,41.97893391700018,270
L11-702F,2.8227923920001103,41.978811076000056,271
L11-702F,2.8236238739999635,41.97888077300007,272
L11-702F,2.8237134400001196,41.97891211400008,273
L11-702F,2.823633692000101,41.979486940000015,274
L11-702F,2.82348866000018,41.98031451000014,275
L11-702F,2.8234025860001566,41.980595753000046,276
L11-702F,2.823280018000105,41.98091186400018,277
L11-702F,2.8231673530001444,41.981185307000146,278
L11-702F,2.8208393050000495,41.976816134000046,279
L11-702F,2.8207942040001512,41.976852698000016,280
L11-702F,2.8197253730000966,41.977062256000124,281
L11-702F,2.8204255910001166,41.978503956000054,282
L11-702F,2.821262832000002,41.97941940200013,283
L11-702F,2.8218716910000694,41.98007811299999,284
L11-702F,2.8205083480001463,41.98089319600001,285
L11-702F,2.8201886840001293,41.98140669600008,286
L11-702F,2.821748135000121,41.98126787400014,287
L11-702F,2.8227375399999914,41.98116432299997,288
L11-702F,2.8230992310001852,41.981184474000145,289
L11-702F,2.8231673530001444,41.981185307000146,290
L11-702F,2.8231673530001444,41.981185307000146,291
L11-702F,2.823241818000156,41.98118621800012,292
L11-702F,2.8237221430000545,41.98121896800018,293
L11-702F,2.8236840320001875,41.98142928700008,294
L11-702F,2.823642156000062,41.981611147000194,295
L11-702F,2.8236060080001266,41.98185917200004,296
L11-702F,2.8237033910000946,41.98221685800013,297
L11-702F,2.823747853000043,41.98234965700004,298
L11-702F,2.823860075000084,41.98268980400019,299
L11-702F,2.823886707000156,41.982738414000096,300
L11-702F,2.8243829969999865,41.98273368000008,301
L11-702F,2.824592894000034,41.98304593200015,302
L11-702F,2.82469882200013,41.98320051500008,303
L11-702F,2.8248239690000787,41.983285848000094,304
L11-702F,2.825075234000167,41.98363297600008,305
L11-702F,2.8252115170001844,41.98382826900013,306
L11-702F,2.825389122000047,41.98410378700004,307
L11-702F,2.825499859000047,41.98426998000019,308
L11-702F,2.8255776560001777,41.98440163200007,309
L11-702F,2.8256491830001096,41.98457986200009,310
L11-702F,2.8256812310001465,41.98467237400007,311
L11-702F,2.825688962000129,41.98470288500005,312
L11-702F,2.8256760220001524,41.98472891000017,313
L11-702F,2.8255900530000417,41.984737004000124,314
L11-702F,2.8251323020000996,41.984783677000166,315
L11-702F,2.8250915760000908,41.98478941200017,316
L11-702F,2.825053412000159,41.984813209000095,317
L11-702F,2.8250418520000835,41.984837913000035,318
L11-702F,2.825050979000025,41.98488300299999,319
L11-702F,2.82504773200003,41.98492563000008,320
L11-702F,2.825009692000094,41.98517605200004,321
L11-702F,2.8249796620000893,41.98530508900012,322
L11-702F,2.8249571370000695,41.98540279000014,323
L11-702F,2.824972200000161,41.98553577900003,324
L11-702F,2.824977959000023,41.98562063200001,325
L11-702F,2.8249513070001058,41.98573044100016,326
L11-702F,2.8247766050000678,41.98617140600015,327
L11-702F,2.82464802200019,41.9864715600001,328
L11-702F,2.824573828000041,41.9866495600001,329
L11-702F,2.8244818549999877,41.986764472000175,330
L11-702F,2.8244119899999873,41.986856061000026,331
L11-702F,2.824380516000076,41.98691051200018,332
L11-702F,2.8243699840001,41.98694336800003,333
L11-702F,2.8242803040001263,41.98723830700004,334
L11-702F,2.8242473990001713,41.98734283500016,335
L11-702F,2.8241836690000355,41.987387731000126,336
L11-702F,2.824150763000148,41.987492257999975,337
L11-702F,2.824147541000059,41.98756327799998,338
L11-702F,2.824169973000153,41.98774386500014,339
L11-702F,2.8242024270001593,41.98792767300006,340
L11-702F,2.824200689000179,41.98799550100017,341
L11-702F,2.824038196000174,41.98810959899998,342
L11-702F,2.8239584200001104,41.988172741000085,343
L11-702F,2.8239420220000397,41.98822237000019,344
L11-702F,2.8239563110000176,41.98835723700006,345
L11-702F,2.8239956660000303,41.98870881400012,346
L11-702F,2.8240162450000525,41.98886241700012,347
L11-702F,2.824127077000128,41.98906015600005,348
L11-702F,2.824229607999996,41.98923846000008,349
L11-702F,2.8244298780000463,41.98935368100007,350
L11-702F,2.8339155400001346,41.988652745000024,351
L11-702F,2.833918726000036,41.98867302500008,352
L11-702F,2.8339155400001346,41.988652745000024,353
L11-702F,2.833918726000036,41.98867302500008,354
L11-702F,2.833918726000036,41.98867302500008,355
L11-702F,2.833822446000056,41.988713804000156,356
L11-702F,2.8336594050001622,41.98871378200016,357
L11-702F,2.833198740000114,41.98868043400006,358
L11-702F,2.8329198400001587,41.988684566000074,359
L11-702F,2.8327008630000705,41.9887236620001,360
L11-702F,2.832323233000068,41.988824466000096,361
L11-702F,2.8321504960001107,41.98849763100014,362
L11-702F,2.831259474000092,41.98866525100016,363
L11-702F,2.8310409650000565,41.98864599100017,364
L11-702F,2.8308718579999663,41.988577975000055,365
L11-702F,2.8307152830000746,41.988453246999995,366
L11-702F,2.8305621660001066,41.98831593900019,367
L11-702F,2.8304339810000556,41.98822545400009,368
L11-702F,2.830320542000038,41.98815133199997,369
L11-702F,2.830226325000126,41.98812233300015,370
L11-702F,2.83001425000009,41.98812081800014,371
L11-702F,2.8297540000000367,41.988169718999984,372
L11-702F,2.8295321670000817,41.98821871300015,373
L11-702F,2.8292757820000816,41.98825621400016,374
L11-702F,2.8289816500000597,41.98826098799998,375
L11-702F,2.8286496230000466,41.98823905100005,376
L11-702F,2.8285598910001113,41.988252181000064,377
L11-702F,2.8284664800000883,41.98828286000003,378
L11-702F,2.8283423990000642,41.9883397480001,379
L11-702F,2.8282474270001785,41.988381840000045,380
L11-702F,2.828129529000023,41.9884159070001,381
L11-702F,2.827967249999972,41.98845333200012,382
L11-702F,2.8278202900000906,41.98848393200018,383
L11-702F,2.8277391610000677,41.988498649000064,384
L11-702F,2.827685588000122,41.988507700000184,385
L11-702F,2.82754811500007,41.98853728700004,386
L11-702F,2.827362882999978,41.98857581800013,387
L11-702F,2.827246541000136,41.98859961400012,388
L11-702F,2.826998377000052,41.98871338600014,389
L11-702F,2.826788279000084,41.98889455900013,390
L11-702F,2.8266302430001247,41.9890598290001,391
L11-702F,2.826526179000041,41.98906880500016,392
L11-702F,2.8262189480001325,41.98895876400019,393
L11-702F,2.8260383630001797,41.98897561300009,394
L11-702F,2.8259237130001225,41.98893891400013,395
L11-702F,2.825781409000058,41.98894440600009,396
L11-702F,2.825611444000117,41.988994373000025,397
L11-702F,2.8253018800000973,41.98917995800019,398
L11-702F,2.8252114569999662,41.989235752000184,399
L11-702F,2.8250156520000473,41.98922289900008,400
L11-702F,2.82454999100014,41.98942080100011,401
L11-702F,2.8244368660000987,41.98948092900014,402
L11-702F,2.8244298780000463,41.98935368100007,403
L11-702F,2.824557129000027,41.989356115000135,404
L11-702F,2.824950208000132,41.989180499000156,405
L11-702F,2.8252146010000843,41.98920493700001,406
L11-702F,2.8253295210001284,41.989142332000085,407
L11-702F,2.825588515999982,41.98898634700009,408
L11-702F,2.825652843000057,41.98896133400007,409
L11-702F,2.8257845080000266,41.988929572000075,410
L11-702F,2.8259298850001073,41.988919519000035,411
L11-702F,2.8260353620000274,41.988953921000075,412
L11-702F,2.82622359700008,41.98893708300005,413
L11-702F,2.8265292860000386,41.989051688000075,414
L11-702F,2.826616513000033,41.98904497100011,415
L11-702F,2.8266364530001056,41.98902673800012,416
L11-702F,2.8267760850001196,41.98887741900012,417
L11-702F,2.8269785229999798,41.98869965900013,418
L11-702F,2.8272389310000676,41.988584764000166,419
L11-702F,2.827361397000061,41.988559836000036,420
L11-702F,2.8275405120000414,41.98852015400013,421
L11-702F,2.8277640130001487,41.9884736890001,422
L11-702F,2.828013235000185,41.98842144100007,423
L11-702F,2.8281280620001326,41.988391935000095,424
L11-702F,2.828233717000103,41.988360132000025,425
L11-702F,2.8283057040001154,41.9883305620001,426
L11-702F,2.828377708000005,41.98829528400017,427
L11-702F,2.8284619670001803,41.988254318000145,428
L11-702F,2.8285599650001245,41.988224786000046,429
L11-702F,2.828654829000129,41.98822264500012,430
L11-702F,2.8289881300000843,41.988232337000056,431
L11-702F,2.8292686200000503,41.988221931000055,432
L11-702F,2.829512920000184,41.98818260899998,433
L11-702F,2.829745457000115,41.98813247600003,434
L11-702F,2.830002757000102,41.98808412800014,435
L11-702F,2.8302343920000226,41.98808154000005,436
L11-702F,2.8303508520000378,41.988114035000194,437
L11-702F,2.830473880999989,41.98818517700005,438
L11-702F,2.830592562000163,41.988265989000126,439
L11-702F,2.830739171999994,41.98841135100008,440
L11-702F,2.83090744499998,41.988540617000126,441
L11-702F,2.83106938200018,41.98861342700013,442
L11-702F,2.8312444810001693,41.98861368300015,443
L11-702F,2.8320921110001223,41.98846964500012,444
L11-702F,2.832148355000186,41.98845514200008,445
L11-702F,2.833714010000108,41.98788016900005,446
L11-702F,2.8337446730000693,41.98788373300016,447
L11-702F,2.8337658720001855,41.98789784600018,448
L11-702F,2.8337846330000502,41.987941879000175,449
L11-702F,2.833840675000033,41.988167270000076,450
L11-702F,2.833919782000123,41.988596883000184,451
L11-702F,2.8339155400001346,41.988652745000024,452
L11-702F,2.8244298780000463,41.98935368100007,453
L11-702F,2.8244368660000987,41.98948092900014,454
L11-702F,2.8244368660000987,41.98948092900014,455
L11-702F,2.8242460810000125,41.98960510300009,456
L11-702F,2.824131656000077,41.989655300000095,457
L11-702F,2.8239512280000554,41.989613932000054,458
L11-702F,2.8237219160001246,41.989545095000096,459
L11-702F,2.8235949920000962,41.989520932000175,460
L11-702F,2.823549125999989,41.98950830500007,461
L11-702F,2.822735254000179,41.98947509600009,462
L11-702F,2.822632694000049,41.98949320100007,463
L11-702F,2.822585239000091,41.98950226000005,464
L11-702F,2.8225576860000388,41.98950678300014,465
L11-702F,2.8224565810000968,41.98955228500017,466
L11-702F,2.822350874000165,41.989601205000156,467
L11-702F,2.8223156650001897,41.98960799900016,468
L11-702F,2.8222865790000924,41.98961366000003,469
L11-702F,2.8222651440000277,41.989619336000146,470
L11-702F,2.822234531000049,41.98962385400017,471
L11-702F,2.822194751000154,41.989623792000145,472
L11-702F,2.822164144000169,41.989626028000146,473
L11-702F,2.8221350810001695,41.98962370100003,474
L11-702F,2.822109074000082,41.98962251800003,475
L11-702F,2.822081546999982,41.989617911000096,476
L11-702F,2.8220540450000158,41.98960417100005,477
L11-702F,2.822029576000034,41.989599568000074,478
L11-702F,2.821997491000161,41.9895835370001,479
L11-702F,2.8219776290001164,41.98957323300016,480
L11-702F,2.821953191000034,41.989558357000135,481
L11-702F,2.821930279000071,41.98954462400019,482
L11-702F,2.8219012490001774,41.98952974200017,483
L11-702F,2.821879865000028,41.98951715200019,484
L11-702F,2.8218661360000397,41.989502292000054,485
L11-702F,2.821849353000175,41.98948514500012,486
L11-702F,2.8218356250000625,41.98947028500015,487
L11-702F,2.821818859000132,41.9894474300001,488
L11-702F,2.821808199000145,41.98942915100014,489
L11-702F,2.821795998000084,41.98941543500007,490
L11-702F,2.8217868580000527,41.98940058100004,491
L11-702F,2.821775581000111,41.98938756300004,492
L11-702F,2.8217706360001102,41.98936700200005,493
L11-702F,2.821767445000148,41.9893462500001,494
L11-702F,2.821766020000098,41.989325389000044,495
L11-702F,2.8217663680001124,41.989304501000106,496
L11-702F,2.8217684880001457,41.98928367300016,497
L11-702F,2.8217723720001118,41.98926298600014,498
L11-702F,2.8217780020000305,41.98924252400002,499
L11-702F,2.8217853570001807,41.989222370000164,500
L11-702F,2.821794409000063,41.989202603000194,501
L11-702F,2.8218051180001567,41.989183303000004,502
L11-702F,2.821817445000022,41.98916454700009,503
L11-702F,2.8218313379999813,41.98914641100015,504
L11-702F,2.8218434450001837,41.98912780500007,505
L11-702F,2.821856917000048,41.98910973000005,506
L11-702F,2.8218717100001527,41.989092239000115,507
L11-702F,2.821887782000033,41.98907538700013,508
L11-702F,2.8219050820000575,41.98905922500006,509
L11-702F,2.821923555000069,41.98904380400012,510
L11-702F,2.8219431460000237,41.98902917000015,511
L11-702F,2.821963794000112,41.989015371000164,512
L11-702F,2.8219854360001477,41.98900244500015,513
L11-702F,2.822008005000157,41.98899043500006,514
L11-702F,2.82203143300012,41.98897937700019,515
L11-702F,2.8220556460000807,41.98896930500007,516
L11-702F,2.8220705980000957,41.98896506600016,517
L11-702F,2.822083361000125,41.98895787500004,518
L11-702F,2.8220908690000783,41.98894379000018,519
L11-702F,2.82210638600003,41.98889431300012,520
L11-702F,2.8222524710001267,41.98827808300007,521
L11-702F,2.822241771000108,41.98817563800003,522
L11-702F,2.822202912000023,41.98804330000013,523
L11-702F,2.8221444110000675,41.98791383900016,524
L11-702F,2.821512714999983,41.98729876900006,525
L11-702F,2.8214334060000965,41.98720961400005,526
L11-702F,2.821364962000132,41.98706454500007,527
L11-702F,2.8213222220001626,41.987029094000036,528
L11-702F,2.8212274770000363,41.986988997000026,529
L11-702F,2.8211556750001137,41.986951219000105,530
L11-702F,2.8210396710001078,41.98685401600011,531
L11-702F,2.8209588990000043,41.98674088900009,532
L11-702F,2.8208933930001194,41.98664034000001,533
L11-702F,2.8207868460000896,41.98661100400011,534
L11-702F,2.820657381000103,41.986560990000044,535
L11-702F,2.8179454450000776,41.985891602000095,536
L11-702F,2.8177781170001026,41.985834454000155,537
L11-702F,2.8176992810001593,41.985772009000016,538
L11-702F,2.817296461000012,41.9853233500001,539
L11-702F,2.817181642000037,41.98517837400004,540
L11-702F,2.817048181000075,41.985154722000004,541
L11-702F,2.8169540680000296,41.98510476000018,542
L11-702F,2.816907530000094,41.98505265900019,543
L11-702F,2.816877475000183,41.98499058300001,544
L11-702F,2.815812305000179,41.98481407800011,545
L11-702F,2.814309395000123,41.98451757700013,546
L11-702F,2.8138248129999965,41.98445543900016,547
L11-702F,2.813409249000074,41.984474143000114,548
L11-702F,2.813055410000061,41.984506781000164,549
L11-702F,2.812981665000052,41.98453806300006,550
L11-702F,2.8129268120000575,41.98458507700008,551
L11-702F,2.8128004640000768,41.984613133000096,552
L11-702F,2.8126995070001612,41.984594128000026,553
L11-702F,2.8126065030000973,41.98455064500007,554
L11-702F,2.812301666000053,41.984629594000126,555
L11-702F,2.812166932000082,41.98464664500017,556
L11-702F,2.8120259410000585,41.98464484500005,557
L11-702F,2.8117082500001516,41.98462903300015,558
L11-702F,2.811701074000098,41.98462885500015,559
L11-702F,2.8116940330000944,41.98462780500006,560
L11-702F,2.8116873160001887,41.98462591300006,561
L11-702F,2.8116811040000016,41.98462322700004,562
L11-702F,2.8116755640000974,41.9846198190001,563
L11-702F,2.811670842000069,41.98461578400003,564
L11-702F,2.8116670700001123,41.98461122600003,565
L11-702F,2.811664343000132,41.98460626900004,566
L11-702F,2.811662740000088,41.98460104800006,567
L11-702F,2.8116627940000853,41.98459570200015,568
L11-702F,2.811679318000074,41.98443702500009,569
L11-702F,2.811775444000034,41.9832971190001,570
L11-702F,2.813123328000131,41.98363602000012,571
L11-702F,2.8132811560000732,41.98344175400007,572
L11-702F,2.8135753230001797,41.98302451800015,573
L11-702F,2.814707842000189,41.98147136900019,574
L11-702F,2.815364207000016,41.98174493800019,575
L11-702F,2.814744936000011,41.982595770000046,576
L11-702F,2.8139260430000377,41.98369961500015,577
L11-702F,2.813478344000032,41.98431409900019,578
L11-702F,2.81348715200005,41.98436530700019,579
L11-702F,2.8135267160001263,41.984382260000075,580
L11-702F,2.813659585000039,41.98436514200006,581
L11-702F,2.8139694750000785,41.984360004000166,582
L11-702F,2.814301859000068,41.98441692900019,583
L11-702F,2.8156388269999866,41.984689745000026,584
L11-702F,2.81674921400014,41.98491143500007,585
L11-702F,2.8168550579999874,41.98490032400014,586
L11-702F,2.816900599000121,41.98483273000005,587
L11-702F,2.8169612400000688,41.984770797000124,588
L11-702F,2.8170520790000637,41.984720191000065,589
L11-702F,2.817198071000064,41.98470095000016,590
L11-702F,2.8173154200001136,41.98472384700017,591
L11-702F,2.8174022740001874,41.98476616400001,592
L11-702F,2.817462962000036,41.984834395000064,593
L11-702F,2.8174930150001387,41.984970713000166,594
L11-702F,2.817527529000131,41.98506810400016,595
L11-702F,2.8176315280001063,41.985198050000065,596
L11-702F,2.818011616000149,41.98562698900014,597
L11-702F,2.8205421970001794,41.98626682700012,598
L11-702F,2.820944313000041,41.98638635300006,599
L11-702F,2.8209609329999807,41.98637567400016,600
L11-702F,2.8209786510000754,41.98636602800008,601
L11-702F,2.820997352000063,41.98635747600008,602
L11-702F,2.821016912999994,41.98635007399997,603
L11-702F,2.821037211000089,41.986343869999985,604
L11-702F,2.8210581110000703,41.986338905000025,605
L11-702F,2.8210794790000477,41.98633520900012,606
L11-702F,2.8211011750000807,41.98633280900009,607
L11-702F,2.821123059999991,41.98633171800009,608
L11-702F,2.821144993000132,41.986331944000085,609
L11-702F,2.8211668280000595,41.98633348700014,610
L11-702F,2.8211884280000845,41.9863363340001,611
L11-702F,2.821209650000071,41.98634046899997,612
L11-702F,2.821254183999997,41.98634976900007,613
L11-702F,2.8212982980001016,41.986360126000136,614
L11-702F,2.8213419439999825,41.98637152900005,615
L11-702F,2.821385082000006,41.98638396700005,616
L11-702F,2.8214276640001685,41.98639742600017,617
L11-702F,2.8214696460000823,41.986411893000025,618
L11-702F,2.821477403000131,41.98641646100009,619
L11-702F,2.8214859359999878,41.98642018200013,620
L11-702F,2.821495078000055,41.986422982000136,621
L11-702F,2.8215046530000336,41.98642480800015,622
L11-702F,2.8215144750001286,41.98642562400005,623
L11-702F,2.821524355000065,41.9864254150001,624
L11-702F,2.821534099000189,41.98642418300017,625
L11-702F,2.821543519000045,41.98642195400009,626
L11-702F,2.822209907000115,41.98610946600013,627
L11-702F,2.8223457320000875,41.986041445000126,628
L11-702F,2.8223889540001323,41.98601774500014,629
L11-702F,2.822400289000086,41.986006177000036,630
L11-702F,2.8224128680001286,41.98599534900006,631
L11-702F,2.8224266030001104,41.98598533500012,632
L11-702F,2.82244140500012,41.985976203000064,633
L11-702F,2.822457166999982,41.985968016000186,634
L11-702F,2.8224737850001134,41.985960830000124,635
L11-702F,2.822491141000114,41.985954696000135,636
L11-702F,2.8225892840001734,41.98594289700014,637
L11-702F,2.8227780010000743,41.985966870000084,638
L11-702F,2.8228948580000406,41.98600140400009,639
L11-702F,2.8232718970000974,41.98609534500014,640
L11-702F,2.8235047200000736,41.98538138500004,641
L11-702F,2.8234816860000933,41.98478770700012,642
L11-702F,2.8234106800001086,41.98453052100018,643
L11-702F,2.8230918930000826,41.98361498300011,644
L11-702F,2.8228004960000703,41.98273765400006,645
L11-702F,2.82269943100016,41.98232765100016,646
L11-702F,2.8226932290001514,41.98226092200002,647
L11-702F,2.822878656000114,41.982189722000044,648
L11-702F,2.8229938230001608,41.98211841400018,649
L11-702F,2.8230260350001686,41.98201838500012,650
L11-702F,2.8230842560000724,41.981751597000084,651
L11-702F,2.823163716000124,41.981194136000056,652
L11-702F,2.8231673530001444,41.981185307000146,653
L11-702F,2.823674082756043,41.982104147934756,654
L11-702F,2.823593616485596,41.982183901093904,655
L11-702F,2.8231805562973027,41.982187888749245,656
L11-702F,2.822391986846924,41.98230751829319,657
L11-702F,2.82175362110138,41.98245107344922,658
L11-702F,2.82100260257721,41.98241917233139,659
L11-702F,2.8199619054794316,41.98234340711251,660
L11-702F,2.8198438882827763,41.98274217041092,661
L11-702F,2.8198331594467168,41.98275014565141,662
L11-702F,2.81974196434021,41.983300434833154,663
L11-702F,2.8197097778320312,41.983583552776615,664
L11-702F,2.8200101852416997,41.98386268191101,665
L11-702F,2.8205198049545293,41.984428911538814,666
L11-702F,2.820514440536499,41.984416948993136,667
L11-702F,2.82075047492981,41.9846282869696,668
L11-702F,2.8218930959701543,41.9854975565525,669
L11-702F,2.8223168849945073,41.985804589302745,670
L11-702F,2.822467088699341,41.98590427494221,671
L11-702F,2.82274603843689,41.98592819947245,672
L11-702F,2.822762131690979,41.98609965834274,673
L11-702F,2.8225636482238774,41.986215293134094,674
L11-702F,2.82224714756012,41.9863588394794,675
L11-702F,2.8219306468963627,41.986486435959094,676
L11-702F,2.821678519248963,41.98662599431594,677
L11-702F,2.8217053413391113,41.98679346394034,678
L11-702F,2.821678519248963,41.98694897105423,679
L11-702F,2.821539044380188,41.98704068019974,680
L11-702F,2.821345925331116,41.9870446675509,681
L1-301,2.80754,41.95134,2
L1-301,2.80762,41.95132,3
L1-301,2.80766,41.95131,4
L1-301,2.8081,41.95122,5
L1-301,2.80839,41.95115,6
L1-301,2.80844,41.95114,7
L1-301,2.8088,41.95106,8
L1-301,2.80885,41.95105,9
L1-301,2.80892,41.95104,10
L1-301,2.8091,41.95102,11
L1-301,2.80921,41.951,12
L1-301,2.80923,41.951,13
L1-301,2.80931,41.95098,14
L1-301,2.80936,41.95098,15
L1-301,2.80965,41.95094,16
L1-301,2.80973,41.95094,17
L1-301,2.80993,41.95094,18
L1-301,2.81003,41.95095,19
L1-301,2.81017,41.95099,20
L1-301,2.8103,41.95104,21
L1-301,2.81044,41.95109,22
L1-301,2.8106,41.95116,23
L1-301,2.8107,41.9512,24
L1-301,2.81098,41.95128,25
L1-301,2.81108,41.95129,26
L1-301,2.81115,41.9513,27
L1-301,2.81139,41.9513,28
L1-301,2.81152,41.95129,29
L1-301,2.8117,41.95128,30
L1-301,2.81186,41.95126,31
L1-301,2.81197,41.95125,32
L1-301,2.81217,41.95122,33
L1-301,2.81258,41.95118,34
L1-301,2.81266,41.95117,35
L1-301,2.8128,41.95116,36
L1-301,2.81281,41.95116,37
L1-301,2.81297,41.95114,38
L1-301,2.813,41.95113,39
L1-301,2.81306,41.95114,40
L1-301,2.81313,41.95114,41
L1-301,2.81327,41.95114,42
L1-301,2.8138,41.95119,43
L1-301,2.81395,41.95121,44
L1-301,2.81396,41.95121,45
L1-301,2.81416,41.95123,46
L1-301,2.81434,41.95123,47
L1-301,2.8144,41.95123,48
L1-301,2.81466,41.95122,49
L1-301,2.81472,41.95122,50
L1-301,2.81481,41.95122,51
L1-301,2.81516,41.95121,52
L1-301,2.81548,41.95119,53
L1-301,2.8157,41.95119,54
L1-301,2.81593,41.95118,55
L1-301,2.8161,41.95117,56
L1-301,2.81621,41.95115,57
L1-301,2.81644,41.95111,58
L1-301,2.81666,41.95122,59
L1-301,2.81676,41.95128,60
L1-301,2.81685,41.95134,61
L1-301,2.81692,41.95139,62
L1-301,2.81698,41.95145,63
L1-301,2.81705,41.95155,64
L1-301,2.81707,41.9516,65
L1-301,2.81709,41.95167,66
L1-301,2.81718,41.95186,67
L1-301,2.81724,41.95199,68
L1-301,2.81728,41.95204,69
L1-301,2.8173,41.95207,70
L1-301,2.81735,41.9521,71
L1-301,2.81743,41.95216,72
L1-301,2.81746,41.95222,73
L1-301,2.81755,41.95235,74
L1-301,2.81784,41.95266,75
L1-301,2.81789,41.95276,76
L1-301,2.8179,41.95276,77
L1-301,2.81791,41.95276,78
L1-301,2.81792,41.95276,79
L1-301,2.81793,41.95276,80
L1-301,2.81794,41.95276,81
L1-301,2.81794,41.95277,82
L1-301,2.81795,41.95277,83
L1-301,2.81795,41.95278,84
L1-301,2.81796,41.95278,85
L1-301,2.81796,41.95279,86
L1-301,2.81796,41.9528,87
L1-301,2.81796,41.95281,88
L1-301,2.81796,41.95282,89
L1-301,2.81795,41.95282,90
L1-301,2.81799,41.95286,91
L1-301,2.81814,41.95318,92
L1-301,2.81812,41.95326,93
L1-301,2.81815,41.95334,94
L1-301,2.81819,41.95342,95
L1-301,2.81824,41.9535,96
L1-301,2.81846,41.9538,97
L1-301,2.81856,41.95392,98
L1-301,2.81873,41.95412,99
L1-301,2.81888,41.95431,100
L1-301,2.81904,41.95453,101
L1-301,2.81934,41.95489,102
L1-301,2.81943,41.955,103
L1-301,2.81944,41.95501,104
L1-301,2.81952,41.95513,105
L1-301,2.81962,41.95529,106
L1-301,2.81967,41.95541,107
L1-301,2.81971,41.9555,108
L1-301,2.81973,41.95554,109
L1-301,2.81978,41.9557,110
L1-301,2.81982,41.95585,111
L1-301,2.81984,41.95599,112
L1-301,2.81986,41.95613,113
L1-301,2.81987,41.95623,114
L1-301,2.81989,41.95632,115
L1-301,2.81991,41.95655,116
L1-301,2.81993,41.95673,117
L1-301,2.81993,41.95679,118
L1-301,2.81994,41.95685,119
L1-301,2.81992,41.95702,120
L1-301,2.81991,41.95718,121
L1-301,2.81991,41.95723,122
L1-301,2.81989,41.95742,123
L1-301,2.81988,41.95749,124
L1-301,2.81985,41.95803,125
L1-301,2.81983,41.95836,126
L1-301,2.81982,41.95852,127
L1-301,2.81982,41.95856,128
L1-301,2.81984,41.95861,129
L1-301,2.81983,41.95883,130
L1-301,2.8198,41.95969,131
L1-301,2.8198,41.95994,132
L1-301,2.8198,41.9603,133
L1-301,2.8198,41.96041,134
L1-301,2.81982,41.96054,135
L1-301,2.81983,41.96067,136
L1-301,2.81978,41.96072,137
L1-301,2.81979,41.96086,138
L1-301,2.81981,41.96125,139
L1-301,2.81982,41.96143,140
L1-301,2.81987,41.96175,141
L1-301,2.81995,41.96217,142
L1-301,2.82011,41.96277,143
L1-301,2.82015,41.96288,144
L1-301,2.8202,41.96299,145
L1-301,2.8204,41.96342,146
L1-301,2.82049,41.96363,147
L1-301,2.8205,41.96366,148
L1-301,2.82053,41.96372,149
L1-301,2.82062,41.96395,150
L1-301,2.82064,41.96402,151
L1-301,2.82078,41.96458,152
L1-301,2.82078,41.96462,153
L1-301,2.8208,41.96472,154
L1-301,2.82083,41.96495,155
L1-301,2.82086,41.96525,156
L1-301,2.82087,41.96532,157
L1-301,2.82089,41.96579,158
L1-301,2.820887,41.966035,159
L1-301,2.820938,41.966048,160
L1-301,2.82099,41.96606,161
L1-301,2.821,41.96607,162
L1-301,2.82101,41.96607,163
L1-301,2.82102,41.96608,164
L1-301,2.82102,41.96609,165
L1-301,2.82103,41.96609,166
L1-301,2.82103,41.9661,167
L1-301,2.82104,41.96611,168
L1-301,2.82104,41.96612,169
L1-301,2.821051,41.966157,170
L1-301,2.821045,41.966198,171
L1-301,2.821016,41.966234,172
L1-301,2.820969,41.966265,173
L1-301,2.820928,41.966286,174
L1-301,2.820886,41.966308,175
L1-301,2.820886,41.966485,176
L1-301,2.820875,41.966675,177
L1-301,2.820878,41.966817,178
L1-301,2.820888,41.966973,179
L1-301,2.820952,41.967136,180
L1-301,2.821017,41.967339,181
L1-301,2.821043,41.967394,182
L1-301,2.821069,41.967449,183
L1-301,2.821097,41.967529,184
L1-301,2.821125,41.967609,185
L1-301,2.821146,41.967683,186
L1-301,2.821167,41.967756,187
L1-301,2.82127,41.96833,188
L1-301,2.82052,41.96851,189
L1-301,2.82048,41.96852,190
L1-301,2.81979,41.96871,191
L1-301,2.81918,41.96884,192
L1-301,2.81849,41.96898,193
L1-301,2.81849,41.96899,194
L1-301,2.81848,41.969,195
L1-301,2.81848,41.96901,196
L1-301,2.81847,41.96902,197
L1-301,2.81846,41.96903,198
L1-301,2.81844,41.96905,199
L1-301,2.81841,41.96906,200
L1-301,2.81856,41.96931,201
L1-301,2.81866,41.96951,202
L1-301,2.81875,41.96968,203
L1-301,2.81886,41.96987,204
L1-301,2.81888,41.96991,205
L1-301,2.81891,41.96998,206
L1-301,2.81894,41.97003,207
L1-301,2.81913,41.97036,208
L1-301,2.81925,41.97059,209
L1-301,2.81935,41.97081,210
L1-301,2.81955,41.97122,211
L1-301,2.81971,41.97158,212
L1-301,2.81975,41.97171,213
L1-301,2.81978,41.97175,214
L1-301,2.81984,41.97189,215
L1-301,2.81992,41.97211,216
L1-301,2.81996,41.9722,217
L1-301,2.82,41.9723,218
L1-301,2.82013,41.97263,219
L1-301,2.82016,41.97271,220
L1-301,2.82018,41.97275,221
L1-301,2.82025,41.97301,222
L1-301,2.82034,41.9733,223
L1-301,2.82041,41.97363,224
L1-301,2.82045,41.9738,225
L1-301,2.82049,41.97396,226
L1-301,2.8205,41.97399,227
L1-301,2.82051,41.97406,228
L1-301,2.82046,41.97465,229
L1-301,2.82045,41.97484,230
L1-301,2.82046,41.97503,231
L1-301,2.82047,41.97587,232
L1-301,2.82045,41.97594,233
L1-301,2.82045,41.97598,234
L1-301,2.82046,41.97601,235
L1-301,2.82047,41.97605,236
L1-301,2.82049,41.97609,237
L1-301,2.8205,41.9761,238
L1-301,2.8205,41.97612,239
L1-301,2.82068,41.97643,240
L1-301,2.82089,41.97683,241
L1-301,2.82108,41.9772,242
L1-301,2.82119,41.97742,243
L1-301,2.82129,41.9776,244
L1-301,2.82132,41.97765,245
L1-301,2.82162,41.97826,246
L1-301,2.82171,41.97831,247
L1-301,2.82191,41.97853,248
L1-301,2.82233,41.97874,249
L1-301,2.82246,41.97875,250
L1-301,2.82254,41.97879,251
L1-301,2.82255,41.97879,252
L1-301,2.82255,41.97878,253
L1-301,2.82256,41.97878,254
L1-301,2.82257,41.97878,255
L1-301,2.82258,41.97878,256
L1-301,2.82259,41.97878,257
L1-301,2.8226,41.97878,258
L1-301,2.82261,41.97878,259
L1-301,2.82262,41.97878,260
L1-301,2.82263,41.97878,261
L1-301,2.82264,41.97878,262
L1-301,2.82265,41.97878,263
L1-301,2.82265,41.97879,264
L1-301,2.82266,41.97879,265
L1-301,2.82267,41.97879,266
L1-301,2.82267,41.9788,267
L1-301,2.82268,41.9788,268
L1-301,2.82269,41.97881,269
L1-301,2.8227,41.97882,270
L1-301,2.8227,41.97883,271
L1-301,2.82271,41.97883,272
L1-301,2.82271,41.97884,273
L1-301,2.82271,41.97885,274
L1-301,2.82271,41.97886,275
L1-301,2.82271,41.97887,276
L1-301,2.82271,41.97888,277
L1-301,2.82271,41.97889,278
L1-301,2.82271,41.9789,279
L1-301,2.8227,41.9789,280
L1-301,2.8227,41.97891,281
L1-301,2.82269,41.97891,282
L1-301,2.82269,41.97892,283
L1-301,2.82268,41.97892,284
L1-301,2.82268,41.97893,285
L1-301,2.82267,41.97893,286
L1-301,2.82264,41.97903,287
L1-301,2.82258,41.97907,288
L1-301,2.82227,41.97935,289
L1-301,2.82226,41.9794,290
L1-301,2.82226,41.97941,291
L1-301,2.82227,41.97943,292
L1-301,2.82228,41.97946,293
L1-301,2.82239,41.97958,294
L1-301,2.82243,41.97962,295
L1-301,2.82246,41.97966,296
L1-301,2.82246,41.97967,297
L1-301,2.82246,41.97969,298
L1-301,2.82244,41.97972,299
L1-301,2.82241,41.97974,300
L1-301,2.8224,41.97976,301
L1-301,2.82217,41.97988,302
L1-301,2.82196,41.97999,303
L1-301,2.82189,41.98003,304
L1-301,2.82181,41.98007,305
L1-301,2.82161,41.98019,306
L1-301,2.82096,41.98056,307
L1-301,2.82088,41.98061,308
L1-301,2.82076,41.98067,309
L1-301,2.82062,41.98077,310
L1-301,2.82049,41.98086,311
L1-301,2.82046,41.98089,312
L1-301,2.82046,41.9809,313
L1-301,2.82039,41.98097,314
L1-301,2.82035,41.98103,315
L1-301,2.82028,41.98117,316
L1-301,2.82024,41.98125,317
L1-301,2.82018,41.98139,318
L1-301,2.82014,41.9815,319
L1-301,2.82006,41.98175,320
L1-301,2.81991,41.98234,321
L1-301,2.81989,41.98244,322
L1-301,2.81986,41.9826,323
L1-301,2.81984,41.98268,324
L1-301,2.81983,41.98272,325
L1-301,2.81978,41.98301,326
L1-301,2.81976,41.98315,327
L1-301,2.81975,41.9832,328
L1-301,2.81974,41.9833,329
L1-301,2.81972,41.98344,330
L1-301,2.81973,41.98352,331
L1-301,2.81977,41.98361,332
L1-301,2.82038,41.98426,333
L1-301,2.82054,41.98443,334
L1-301,2.82055,41.98444,335
L1-301,2.82061,41.98449,336
L1-301,2.82072,41.98458,337
L1-301,2.821,41.98481,338
L1-301,2.82112,41.98491,339
L1-301,2.82134,41.98509,340
L1-301,2.82136,41.98512,341
L1-301,2.82142,41.98515,342
L1-301,2.82212,41.98565,343
L1-301,2.82212,41.98566,344
L1-301,2.82222,41.98569,345
L1-301,2.82237,41.98579,346
L1-301,2.82246,41.98585,347
L1-301,2.82251,41.98589,348
L1-301,2.82257,41.98595,349
L1-301,2.82259,41.98596,350
L1-301,2.8226,41.98596,351
L1-301,2.82261,41.98596,352
L1-301,2.82262,41.98596,353
L1-301,2.82262,41.98597,354
L1-301,2.82263,41.98597,355
L1-301,2.82264,41.98597,356
L1-301,2.82265,41.98598,357
L1-301,2.82266,41.98598,358
L1-301,2.82266,41.98599,359
L1-301,2.82267,41.98599,360
L1-301,2.82267,41.986,361
L1-301,2.82268,41.986,362
L1-301,2.82268,41.98601,363
L1-301,2.82269,41.98601,364
L1-301,2.82269,41.98602,365
L1-301,2.82269,41.98603,366
L1-301,2.8227,41.98603,367
L1-301,2.8227,41.98604,368
L1-301,2.8227,41.98605,369
L1-301,2.8227,41.98606,370
L1-301,2.8227,41.98607,371
L1-301,2.8227,41.98608,372
L1-301,2.8227,41.98609,373
L1-301,2.82269,41.9861,374
L1-301,2.82269,41.98611,375
L1-301,2.82268,41.98611,376
L1-301,2.82268,41.98612,377
L1-301,2.82267,41.98613,378
L1-301,2.82266,41.98614,379
L1-301,2.82265,41.98614,380
L1-301,2.82265,41.98615,381
L1-301,2.82264,41.98615,382
L1-301,2.82263,41.98615,383
L1-301,2.82262,41.98616,384
L1-301,2.82261,41.98616,385
L1-301,2.8226,41.98616,386
L1-301,2.82259,41.98617,387
L1-301,2.82258,41.98617,388
L1-301,2.82257,41.98617,389
L1-301,2.82256,41.98617,390
L1-301,2.82255,41.98617,391
L1-301,2.82254,41.98617,392
L1-301,2.82253,41.98617,393
L1-301,2.82242,41.98622,394
L1-301,2.82197,41.98646,395
L1-301,2.82193,41.98648,396
L1-301,2.82183,41.98653,397
L1-301,2.82164,41.9866,398
L1-301,2.82159,41.98662,399
L1-301,2.82164,41.98668,400
L1-301,2.82168,41.98675,401
L1-301,2.82173,41.98686,402
L1-301,2.8217,41.98692,403
L1-301,2.82166,41.98695,404
L1-301,2.82164,41.98697,405
L1-301,2.82161,41.98699,406
L1-301,2.82158,41.98701,407
L1-301,2.82154,41.98703,408
L1-301,2.82159,41.98722,409
L1-301,2.82192,41.98755,410
L1-301,2.8221,41.98771,411
L1-301,2.82234,41.98799,412
L1-301,2.82236,41.98808,413
L1-301,2.82238,41.9882,414
L1-301,2.82237,41.98836,415
L1-301,2.82235,41.9885,416
L1-301,2.82231,41.98863,417
L1-301,2.82228,41.9888,418
L1-301,2.82228,41.9889,419
L1-301,2.82229,41.98899,420
L1-301,2.82232,41.98899,421
L1-301,2.82236,41.989,422
L1-301,2.82239,41.98901,423
L1-301,2.82242,41.98903,424
L1-301,2.82245,41.98904,425
L1-301,2.82247,41.98906,426
L1-301,2.8225,41.98908,427
L1-301,2.82252,41.9891,428
L1-301,2.82252,41.98911,429
L1-301,2.82253,41.98911,430
L1-301,2.82253,41.98912,431
L1-301,2.82254,41.98912,432
L1-301,2.82254,41.98913,433
L1-301,2.82255,41.98914,434
L1-301,2.82256,41.98917,435
L1-301,2.82257,41.9892,436
L1-301,2.82258,41.98923,437
L1-301,2.82259,41.98926,438
L1-301,2.82259,41.98929,439
L1-301,2.82259,41.98932,440
L1-301,2.82258,41.98935,441
L1-301,2.82257,41.98938,442
L1-301,2.82267,41.9894,443
L1-301,2.82275,41.98942,444
L1-301,2.82281,41.98943,445
L1-301,2.82282,41.98944,446
L1-301,2.82286,41.98947,447
L1-301,2.82366,41.98953,448
L1-301,2.82368,41.98954,449
L1-301,2.82385,41.98957,450
L1-301,2.82391,41.98959,451
L1-301,2.82417,41.98964,452
L1-301,2.82443,41.98991,453
L1-301,2.82457,41.99005,454
L1-301,2.82498,41.99046,455
L1-301,2.82533,41.99083,456
L1-301,2.8255,41.991,457
L1-301,2.82555,41.99103,458
L1-301,2.82557,41.99105,459
L1-301,2.82579,41.99127,460
L1-301,2.82585,41.9913,461
L1-301,2.82588,41.99131,462
L1-301,2.82591,41.99132,463
L1-301,2.82593,41.99132,464
L1-301,2.82595,41.99131,465
L1-301,2.82597,41.9913,466
L1-301,2.826,41.99128,467
L1-301,2.826,41.99127,468
L1-301,2.826,41.99125,469
L1-301,2.826,41.99122,470
L1-301,2.82601,41.99119,471
L1-301,2.82601,41.99118,472
L1-301,2.82601,41.99111,473
L1-301,2.82601,41.99108,474
L1-301,2.82601,41.99103,475
L1-301,2.82603,41.99087,476
L1-301,2.82605,41.9908,477
L1-301,2.82608,41.9907,478
L1-301,2.8261,41.99065,479
L1-301,2.82609,41.99062,480
L1-301,2.82627,41.99051,481
L1-301,2.8263,41.99047,482
L1-301,2.82632,41.99044,483
L1-301,2.82639,41.99026,484
L1-301,2.82642,41.99021,485
L1-301,2.82646,41.99018,486
L1-301,2.82652,41.99016,487
L1-301,2.82656,41.99016,488
L1-301,2.8266,41.99016,489
L1-301,2.82663,41.99017,490
L1-301,2.82667,41.99019,491
L1-301,2.82671,41.99022,492
L1-301,2.82672,41.99027,493
L1-301,2.82673,41.99031,494
L1-301,2.82669,41.99049,495
L1-301,2.82668,41.99052,496
L1-301,2.82668,41.99057,497
L1-301,2.82668,41.99059,498
L1-301,2.82668,41.99061,499
L1-301,2.82669,41.99063,500
L1-301,2.82669,41.99064,501
L1-301,2.8267,41.99065,502
L1-301,2.82671,41.99067,503
L1-301,2.82673,41.99068,504
L1-301,2.82674,41.99069,505
L1-301,2.82675,41.99069,506
L1-301,2.82678,41.9907,507
L1-301,2.82681,41.9907,508
L1-301,2.82683,41.9907,509
L1-301,2.82686,41.9907,510
L1-301,2.82688,41.99069,511
L1-301,2.8269,41.99068,512
L1-301,2.82692,41.99067,513
L1-301,2.82693,41.99067,514
L1-301,2.82694,41.99066,515
L1-301,2.82694,41.99064,516
L1-301,2.82695,41.99063,517
L1-301,2.82695,41.99061,518
L1-301,2.82695,41.9906,519
L1-301,2.82694,41.99058,520
L1-301,2.82694,41.99055,521
L1-301,2.82692,41.9905,522
L1-301,2.8269,41.99045,523
L1-301,2.82688,41.99039,524
L1-301,2.82687,41.99036,525
L1-301,2.82687,41.99035,526
L1-301,2.82687,41.99032,527
L1-301,2.82688,41.99029,528
L1-301,2.8269,41.99025,529
L1-301,2.82718,41.98989,530
L1-301,2.82723,41.98982,531
L1-301,2.82727,41.98978,532
L1-301,2.82731,41.98975,533
L1-301,2.82736,41.98973,534
L1-301,2.8274,41.98971,535
L1-301,2.82743,41.98969,536
L1-301,2.82746,41.98968,537
L1-301,2.8275,41.98968,538
L1-301,2.82753,41.98968,539
L1-301,2.82754,41.98968,540
L1-301,2.82755,41.98968,541
L1-301,2.8276,41.9897,542
L1-301,2.82763,41.98972,543
L1-301,2.82765,41.98974,544
L1-301,2.82767,41.98977,545
L1-301,2.82768,41.98981,546
L1-301,2.82768,41.98984,547
L1-301,2.82768,41.99002,548
L1-301,2.82769,41.99026,549
L1-301,2.82772,41.99045,550
L1-301,2.82773,41.99051,551
L1-301,2.82774,41.99058,552
L1-301,2.82778,41.9907,553
L1-301,2.8278,41.99076,554
L1-301,2.82782,41.9908,555
L1-301,2.82785,41.99083,556
L1-301,2.82788,41.99087,557
L1-301,2.82792,41.99092,558
L1-301,2.82796,41.99095,559
L1-301,2.828,41.99099,560
L1-301,2.82805,41.99102,561
L1-301,2.82813,41.99105,562
L1-301,2.8282,41.99106,563
L1-301,2.8283,41.99107,564
L1-301,2.8285,41.99107,565
L1-301,2.82857,41.99106,566
L1-301,2.82864,41.99105,567
L1-301,2.82872,41.99103,568
L1-301,2.82879,41.99101,569
L1-301,2.82885,41.99099,570
L1-301,2.82885,41.99098,571
L1-301,2.82888,41.99096,572
L1-301,2.82889,41.99096,573
L1-301,2.82891,41.99095,574
L1-301,2.82897,41.9909,575
L1-301,2.82898,41.99089,576
L1-301,2.82902,41.99084,577
L1-301,2.8291,41.99071,578
L1-301,2.82912,41.99067,579
L1-301,2.82914,41.99061,580
L1-301,2.82928,41.9903,581
L1-301,2.82937,41.99012,582
L1-301,2.82944,41.99001,583
L1-301,2.82951,41.98994,584
L1-301,2.82959,41.98989,585
L1-301,2.82971,41.98985,586
L1-301,2.82979,41.98985,587
L1-301,2.82986,41.98986,588
L1-301,2.82994,41.98987,589
L1-301,2.83003,41.98989,590
L1-301,2.83015,41.98994,591
L1-301,2.83025,41.99,592
L1-301,2.83031,41.99007,593
L1-301,2.83034,41.99013,594
L1-301,2.83035,41.9902,595
L1-301,2.83034,41.99025,596
L1-301,2.83034,41.99026,597
L1-301,2.83033,41.9903,598
L1-301,2.83032,41.99033,599
L1-301,2.83029,41.99038,600
L1-301,2.83014,41.99051,601
L1-301,2.83,41.99063,602
L1-301,2.82989,41.99074,603
L1-301,2.82985,41.99079,604
L1-301,2.82983,41.99082,605
L1-301,2.82979,41.99094,606
L1-301,2.82979,41.99102,607
L1-301,2.82981,41.99112,608
L1-301,2.82985,41.99122,609
L1-301,2.82988,41.99129,610
L1-301,2.8299,41.99144,611
L1-301,2.82991,41.99151,612
L1-301,2.82989,41.99159,613
L1-301,2.82988,41.99162,614
L1-301,2.82986,41.99167,615
L1-301,2.82979,41.99172,616
L1-301,2.82974,41.99176,617
L1-301,2.82963,41.99182,618
L1-301,2.82945,41.99193,619
L1-301,2.82899,41.99219,620
L1-301,2.82885,41.99228,621
L1-301,2.82864,41.99238,622
L1-301,2.82859,41.99242,623
L1-301,2.82857,41.99245,624
L1-301,2.82854,41.99249,625
L1-301,2.82852,41.99253,626
L1-301,2.8285,41.99261,627
L1-301,2.82851,41.99266,628
L1-301,2.82853,41.99272,629
L1-301,2.82859,41.9928,630
L1-301,2.82863,41.99286,631
L1-301,2.82868,41.99289,632
L1-301,2.82877,41.99293,633
L1-301,2.82888,41.99296,634
L1-301,2.82892,41.99297,635
L1-301,2.82897,41.99297,636
L1-301,2.82902,41.99297,637
L1-301,2.82908,41.99296,638
L1-301,2.82927,41.99287,639
L1-301,2.82954,41.99274,640
L1-301,2.8298,41.99262,641
L1-301,2.82985,41.99259,642
L1-301,2.82994,41.99254,643
L1-301,2.83012,41.99246,644
L1-301,2.8303,41.99239,645
L1-301,2.83039,41.99262,646
L1-301,2.8304,41.99269,647
L1-301,2.83041,41.99289,648
L1-301,2.83041,41.99301,649
L1-301,2.83042,41.99308,650
L1-301,2.83043,41.99317,651
L1-301,2.83043,41.99324,652
L1-301,2.83045,41.9934,653
L1-301,2.83043,41.9935,654
L1-301,2.83012,41.99415,655
L1-301,2.83009,41.99421,656
L1-301,2.83009,41.99427,657
L1-301,2.83011,41.99437,658
L1-301,2.83017,41.99448,659
L1-301,2.83019,41.99451,660
L1-301,2.8307,41.99482,661
L1-301,2.83085,41.99491,662
L1-301,2.83106,41.99504,663
L1-301,2.8311,41.99507,664
L1-301,2.83122,41.99514,665
L1-301,2.8313,41.99517,666
L1-301,2.83139,41.99519,667
L1-301,2.83149,41.99519,668
L1-301,2.83162,41.99518,669
L1-301,2.83181,41.99516,670
L1-301,2.8319,41.99514,671
L1-301,2.83199,41.99514,672
L1-301,2.83212,41.99516,673
L1-301,2.83228,41.9952,674
L1-301,2.83244,41.99527,675
L1-301,2.83259,41.99536,676
L1-301,2.83274,41.99546,677
L1-301,2.83292,41.99557,678
L1-301,2.83301,41.99534,679
L1-301,2.83323,41.99493,680
L1-301,2.83338,41.99462,681
L1-301,2.83348,41.99447,682
L1-301,2.83362,41.99434,683
L1-301,2.83368,41.99437,684
L1-301,2.83381,41.99444,685
L1-301,2.83382,41.99445,686
L1-301,2.83392,41.9945,687
L1-301,2.83412,41.99462,688
L1-301,2.83481,41.99503,689
L1-301,2.83503,41.99517,690
L1-301,2.83514,41.99524,691
L1-301,2.83527,41.99528,692
L1-301,2.83528,41.99529,693
L1-301,2.83532,41.9953,694
L1-301,2.83539,41.99532,695
L1-301,2.83556,41.99537,696
L1-301,2.83572,41.9954,697
L1-301,2.83576,41.9954,698
L1-301,2.83587,41.99542,699
L1-301,2.83602,41.99541,700
L1-301,2.83604,41.99541,701
L1-301,2.83612,41.99541,702
L1-301,2.83628,41.99539,703
L1-301,2.8365,41.99536,704
L1-301,2.83659,41.99536,705
L1-301,2.83674,41.99538,706
L1-301,2.83676,41.99549,707
L1-301,2.83678,41.99555,708
L1-301,2.8368,41.99567,709
L1-301,2.83684,41.99586,710
L1-301,2.83692,41.99622,711
L1-301,2.83705,41.99684,712
L1-301,2.83706,41.99689,713
L1-301,2.83707,41.99696,714
L1-301,2.83704,41.99715,715
L1-301,2.83678,41.997,716
L1-301,2.83669,41.99695,717
L1-301,2.83662,41.99692,718
L1-301,2.83654,41.99689,719
L1-301,2.83646,41.99687,720
L1-301,2.83635,41.99685,721
L1-301,2.83607,41.9968,722
L1-301,2.83587,41.99676,723
L1-301,2.83582,41.99675,724
L1-301,2.83571,41.99674,725
L1-301,2.83548,41.99668,726
L1-301,2.83503,41.9966,727
L1-301,2.83495,41.99658,728
L1-301,2.83485,41.99656,729
L1-301,2.83464,41.99651,730
L1-301,2.83455,41.99648,731
L1-301,2.83438,41.99641,732
L1-301,2.83422,41.99634,733
L1-301,2.83406,41.99624,734
L1-301,2.83348,41.9959,735
L1-301,2.83292,41.99557,736
L1-301,2.83301,41.99534,737
L1-301,2.83321,41.99497,738
L2-101,2.80821,41.95119,2
L2-101,2.8081,41.95122,3
L2-101,2.80766,41.95131,4
L2-101,2.80762,41.95132,5
L2-101,2.80694,41.9515,6
L2-101,2.80687,41.95152,7
L2-101,2.80724,41.95239,8
L2-101,2.80734,41.95264,9
L2-101,2.80765,41.95341,10
L2-101,2.80767,41.95346,11
L2-101,2.80796,41.95417,12
L2-101,2.80808,41.95447,13
L2-101,2.80813,41.9546,14
L2-101,2.8082,41.95477,15
L2-101,2.80831,41.95502,16
L2-101,2.80836,41.95511,17
L2-101,2.80839,41.95515,18
L2-101,2.80843,41.95522,19
L2-101,2.80852,41.95533,20
L2-101,2.80856,41.95538,21
L2-101,2.80861,41.95543,22
L2-101,2.8087,41.9555,23
L2-101,2.80876,41.95554,24
L2-101,2.80881,41.95557,25
L2-101,2.80886,41.95561,26
L2-101,2.80895,41.95566,27
L2-101,2.809,41.95569,28
L2-101,2.80901,41.95569,29
L2-101,2.80934,41.95587,30
L2-101,2.80956,41.95598,31
L2-101,2.80966,41.95601,32
L2-101,2.80969,41.95601,33
L2-101,2.80972,41.95603,34
L2-101,2.80995,41.95612,35
L2-101,2.80998,41.95611,36
L2-101,2.81001,41.95611,37
L2-101,2.81004,41.9561,38
L2-101,2.81007,41.9561,39
L2-101,2.81011,41.9561,40
L2-101,2.81014,41.9561,41
L2-101,2.81017,41.95611,42
L2-101,2.81022,41.95611,43
L2-101,2.81025,41.95612,44
L2-101,2.81028,41.95613,45
L2-101,2.81032,41.95614,46
L2-101,2.81036,41.95616,47
L2-101,2.81039,41.95618,48
L2-101,2.81042,41.95619,49
L2-101,2.81043,41.9562,50
L2-101,2.81045,41.95622,51
L2-101,2.81048,41.95624,52
L2-101,2.8105,41.95626,53
L2-101,2.81052,41.95628,54
L2-101,2.81052,41.95629,55
L2-101,2.81054,41.95632,56
L2-101,2.81056,41.95635,57
L2-101,2.81057,41.95638,58
L2-101,2.81058,41.95641,59
L2-101,2.81058,41.95644,60
L2-101,2.81059,41.95647,61
L2-101,2.81058,41.9565,62
L2-101,2.81057,41.95653,63
L2-101,2.81056,41.95656,64
L2-101,2.81055,41.95658,65
L2-101,2.81054,41.95661,66
L2-101,2.81052,41.95664,67
L2-101,2.8105,41.95666,68
L2-101,2.81048,41.95668,69
L2-101,2.81046,41.9567,70
L2-101,2.81044,41.95672,71
L2-101,2.81041,41.95673,72
L2-101,2.81039,41.95675,73
L2-101,2.81037,41.95676,74
L2-101,2.81034,41.95677,75
L2-101,2.81031,41.95678,76
L2-101,2.81029,41.95679,77
L2-101,2.81027,41.95679,78
L2-101,2.81026,41.95679,79
L2-101,2.81025,41.9568,80
L2-101,2.81023,41.9568,81
L2-101,2.81022,41.9568,82
L2-101,2.81021,41.95681,83
L2-101,2.81019,41.95681,84
L2-101,2.81018,41.95681,85
L2-101,2.81014,41.95696,86
L2-101,2.81012,41.95701,87
L2-101,2.80995,41.95739,88
L2-101,2.80986,41.9576,89
L2-101,2.80982,41.95773,90
L2-101,2.80979,41.95784,91
L2-101,2.80977,41.95794,92
L2-101,2.80977,41.95799,93
L2-101,2.80975,41.95814,94
L2-101,2.80975,41.95827,95
L2-101,2.80976,41.95841,96
L2-101,2.80978,41.95856,97
L2-101,2.80979,41.9586,98
L2-101,2.80983,41.95876,99
L2-101,2.8099,41.95896,100
L2-101,2.81007,41.95939,101
L2-101,2.81029,41.95994,102
L2-101,2.81035,41.96009,103
L2-101,2.81036,41.96013,104
L2-101,2.81046,41.96025,105
L2-101,2.81055,41.96034,106
L2-101,2.81065,41.96042,107
L2-101,2.81079,41.96055,108
L2-101,2.81084,41.96059,109
L2-101,2.81089,41.96063,110
L2-101,2.81095,41.96071,111
L2-101,2.81108,41.96097,112
L2-101,2.81108,41.96101,113
L2-101,2.81109,41.96109,114
L2-101,2.81108,41.96118,115
L2-101,2.81106,41.96125,116
L2-101,2.81103,41.96131,117
L2-101,2.81101,41.96132,118
L2-101,2.811,41.96147,119
L2-101,2.811,41.96159,120
L2-101,2.811,41.9617,121
L2-101,2.81104,41.9618,122
L2-101,2.81117,41.96211,123
L2-101,2.81126,41.96233,124
L2-101,2.8113,41.96243,125
L2-101,2.81149,41.9629,126
L2-101,2.81178,41.96363,127
L2-101,2.81182,41.96374,128
L2-101,2.81183,41.96375,129
L2-101,2.81183,41.96377,130
L2-101,2.81197,41.9641,131
L2-101,2.81205,41.96431,132
L2-101,2.81238,41.96512,133
L2-101,2.81274,41.96599,134
L2-101,2.81279,41.96614,135
L2-101,2.81285,41.96627,136
L2-101,2.81305,41.96677,137
L2-101,2.81325,41.96726,138
L2-101,2.81333,41.96747,139
L2-101,2.81339,41.96762,140
L2-101,2.81356,41.96804,141
L2-101,2.81364,41.96824,142
L2-101,2.81375,41.9685,143
L2-101,2.81384,41.96871,144
L2-101,2.81392,41.9689,145
L2-101,2.81404,41.96922,146
L2-101,2.81419,41.96958,147
L2-101,2.81422,41.96965,148
L2-101,2.81428,41.96982,149
L2-101,2.81436,41.97001,150
L2-101,2.81437,41.97004,151
L2-101,2.8144,41.97011,152
L2-101,2.81441,41.97012,153
L2-101,2.81446,41.97025,154
L2-101,2.81452,41.9704,155
L2-101,2.81465,41.97072,156
L2-101,2.81465,41.97073,157
L2-101,2.81473,41.97093,158
L2-101,2.81487,41.97127,159
L2-101,2.81492,41.9714,160
L2-101,2.81514,41.97193,161
L2-101,2.81531,41.97236,162
L2-101,2.81551,41.97288,163
L2-101,2.81556,41.97299,164
L2-101,2.81575,41.97344,165
L2-101,2.81584,41.97366,166
L2-101,2.81591,41.97382,167
L2-101,2.81599,41.97403,168
L2-101,2.816,41.97405,169
L2-101,2.81625,41.97468,170
L2-101,2.81636,41.97497,171
L2-101,2.81648,41.97526,172
L2-101,2.81655,41.97543,173
L2-101,2.81661,41.97558,174
L2-101,2.81665,41.97567,175
L2-101,2.81667,41.97573,176
L2-101,2.81671,41.97582,177
L2-101,2.81696,41.97643,178
L2-101,2.81703,41.97659,179
L2-101,2.81713,41.97686,180
L2-101,2.8174,41.97751,181
L2-101,2.81741,41.97754,182
L2-101,2.81762,41.97809,183
L2-101,2.81768,41.97822,184
L2-101,2.81782,41.97854,185
L2-101,2.81798,41.97895,186
L2-101,2.81801,41.97901,187
L2-101,2.81811,41.97928,188
L2-101,2.81814,41.97936,189
L2-101,2.8182,41.97954,190
L2-101,2.81828,41.97974,191
L2-101,2.81839,41.98002,192
L2-101,2.81859,41.98044,193
L2-101,2.81869,41.9807,194
L2-101,2.81928,41.9804,195
L2-101,2.81958,41.98024,196
L2-101,2.81972,41.98017,197
L2-101,2.81992,41.98007,198
L2-101,2.82013,41.97996,199
L2-101,2.82051,41.97977,200
L2-101,2.82093,41.97956,201
L2-101,2.82119,41.97942,202
L2-101,2.82124,41.97947,203
L2-101,2.82153,41.97977,204
L2-101,2.82181,41.98007,205
L2-101,2.82161,41.98019,206
L2-101,2.82096,41.98056,207
L2-101,2.82088,41.98061,208
L2-101,2.8208,41.98065,209
L2-101,2.82076,41.98067,210
L2-101,2.82062,41.98077,211
L2-101,2.82049,41.98086,212
L2-101,2.82046,41.98089,213
L2-101,2.82046,41.9809,214
L2-101,2.82039,41.98097,215
L2-101,2.82035,41.98103,216
L2-101,2.82028,41.98117,217
L2-101,2.82024,41.98125,218
L2-101,2.82018,41.98139,219
L2-101,2.82014,41.9815,220
L2-101,2.82006,41.98175,221
L2-101,2.81991,41.98234,222
L2-101,2.81989,41.98245,223
L2-101,2.81985,41.98263,224
L2-101,2.81984,41.98268,225
L2-101,2.81983,41.98272,226
L2-101,2.81976,41.98315,227
L2-101,2.81975,41.9832,228
L2-101,2.81974,41.9833,229
L2-101,2.81972,41.98344,230
L2-101,2.81973,41.98352,231
L2-101,2.81977,41.98361,232
L2-101,2.82038,41.98426,233
L2-101,2.82054,41.98443,234
L2-101,2.82055,41.98444,235
L2-101,2.82061,41.98449,236
L2-101,2.82072,41.98458,237
L2-101,2.821,41.98481,238
L2-101,2.82112,41.98491,239
L2-101,2.82134,41.98509,240
L2-101,2.82136,41.98512,241
L2-101,2.82142,41.98515,242
L2-101,2.82212,41.98565,243
L2-101,2.82212,41.98566,244
L2-101,2.82222,41.98569,245
L2-101,2.82237,41.98579,246
L2-101,2.82246,41.98585,247
L2-101,2.82251,41.98589,248
L2-101,2.82257,41.98595,249
L2-101,2.82259,41.98596,250
L2-101,2.8226,41.98596,251
L2-101,2.82261,41.98596,252
L2-101,2.82262,41.98596,253
L2-101,2.82262,41.98597,254
L2-101,2.82263,41.98597,255
L2-101,2.82264,41.98597,256
L2-101,2.82265,41.98598,257
L2-101,2.82266,41.98598,258
L2-101,2.82266,41.98599,259
L2-101,2.82267,41.98599,260
L2-101,2.82267,41.986,261
L2-101,2.82268,41.986,262
L2-101,2.82268,41.98601,263
L2-101,2.82269,41.98601,264
L2-101,2.82269,41.98602,265
L2-101,2.82269,41.98603,266
L2-101,2.8227,41.98603,267
L2-101,2.8227,41.98604,268
L2-101,2.8227,41.98605,269
L2-101,2.8227,41.98606,270
L2-101,2.8227,41.98607,271
L2-101,2.8227,41.98608,272
L2-101,2.8227,41.98609,273
L2-101,2.82269,41.9861,274
L2-101,2.82269,41.98611,275
L2-101,2.82268,41.98611,276
L2-101,2.82268,41.98612,277
L2-101,2.82267,41.98613,278
L2-101,2.82266,41.98614,279
L2-101,2.82265,41.98614,280
L2-101,2.82265,41.98615,281
L2-101,2.82264,41.98615,282
L2-101,2.82263,41.98615,283
L2-101,2.82262,41.98616,284
L2-101,2.82261,41.98616,285
L2-101,2.8226,41.98616,286
L2-101,2.82259,41.98617,287
L2-101,2.82258,41.98617,288
L2-101,2.82257,41.98617,289
L2-101,2.82256,41.98617,290
L2-101,2.82255,41.98617,291
L2-101,2.82254,41.98617,292
L2-101,2.82253,41.98617,293
L2-101,2.82242,41.98622,294
L2-101,2.82215,41.98636,295
L2-101,2.82197,41.98646,296
L2-101,2.82193,41.98648,297
L2-101,2.82183,41.98653,298
L2-101,2.82164,41.9866,299
L2-101,2.82159,41.98662,300
L2-101,2.82164,41.98668,301
L2-101,2.82168,41.98675,302
L2-101,2.82173,41.98686,303
L2-101,2.8217,41.98692,304
L2-101,2.82166,41.98695,305
L2-101,2.82164,41.98697,306
L2-101,2.82161,41.98699,307
L2-101,2.82158,41.98701,308
L2-101,2.82154,41.98703,309
L2-101,2.82159,41.98722,310
L2-101,2.82192,41.98755,311
L2-101,2.8221,41.98771,312
L2-101,2.82234,41.98799,313
L2-101,2.82236,41.98808,314
L2-101,2.82238,41.9882,315
L2-101,2.82237,41.98836,316
L2-101,2.82235,41.9885,317
L2-101,2.82231,41.98863,318
L2-101,2.82228,41.9888,319
L2-101,2.82228,41.9889,320
L2-101,2.82229,41.98899,321
L2-101,2.82232,41.98899,322
L2-101,2.82236,41.989,323
L2-101,2.82239,41.98901,324
L2-101,2.82242,41.98903,325
L2-101,2.82245,41.98904,326
L2-101,2.82247,41.98906,327
L2-101,2.8225,41.98908,328
L2-101,2.82252,41.9891,329
L2-101,2.82252,41.98911,330
L2-101,2.82253,41.98911,331
L2-101,2.82253,41.98912,332
L2-101,2.82254,41.98912,333
L2-101,2.82254,41.98913,334
L2-101,2.82255,41.98914,335
L2-101,2.82256,41.98917,336
L2-101,2.82257,41.9892,337
L2-101,2.82258,41.98923,338
L2-101,2.82259,41.98926,339
L2-101,2.82259,41.98929,340
L2-101,2.82259,41.98932,341
L2-101,2.82258,41.98935,342
L2-101,2.82257,41.98938,343
L2-101,2.82257,41.98939,344
L2-101,2.82256,41.9894,345
L2-101,2.82255,41.98941,346
L2-101,2.82255,41.98942,347
L2-101,2.82254,41.98943,348
L2-101,2.82253,41.98944,349
L2-101,2.82253,41.98945,350
L2-101,2.82252,41.98945,351
L2-101,2.82251,41.98946,352
L2-101,2.8225,41.98947,353
L2-101,2.8225,41.98948,354
L2-101,2.82249,41.98948,355
L2-101,2.82248,41.98949,356
L2-101,2.82242,41.98953,357
L2-101,2.82237,41.98955,358
L2-101,2.82232,41.98957,359
L2-101,2.82226,41.98958,360
L2-101,2.82221,41.98958,361
L2-101,2.82215,41.98958,362
L2-101,2.82209,41.98957,363
L2-101,2.82204,41.98956,364
L2-101,2.82199,41.98954,365
L2-101,2.82081,41.99008,366
L2-101,2.82077,41.99022,367
L2-101,2.82067,41.9905,368
L2-101,2.82052,41.99088,369
L2-101,2.82047,41.99102,370
L2-101,2.82039,41.99124,371
L2-101,2.82011,41.99204,372
L2-101,2.81997,41.99242,373
L2-101,2.81996,41.99244,374
L2-101,2.81993,41.99251,375
L2-101,2.81993,41.99252,376
L2-101,2.81992,41.99255,377
L2-101,2.8199,41.99259,378
L2-101,2.81977,41.99296,379
L2-101,2.81973,41.99309,380
L2-101,2.8197,41.99317,381
L2-101,2.81966,41.99327,382
L2-101,2.8196,41.99345,383
L2-101,2.81958,41.99353,384
L2-101,2.81955,41.99363,385
L2-101,2.81953,41.99371,386
L2-101,2.8195,41.99381,387
L2-101,2.81947,41.99399,388
L2-101,2.81945,41.99416,389
L2-101,2.81944,41.99424,390
L2-101,2.81942,41.99436,391
L2-101,2.81942,41.99449,392
L2-101,2.81941,41.99462,393
L2-101,2.81941,41.99467,394
L2-101,2.81941,41.99487,395
L2-101,2.81939,41.99518,396
L2-101,2.81938,41.99614,397
L2-101,2.81938,41.99626,398
L2-101,2.81935,41.99638,399
L2-101,2.81935,41.99639,400
L2-101,2.81934,41.99652,401
L2-101,2.81935,41.99671,402
L2-101,2.81932,41.99716,403
L2-101,2.81931,41.99735,404
L2-101,2.8193,41.99755,405
L2-101,2.81928,41.99766,406
L2-101,2.81926,41.99776,407
L2-101,2.81924,41.99784,408
L2-101,2.81921,41.99792,409
L2-101,2.81916,41.99807,410
L2-101,2.81912,41.99814,411
L2-101,2.81909,41.99822,412
L2-101,2.81903,41.99832,413
L2-101,2.81903,41.99834,414
L2-101,2.81894,41.99847,415
L2-101,2.81886,41.99859,416
L2-101,2.81876,41.99871,417
L2-101,2.81865,41.99884,418
L2-101,2.81856,41.99893,419
L2-101,2.81845,41.99903,420
L2-101,2.81832,41.99915,421
L2-101,2.81813,41.99932,422
L2-101,2.81795,41.99947,423
L2-101,2.81793,41.99951,424
L2-101,2.81792,41.99954,425
L2-101,2.8179,41.99956,426
L2-101,2.8179,41.99957,427
L2-101,2.81788,41.9996,428
L2-101,2.81777,41.99973,429
L2-101,2.81778,41.99975,430
L2-101,2.81779,41.99976,431
L2-101,2.8178,41.99978,432
L2-101,2.8178,41.9998,433
L2-101,2.8178,41.99982,434
L2-101,2.8178,41.99983,435
L2-101,2.8178,41.99985,436
L2-101,2.8178,41.99987,437
L2-101,2.81778,41.9999,438
L2-101,2.81777,41.99992,439
L2-101,2.81776,41.99994,440
L2-101,2.81774,41.99996,441
L2-101,2.81772,41.99997,442
L2-101,2.8177,41.99999,443
L2-101,2.81768,42.0,444
L2-101,2.81766,42.00001,445
L2-101,2.81763,42.00002,446
L2-101,2.81761,42.00003,447
L2-101,2.81758,42.00003,448
L2-101,2.81756,42.00004,449
L2-101,2.81754,42.00004,450
L2-101,2.81751,42.00004,451
L2-101,2.81749,42.00004,452
L2-101,2.81746,42.00004,453
L2-101,2.81744,42.00003,454
L2-101,2.81737,42.00001,455
L2-101,2.81732,41.99998,456
L2-101,2.81729,41.99995,457
L2-101,2.81727,41.99992,458
L2-101,2.81724,41.99986,459
L2-101,2.81723,41.99983,460
L2-101,2.81722,41.99981,461
L2-101,2.81723,41.99979,462
L2-101,2.81724,41.99976,463
L2-101,2.81726,41.99972,464
L2-101,2.81732,41.99966,465
L2-101,2.81732,41.99962,466
L2-101,2.81732,41.99959,467
L2-101,2.81731,41.99954,468
L2-101,2.81732,41.99942,469
L2-101,2.81671,41.99811,470
L2-101,2.81667,41.99802,471
L2-101,2.81655,41.99778,472
L2-101,2.81645,41.99758,473
L2-101,2.81641,41.99748,474
L2-101,2.81619,41.99698,475
L2-101,2.81605,41.99666,476
L2-101,2.81604,41.99665,477
L2-101,2.81592,41.99639,478
L2-101,2.81587,41.99631,479
L2-101,2.81584,41.99626,480
L2-101,2.81583,41.99621,481
L2-101,2.81583,41.9962,482
L2-101,2.81574,41.99608,483
L2-101,2.81568,41.996,484
L2-101,2.81559,41.99589,485
L2-101,2.8155,41.9958,486
L2-101,2.81539,41.9957,487
L2-101,2.81508,41.99541,488
L2-101,2.81475,41.99511,489
L2-101,2.8146,41.99498,490
L2-101,2.81458,41.99515,491
L2-101,2.81457,41.99523,492
L2-101,2.81456,41.99531,493
L2-101,2.81456,41.99539,494
L2-101,2.81457,41.99544,495
L2-101,2.81459,41.99548,496
L2-101,2.81466,41.9956,497
L2-101,2.81484,41.99576,498
L2-101,2.81505,41.99599,499
L2-101,2.81556,41.99648,500
L2-101,2.81563,41.99656,501
L2-101,2.81569,41.99662,502
L2-101,2.81575,41.9967,503
L2-101,2.81579,41.99677,504
L2-101,2.81579,41.9968,505
L2-101,2.81579,41.99683,506
L2-101,2.81578,41.99687,507
L2-101,2.81575,41.99691,508
L2-101,2.81572,41.99694,509
L2-101,2.81569,41.99696,510
L2-101,2.81565,41.99698,511
L2-101,2.81561,41.997,512
L2-101,2.81556,41.99701,513
L2-101,2.8155,41.99702,514
L2-101,2.81545,41.99702,515
L2-101,2.81541,41.99702,516
L2-101,2.8154,41.99701,517
L2-101,2.81536,41.99701,518
L2-101,2.81533,41.99699,519
L2-101,2.81529,41.99697,520
L2-101,2.81525,41.99694,521
L2-101,2.81521,41.99688,522
L2-101,2.81518,41.99682,523
L2-101,2.81506,41.99653,524
L2-101,2.81501,41.99641,525
L2-101,2.81495,41.99629,526
L2-101,2.8149,41.99623,527
L2-101,2.81483,41.99618,528
L2-101,2.81479,41.99615,529
L2-101,2.8146,41.99604,530
L2-101,2.81441,41.99593,531
L2-101,2.81431,41.99587,532
L2-101,2.81423,41.99581,533
L2-101,2.81418,41.99575,534
L2-101,2.8141,41.99562,535
L2-101,2.81407,41.99556,536
L2-101,2.814,41.99548,537
L2-101,2.81397,41.99546,538
L2-101,2.81395,41.99545,539
L2-101,2.81392,41.99544,540
L2-101,2.8139,41.99543,541
L2-101,2.81386,41.99542,542
L2-101,2.81381,41.99542,543
L2-101,2.81366,41.99541,544
L2-101,2.81354,41.9954,545
L2-101,2.81348,41.9954,546
L2-101,2.81344,41.9954,547
L2-101,2.81336,41.99541,548
L2-101,2.81328,41.99543,549
L2-101,2.81322,41.99544,550
L2-101,2.81315,41.99546,551
L2-101,2.81307,41.99549,552
L2-101,2.81289,41.99559,553
L2-101,2.81285,41.99564,554
L2-101,2.81283,41.99567,555
L2-101,2.81281,41.99573,556
L2-101,2.8128,41.99578,557
L2-101,2.81279,41.99581,558
L2-101,2.81279,41.99584,559
L2-101,2.8128,41.99597,560
L2-101,2.81284,41.9962,561
L2-101,2.81287,41.99629,562
L2-101,2.81292,41.99636,563
L2-101,2.81302,41.99646,564
L2-101,2.81315,41.99656,565
L2-101,2.81328,41.99662,566
L2-101,2.81357,41.99674,567
L2-101,2.81398,41.99691,568
L7-302,2.83229,41.98483,2
L7-302,2.8324,41.98476,3
L7-302,2.83248,41.98471,4
L7-302,2.83259,41.98465,5
L7-302,2.83287,41.98449,6
L7-302,2.83312,41.98436,7
L7-302,2.83314,41.98435,8
L7-302,2.83317,41.98431,9
L7-302,2.8332,41.98424,10
L7-302,2.83325,41.98415,11
L7-302,2.83329,41.98397,12
L7-302,2.8333,41.98396,13
L7-302,2.83342,41.98365,14
L7-302,2.83345,41.9836,15
L7-302,2.83347,41.98355,16
L7-302,2.83348,41.98351,17
L7-302,2.83349,41.98347,18
L7-302,2.83349,41.98343,19
L7-302,2.83348,41.98337,20
L7-302,2.83346,41.98332,21
L7-302,2.83345,41.98327,22
L7-302,2.83343,41.98319,23
L7-302,2.83341,41.98312,24
L7-302,2.83339,41.98304,25
L7-302,2.83335,41.98292,26
L7-302,2.83321,41.98268,27
L7-302,2.83316,41.98261,28
L7-302,2.83313,41.98257,29
L7-302,2.83308,41.98253,30
L7-302,2.83305,41.9825,31
L7-302,2.83302,41.98248,32
L7-302,2.83299,41.98247,33
L7-302,2.83286,41.98241,34
L7-302,2.83267,41.98234,35
L7-302,2.83235,41.98224,36
L7-302,2.83221,41.9822,37
L7-302,2.83204,41.98215,38
L7-302,2.83183,41.98207,39
L7-302,2.8318,41.98205,40
L7-302,2.83175,41.98204,41
L7-302,2.83171,41.98203,42
L7-302,2.83165,41.98202,43
L7-302,2.8316,41.98202,44
L7-302,2.83154,41.98203,45
L7-302,2.83137,41.98205,46
L7-302,2.83116,41.98206,47
L7-302,2.831,41.98205,48
L7-302,2.83088,41.98204,49
L7-302,2.83078,41.982,50
L7-302,2.83072,41.98195,51
L7-302,2.83069,41.9819,52
L7-302,2.83069,41.98185,53
L7-302,2.83071,41.98182,54
L7-302,2.83074,41.98179,55
L7-302,2.8308,41.98175,56
L7-302,2.83086,41.98173,57
L7-302,2.831,41.98168,58
L7-302,2.83105,41.98166,59
L7-302,2.83108,41.98166,60
L7-302,2.8311,41.98166,61
L7-302,2.83112,41.98166,62
L7-302,2.83115,41.98166,63
L7-302,2.83121,41.98166,64
L7-302,2.83128,41.98166,65
L7-302,2.83138,41.98165,66
L7-302,2.83152,41.98161,67
L7-302,2.8317,41.98156,68
L7-302,2.83183,41.98148,69
L7-302,2.83194,41.98141,70
L7-302,2.83214,41.98131,71
L7-302,2.83227,41.98126,72
L7-302,2.83234,41.98122,73
L7-302,2.83241,41.98117,74
L7-302,2.83255,41.98107,75
L7-302,2.83271,41.98093,76
L7-302,2.83275,41.98088,77
L7-302,2.83282,41.98079,78
L7-302,2.83289,41.9807,79
L7-302,2.83293,41.98065,80
L7-302,2.83298,41.9806,81
L7-302,2.83307,41.98054,82
L7-302,2.83317,41.98049,83
L7-302,2.83326,41.98045,84
L7-302,2.83339,41.98041,85
L7-302,2.83351,41.98036,86
L7-302,2.83356,41.98033,87
L7-302,2.83363,41.9803,88
L7-302,2.83368,41.98026,89
L7-302,2.83371,41.98021,90
L7-302,2.83373,41.98011,91
L7-302,2.83377,41.97992,92
L7-302,2.83378,41.9798,93
L7-302,2.83379,41.97966,94
L7-302,2.83382,41.97953,95
L7-302,2.83386,41.97946,96
L7-302,2.83392,41.97939,97
L7-302,2.834,41.97932,98
L7-302,2.83404,41.97926,99
L7-302,2.83424,41.97892,100
L7-302,2.8344,41.97866,101
L7-302,2.83446,41.97858,102
L7-302,2.83457,41.97846,103
L7-302,2.8347,41.97834,104
L7-302,2.83488,41.97818,105
L7-302,2.83497,41.97808,106
L7-302,2.83502,41.97802,107
L7-302,2.8351,41.97788,108
L7-302,2.83514,41.97766,109
L7-302,2.83515,41.97759,110
L7-302,2.83514,41.97753,111
L7-302,2.83513,41.97749,112
L7-302,2.83513,41.97748,113
L7-302,2.83513,41.97749,114
L7-302,2.83514,41.97753,115
L7-302,2.83515,41.97759,116
L7-302,2.83514,41.97766,117
L7-302,2.8351,41.97788,118
L7-302,2.83502,41.97802,119
L7-302,2.83497,41.97808,120
L7-302,2.83488,41.97818,121
L7-302,2.8347,41.97834,122
L7-302,2.83457,41.97846,123
L7-302,2.83446,41.97858,124
L7-302,2.8344,41.97866,125
L7-302,2.83424,41.97892,126
L7-302,2.83404,41.97926,127
L7-302,2.834,41.97932,128
L7-302,2.83392,41.97939,129
L7-302,2.83386,41.97946,130
L7-302,2.83382,41.97953,131
L7-302,2.83379,41.97966,132
L7-302,2.83378,41.9798,133
L7-302,2.83377,41.97992,134
L7-302,2.83373,41.98011,135
L7-302,2.83371,41.98021,136
L7-302,2.83368,41.98026,137
L7-302,2.83363,41.9803,138
L7-302,2.83356,41.98033,139
L7-302,2.83351,41.98036,140
L7-302,2.83339,41.98041,141
L7-302,2.83326,41.98045,142
L7-302,2.83317,41.98049,143
L7-302,2.83307,41.98054,144
L7-302,2.83298,41.9806,145
L7-302,2.83293,41.98065,146
L7-302,2.83289,41.9807,147
L7-302,2.83282,41.98079,148
L7-302,2.83275,41.98088,149
L7-302,2.83271,41.98093,150
L7-302,2.83255,41.98107,151
L7-302,2.83241,41.98117,152
L7-302,2.83234,41.98122,153
L7-302,2.83227,41.98126,154
L7-302,2.83214,41.98131,155
L7-302,2.83194,41.98141,156
L7-302,2.83183,41.98148,157
L7-302,2.8317,41.98156,158
L7-302,2.83152,41.98161,159
L7-302,2.83138,41.98165,160
L7-302,2.83128,41.98166,161
L7-302,2.83121,41.98166,162
L7-302,2.83115,41.98166,163
L7-302,2.83112,41.98166,164
L7-302,2.83095,41.9813,165
L7-302,2.83077,41.98092,166
L7-302,2.8306,41.98055,167
L7-302,2.8305,41.98034,168
L7-302,2.83044,41.98025,169
L7-302,2.83035,41.98014,170
L7-302,2.83014,41.97996,171
L7-302,2.82995,41.97982,172
L7-302,2.82978,41.97971,173
L7-302,2.82961,41.9796,174
L7-302,2.82946,41.97952,175
L7-302,2.82931,41.97945,176
L7-302,2.82923,41.97943,177
L7-302,2.82914,41.97941,178
L7-302,2.8289,41.9794,179
L7-302,2.82877,41.9794,180
L7-302,2.82861,41.97941,181
L7-302,2.82846,41.97945,182
L7-302,2.82828,41.97955,183
L7-302,2.82825,41.97955,184
L7-302,2.82821,41.97956,185
L7-302,2.82816,41.97957,186
L7-302,2.82811,41.9796,187
L7-302,2.82806,41.97964,188
L7-302,2.82803,41.97969,189
L7-302,2.82799,41.97978,190
L7-302,2.82796,41.97985,191
L7-302,2.82784,41.98029,192
L7-302,2.8276,41.98068,193
L7-302,2.82745,41.98071,194
L7-302,2.82728,41.98072,195
L7-302,2.82718,41.98073,196
L7-302,2.82711,41.98073,197
L7-302,2.82709,41.98073,198
L7-302,2.82697,41.98072,199
L7-302,2.82682,41.98072,200
L7-302,2.82669,41.98073,201
L7-302,2.82665,41.98073,202
L7-302,2.82655,41.98073,203
L7-302,2.82642,41.98074,204
L7-302,2.82637,41.98073,205
L7-302,2.82631,41.98071,206
L7-302,2.82627,41.9807,207
L7-302,2.82612,41.98064,208
L7-302,2.82603,41.9806,209
L7-302,2.82596,41.98059,210
L7-302,2.82591,41.98058,211
L7-302,2.82582,41.98058,212
L7-302,2.82574,41.98057,213
L7-302,2.82571,41.98056,214
L7-302,2.82564,41.98055,215
L7-302,2.82537,41.98047,216
L7-302,2.82534,41.98046,217
L7-302,2.8253,41.98044,218
L7-302,2.82528,41.98044,219
L7-302,2.82526,41.98044,220
L7-302,2.82521,41.98046,221
L7-302,2.82513,41.98052,222
L7-302,2.82502,41.98061,223
L7-302,2.82499,41.98063,224
L7-302,2.82496,41.98064,225
L7-302,2.82494,41.98064,226
L7-302,2.82492,41.98064,227
L7-302,2.82481,41.98063,228
L7-302,2.82425,41.98062,229
L7-302,2.82416,41.98063,230
L7-302,2.82389,41.98104,231
L7-302,2.82384,41.98112,232
L7-302,2.82382,41.98114,233
L7-302,2.8238,41.98116,234
L7-302,2.82377,41.9812,235
L7-302,2.82375,41.98123,236
L7-302,2.82373,41.98125,237
L7-302,2.8237,41.98128,238
L7-302,2.82368,41.98136,239
L7-302,2.82364,41.98151,240
L7-302,2.82361,41.9818,241
L7-302,2.82362,41.9819,242
L7-302,2.82362,41.98204,243
L7-302,2.82361,41.98213,244
L7-302,2.8236,41.98215,245
L7-302,2.8236,41.98216,246
L7-302,2.8236,41.98217,247
L7-302,2.82358,41.98218,248
L7-302,2.82357,41.98218,249
L7-302,2.82348,41.98221,250
L7-302,2.82323,41.98219,251
L7-302,2.82311,41.98218,252
L7-302,2.82302,41.98219,253
L7-302,2.82288,41.98221,254
L7-302,2.82286,41.98222,255
L7-302,2.82271,41.98224,256
L7-302,2.82252,41.98229,257
L7-302,2.82199,41.9824,258
L7-302,2.82192,41.98241,259
L7-302,2.82172,41.98244,260
L7-302,2.8216,41.98244,261
L7-302,2.82094,41.9824,262
L7-302,2.82063,41.98238,263
L7-302,2.81991,41.98234,264
L7-302,2.82006,41.98175,265
L7-302,2.82014,41.9815,266
L7-302,2.82018,41.98139,267
L7-302,2.81976,41.98143,268
L7-302,2.81975,41.98143,269
L7-302,2.81965,41.98144,270
L7-302,2.81903,41.98152,271
L7-302,2.81908,41.98168,272
L7-302,2.81907,41.98183,273
L7-302,2.81912,41.9819,274
L7-302,2.81915,41.98195,275
L7-302,2.81918,41.98201,276
L7-302,2.81918,41.98204,277
L7-302,2.81919,41.98206,278
L7-302,2.81925,41.98218,279
L7-302,2.81926,41.98223,280
L7-302,2.81925,41.98225,281
L7-302,2.81924,41.98227,282
L7-302,2.81923,41.98229,283
L7-302,2.81922,41.9823,284
L7-302,2.8192,41.98232,285
L7-302,2.81918,41.98232,286
L7-302,2.81913,41.98234,287
L7-302,2.81911,41.98235,288
L7-302,2.8191,41.98235,289
L7-302,2.81908,41.98235,290
L7-302,2.81906,41.98235,291
L7-302,2.81903,41.98235,292
L7-302,2.81901,41.98234,293
L7-302,2.81899,41.98233,294
L7-302,2.81896,41.98233,295
L7-302,2.81894,41.98231,296
L7-302,2.81884,41.98227,297
L7-302,2.81822,41.98201,298
L7-302,2.81813,41.98198,299
L7-302,2.81769,41.98179,300
L7-302,2.81754,41.98174,301
L7-302,2.81704,41.98152,302
L7-302,2.81639,41.98124,303
L7-302,2.81595,41.98107,304
L7-302,2.81588,41.98104,305
L7-302,2.81577,41.981,306
L7-302,2.8157,41.98097,307
L7-302,2.8156,41.98094,308
L7-302,2.8154,41.98086,309
L7-302,2.81505,41.98073,310
L7-302,2.81427,41.98039,311
L7-302,2.81416,41.98035,312
L7-302,2.81357,41.9801,313
L7-302,2.81333,41.98,314
L7-302,2.8127,41.97975,315
L7-302,2.81178,41.97938,316
L7-302,2.8116,41.97931,317
L7-302,2.81149,41.97926,318
L7-302,2.81139,41.97922,319
L7-302,2.81106,41.97904,320
L7-302,2.81105,41.97906,321
L7-302,2.81104,41.97907,322
L7-302,2.81101,41.97909,323
L7-302,2.81099,41.97909,324
L7-302,2.81097,41.9791,325
L7-302,2.81095,41.9791,326
L7-302,2.81094,41.9791,327
L7-302,2.81092,41.9791,328
L7-302,2.81088,41.97909,329
L7-302,2.81085,41.97908,330
L7-302,2.81081,41.97907,331
L7-302,2.81077,41.97905,332
L7-302,2.81076,41.97904,333
L7-302,2.81075,41.97903,334
L7-302,2.81074,41.97901,335
L7-302,2.81074,41.97899,336
L7-302,2.81075,41.97896,337
L7-302,2.81076,41.97893,338
L7-302,2.81058,41.97845,339
L7-302,2.8103,41.9778,340
L7-302,2.81026,41.9777,341
L7-302,2.8102,41.97754,342
L7-302,2.81005,41.9772,343
L7-302,2.80977,41.97662,344
L7-302,2.80974,41.9766,345
L7-302,2.80973,41.9766,346
L7-302,2.80943,41.97657,347
L7-302,2.80916,41.97652,348
L7-302,2.80893,41.97648,349
L7-302,2.80883,41.97645,350
L7-302,2.80848,41.97635,351
L7-302,2.80818,41.97626,352
L7-302,2.8079,41.97614,353
L7-302,2.80771,41.97604,354
L7-302,2.80735,41.97584,355
L7-302,2.80681,41.9755,356
L7-302,2.80669,41.97541,357
L7-302,2.80653,41.97531,358
L7-302,2.80641,41.97525,359
L7-302,2.8063,41.9752,360
L7-302,2.80621,41.97517,361
L7-302,2.80612,41.97514,362
L7-302,2.80593,41.9751,363
L7-302,2.80596,41.97503,364
L7-302,2.80714,41.97429,365
L7-302,2.80681,41.97373,366
L7-302,2.80677,41.97367,367
L7-302,2.80665,41.97347,368
L7-302,2.80651,41.97325,369
L7-302,2.80636,41.97301,370
L7-302,2.80609,41.97256,371
L7-302,2.80596,41.97235,372
L7-202,2.8274,41.98568,2
L7-202,2.82747,41.98544,3
L7-202,2.82753,41.98528,4
L7-202,2.82754,41.98523,5
L7-202,2.82756,41.98518,6
L7-202,2.82765,41.9852,7
L7-202,2.82766,41.9852,8
L7-202,2.82767,41.9852,9
L7-202,2.82768,41.98519,10
L7-202,2.82771,41.98515,11
L7-202,2.82774,41.9851,12
L7-202,2.82774,41.98504,13
L7-202,2.82775,41.985,14
L7-202,2.82774,41.98498,15
L7-202,2.82775,41.98494,16
L7-202,2.82777,41.98466,17
L7-202,2.82782,41.98402,18
L7-202,2.82782,41.98398,19
L7-202,2.82783,41.98395,20
L7-202,2.82785,41.9839,21
L7-202,2.8279,41.98382,22
L7-202,2.82799,41.98367,23
L7-202,2.82728,41.9831,24
L7-202,2.82718,41.98299,25
L7-202,2.82714,41.98295,26
L7-202,2.82687,41.98266,27
L7-202,2.82652,41.98229,28
L7-202,2.82647,41.98224,29
L7-202,2.82645,41.9822,30
L7-202,2.82643,41.98217,31
L7-202,2.82639,41.98208,32
L7-202,2.82622,41.98163,33
L7-202,2.82622,41.98162,34
L7-202,2.8262,41.98156,35
L7-202,2.8262,41.98152,36
L7-202,2.8262,41.98151,37
L7-202,2.82621,41.98148,38
L7-202,2.82622,41.98146,39
L7-202,2.82623,41.98144,40
L7-202,2.8264,41.98105,41
L7-202,2.82643,41.98098,42
L7-202,2.82645,41.98094,43
L7-202,2.82645,41.98091,44
L7-202,2.82645,41.98087,45
L7-202,2.82645,41.98082,46
L7-202,2.82644,41.98078,47
L7-202,2.82642,41.98074,48
L7-202,2.82637,41.98073,49
L7-202,2.82631,41.98071,50
L7-202,2.82627,41.9807,51
L7-202,2.82612,41.98064,52
L7-202,2.82603,41.9806,53
L7-202,2.82596,41.98059,54
L7-202,2.82591,41.98058,55
L7-202,2.82582,41.98058,56
L7-202,2.82574,41.98057,57
L7-202,2.82571,41.98056,58
L7-202,2.82564,41.98055,59
L7-202,2.82537,41.98047,60
L7-202,2.82534,41.98046,61
L7-202,2.8253,41.98044,62
L7-202,2.82528,41.98044,63
L7-202,2.82526,41.98044,64
L7-202,2.82521,41.98046,65
L7-202,2.82513,41.98052,66
L7-202,2.82502,41.98061,67
L7-202,2.82499,41.98063,68
L7-202,2.82496,41.98064,69
L7-202,2.82494,41.98064,70
L7-202,2.82492,41.98064,71
L7-202,2.82481,41.98063,72
L7-202,2.82428,41.98062,73
L7-202,2.82425,41.98062,74
L7-202,2.82416,41.98063,75
L7-202,2.82389,41.98104,76
L7-202,2.82384,41.98112,77
L7-202,2.82382,41.98114,78
L7-202,2.8238,41.98116,79
L7-202,2.82377,41.9812,80
L7-202,2.82375,41.98123,81
L7-202,2.82373,41.98125,82
L7-202,2.8237,41.98128,83
L7-202,2.82368,41.98136,84
L7-202,2.82364,41.98151,85
L7-202,2.82361,41.9818,86
L7-202,2.82362,41.9819,87
L7-202,2.82362,41.98204,88
L7-202,2.82361,41.98213,89
L7-202,2.8236,41.98215,90
L7-202,2.8236,41.98216,91
L7-202,2.8236,41.98217,92
L7-202,2.82358,41.98218,93
L7-202,2.82357,41.98218,94
L7-202,2.82348,41.98221,95
L7-202,2.82323,41.98219,96
L7-202,2.82311,41.98218,97
L7-202,2.82302,41.98219,98
L7-202,2.82288,41.98221,99
L7-202,2.82286,41.98222,100
L7-202,2.82271,41.98224,101
L7-202,2.82252,41.98229,102
L7-202,2.82199,41.9824,103
L7-202,2.82192,41.98241,104
L7-202,2.82172,41.98244,105
L7-202,2.8216,41.98244,106
L7-202,2.82094,41.9824,107
L7-202,2.82063,41.98238,108
L7-202,2.81991,41.98234,109
L7-202,2.82006,41.98175,110
L7-202,2.82014,41.9815,111
L7-202,2.82018,41.98139,112
L7-202,2.81976,41.98143,113
L7-202,2.81975,41.98143,114
L7-202,2.81965,41.98144,115
L7-202,2.81903,41.98152,116
L7-202,2.81908,41.98168,117
L7-202,2.81907,41.98183,118
L7-202,2.81912,41.9819,119
L7-202,2.81915,41.98195,120
L7-202,2.81918,41.98201,121
L7-202,2.81919,41.98206,122
L7-202,2.81925,41.98218,123
L7-202,2.81926,41.98223,124
L7-202,2.81925,41.98225,125
L7-202,2.81924,41.98227,126
L7-202,2.81923,41.98229,127
L7-202,2.81922,41.9823,128
L7-202,2.8192,41.98232,129
L7-202,2.81918,41.98232,130
L7-202,2.81913,41.98234,131
L7-202,2.81911,41.98235,132
L7-202,2.8191,41.98235,133
L7-202,2.81908,41.98235,134
L7-202,2.81906,41.98235,135
L7-202,2.81903,41.98235,136
L7-202,2.81901,41.98234,137
L7-202,2.81899,41.98233,138
L7-202,2.81896,41.98233,139
L7-202,2.81894,41.98231,140
L7-202,2.81884,41.98227,141
L7-202,2.81822,41.98201,142
L7-202,2.81813,41.98198,143
L7-202,2.81769,41.98179,144
L7-202,2.81754,41.98174,145
L7-202,2.81704,41.98152,146
L7-202,2.81639,41.98124,147
L7-202,2.81595,41.98107,148
L7-202,2.81592,41.98103,149
L7-202,2.81591,41.98101,150
L7-202,2.81591,41.981,151
L7-202,2.81592,41.98099,152
L7-202,2.81592,41.98098,153
L7-202,2.81606,41.98082,154
L7-202,2.8162,41.98073,155
L7-202,2.81625,41.9807,156
L7-202,2.81633,41.98069,157
L7-202,2.81639,41.98068,158
L7-202,2.81646,41.98069,159
L7-202,2.81711,41.98088,160
L7-202,2.81728,41.98091,161
L7-202,2.81742,41.98094,162
L7-202,2.81752,41.98095,163
L7-202,2.81778,41.98088,164
L7-202,2.81787,41.98086,165
L5-102,2.802324752105438,41.99690554983406,2
L5-102,2.802441029408345,41.99665314062756,3
L5-102,2.802531758290672,41.99647994180135,4
L5-102,2.802590444597246,41.99638471354903,5
L5-102,2.802673141469096,41.99624974195618,6
L5-102,2.80268,41.99624,7
L5-102,2.80281,41.99614,8
L5-102,2.80291,41.99608,9
L5-102,2.80292,41.99608,10
L5-102,2.80295,41.99606,11
L5-102,2.80301,41.99603,12
L5-102,2.80317,41.99594,13
L5-102,2.80333,41.99584,14
L5-102,2.80354,41.99572,15
L5-102,2.8036,41.99568,16
L5-102,2.80366,41.99563,17
L5-102,2.8037,41.9956,18
L5-102,2.80374,41.99555,19
L5-102,2.80378,41.99551,20
L5-102,2.80385,41.99539,21
L5-102,2.80387,41.99533,22
L5-102,2.80389,41.99527,23
L5-102,2.80391,41.99513,24
L5-102,2.80398,41.99484,25
L5-102,2.80401,41.99473,26
L5-102,2.80401,41.99466,27
L5-102,2.80402,41.99453,28
L5-102,2.80411,41.99452,29
L5-102,2.80433,41.99448,30
L5-102,2.80443,41.99446,31
L5-102,2.80449,41.99445,32
L5-102,2.80487,41.99439,33
L5-102,2.8051,41.99435,34
L5-102,2.80516,41.99434,35
L5-102,2.80559,41.99428,36
L5-102,2.80568,41.99427,37
L5-102,2.80569,41.99427,38
L5-102,2.80598,41.99424,39
L5-102,2.8061,41.99423,40
L5-102,2.80626,41.99421,41
L5-102,2.8065,41.99421,42
L5-102,2.80706,41.99411,43
L5-102,2.80729,41.9941,44
L5-102,2.80735,41.99409,45
L5-102,2.80749,41.99408,46
L5-102,2.80772,41.99407,47
L5-102,2.80779,41.99406,48
L5-102,2.80785,41.99404,49
L5-102,2.80791,41.99403,50
L5-102,2.80801,41.99399,51
L5-102,2.80807,41.99397,52
L5-102,2.80817,41.99391,53
L5-102,2.80824,41.99387,54
L5-102,2.80828,41.99384,55
L5-102,2.80836,41.99376,56
L5-102,2.8084,41.9937,57
L5-102,2.80854,41.99349,58
L5-102,2.80856,41.99345,59
L5-102,2.80862,41.99326,60
L5-102,2.80864,41.99322,61
L5-102,2.80884,41.9927,62
L5-102,2.80884,41.99269,63
L5-102,2.80885,41.99263,64
L5-102,2.80885,41.9926,65
L5-102,2.80885,41.99257,66
L5-102,2.80885,41.99253,67
L5-102,2.80885,41.99249,68
L5-102,2.80883,41.99241,69
L5-102,2.80883,41.9924,70
L5-102,2.80882,41.99239,71
L5-102,2.80881,41.99238,72
L5-102,2.8088,41.99237,73
L5-102,2.8088,41.99236,74
L5-102,2.80879,41.99236,75
L5-102,2.80878,41.99234,76
L5-102,2.80878,41.99233,77
L5-102,2.80877,41.99231,78
L5-102,2.80877,41.9923,79
L5-102,2.80877,41.99228,80
L5-102,2.80877,41.99227,81
L5-102,2.80877,41.99226,82
L5-102,2.80878,41.99224,83
L5-102,2.80879,41.99223,84
L5-102,2.8088,41.99221,85
L5-102,2.8088,41.99219,86
L5-102,2.80881,41.99218,87
L5-102,2.80882,41.99218,88
L5-102,2.80883,41.99217,89
L5-102,2.80884,41.99216,90
L5-102,2.80885,41.99215,91
L5-102,2.80887,41.99214,92
L5-102,2.80888,41.99213,93
L5-102,2.8089,41.99213,94
L5-102,2.80892,41.99212,95
L5-102,2.80893,41.99212,96
L5-102,2.80895,41.99211,97
L5-102,2.80897,41.99211,98
L5-102,2.80899,41.99211,99
L5-102,2.80901,41.99211,100
L5-102,2.80902,41.99211,101
L5-102,2.80904,41.99211,102
L5-102,2.80906,41.99211,103
L5-102,2.80908,41.99212,104
L5-102,2.8091,41.99212,105
L5-102,2.80911,41.99212,106
L5-102,2.80913,41.99213,107
L5-102,2.80914,41.99214,108
L5-102,2.80916,41.99214,109
L5-102,2.80917,41.99215,110
L5-102,2.80918,41.99216,111
L5-102,2.80919,41.99217,112
L5-102,2.8092,41.99218,113
L5-102,2.80921,41.99219,114
L5-102,2.80927,41.9922,115
L5-102,2.80933,41.99221,116
L5-102,2.80937,41.99222,117
L5-102,2.80942,41.99224,118
L5-102,2.80948,41.99225,119
L5-102,2.80951,41.99226,120
L5-102,2.80956,41.99226,121
L5-102,2.80984,41.99227,122
L5-102,2.8102,41.99226,123
L5-102,2.81061,41.99226,124
L5-102,2.81069,41.99226,125
L5-102,2.81078,41.99226,126
L5-102,2.81102,41.99227,127
L5-102,2.81111,41.99228,128
L5-102,2.81119,41.99227,129
L5-102,2.81122,41.99227,130
L5-102,2.81127,41.99225,131
L5-102,2.81131,41.99225,132
L5-102,2.81137,41.99223,133
L5-102,2.81137,41.99222,134
L5-102,2.81138,41.99222,135
L5-102,2.81138,41.99221,136
L5-102,2.81138,41.9922,137
L5-102,2.81139,41.9922,138
L5-102,2.81139,41.99219,139
L5-102,2.8114,41.99219,140
L5-102,2.8114,41.99218,141
L5-102,2.81141,41.99217,142
L5-102,2.81143,41.99216,143
L5-102,2.81144,41.99214,144
L5-102,2.81146,41.99213,145
L5-102,2.81148,41.99212,146
L5-102,2.81149,41.99211,147
L5-102,2.81151,41.99211,148
L5-102,2.81155,41.99208,149
L5-102,2.81163,41.99208,150
L5-102,2.81166,41.99208,151
L5-102,2.81169,41.99208,152
L5-102,2.81173,41.99208,153
L5-102,2.81176,41.99209,154
L5-102,2.81179,41.9921,155
L5-102,2.81182,41.99211,156
L5-102,2.81185,41.99212,157
L5-102,2.81187,41.99213,158
L5-102,2.8119,41.99215,159
L5-102,2.81192,41.99217,160
L5-102,2.81194,41.99219,161
L5-102,2.81196,41.99222,162
L5-102,2.81299,41.99222,163
L5-102,2.81306,41.99222,164
L5-102,2.81375,41.9922,165
L5-102,2.81385,41.9922,166
L5-102,2.8141,41.9922,167
L5-102,2.81472,41.99219,168
L5-102,2.81479,41.99219,169
L5-102,2.81482,41.99219,170
L5-102,2.81559,41.99217,171
L5-102,2.81645,41.99216,172
L5-102,2.81692,41.99215,173
L5-102,2.81703,41.99215,174
L5-102,2.81711,41.99215,175
L5-102,2.8175,41.99214,176
L5-102,2.81758,41.99213,177
L5-102,2.81761,41.99213,178
L5-102,2.81813,41.99215,179
L5-102,2.81814,41.99214,180
L5-102,2.81815,41.99214,181
L5-102,2.81815,41.99213,182
L5-102,2.81816,41.99213,183
L5-102,2.81816,41.99212,184
L5-102,2.81817,41.99212,185
L5-102,2.81818,41.99211,186
L5-102,2.81819,41.99211,187
L5-102,2.8182,41.99211,188
L5-102,2.8182,41.9921,189
L5-102,2.81821,41.9921,190
L5-102,2.81822,41.9921,191
L5-102,2.81823,41.9921,192
L5-102,2.81824,41.99209,193
L5-102,2.81825,41.99209,194
L5-102,2.81826,41.99209,195
L5-102,2.81827,41.99209,196
L5-102,2.81828,41.99209,197
L5-102,2.81829,41.99209,198
L5-102,2.8183,41.99209,199
L5-102,2.81836,41.99195,200
L5-102,2.81843,41.99185,201
L5-102,2.81847,41.99177,202
L5-102,2.81859,41.99152,203
L5-102,2.81868,41.99135,204
L5-102,2.8187,41.99129,205
L5-102,2.8188,41.99104,206
L5-102,2.81886,41.99091,207
L5-102,2.81899,41.99058,208
L5-102,2.81922,41.99005,209
L5-102,2.81926,41.98996,210
L5-102,2.81928,41.98992,211
L5-102,2.81933,41.98984,212
L5-102,2.81938,41.98982,213
L5-102,2.81946,41.98982,214
L5-102,2.81981,41.98984,215
L5-102,2.82018,41.98985,216
L5-102,2.82038,41.98985,217
L5-102,2.82048,41.98985,218
L5-102,2.82052,41.98984,219
L5-102,2.82061,41.98984,220
L5-102,2.82081,41.98976,221
L5-102,2.82165,41.98935,222
L5-102,2.82178,41.98929,223
L5-102,2.82178,41.98925,224
L5-102,2.82179,41.98921,225
L5-102,2.82181,41.98917,226
L5-102,2.82183,41.98914,227
L5-102,2.82186,41.9891,228
L5-102,2.82189,41.98907,229
L5-102,2.82193,41.98904,230
L5-102,2.82198,41.98902,231
L5-102,2.82203,41.989,232
L5-102,2.82212,41.98898,233
L5-102,2.82215,41.98884,234
L5-102,2.82225,41.98845,235
L5-102,2.82229,41.98824,236
L5-102,2.82228,41.98816,237
L5-102,2.82226,41.98808,238
L5-102,2.82226,41.98807,239
L5-102,2.82223,41.98801,240
L5-102,2.82219,41.98794,241
L5-102,2.8221,41.98784,242
L5-102,2.82195,41.98771,243
L5-102,2.8215,41.98727,244
L5-102,2.82142,41.98704,245
L5-102,2.82137,41.98701,246
L5-102,2.82124,41.98695,247
L5-102,2.82112,41.98688,248
L5-102,2.82105,41.98681,249
L5-102,2.82098,41.98672,250
L5-102,2.82094,41.98662,251
L5-102,2.82093,41.98659,252
L5-102,2.82092,41.98649,253
L5-102,2.82093,41.98644,254
L5-102,2.82095,41.98641,255
L5-102,2.82097,41.98639,256
L5-102,2.82099,41.98639,257
L5-102,2.82102,41.98637,258
L5-102,2.82104,41.98636,259
L5-102,2.82112,41.98634,260
L5-102,2.82118,41.98634,261
L5-102,2.82123,41.98635,262
L5-102,2.82126,41.98636,263
L5-102,2.82132,41.98639,264
L5-102,2.82146,41.98649,265
L5-102,2.82152,41.98647,266
L5-102,2.82171,41.98641,267
L5-102,2.82181,41.98637,268
L5-102,2.82185,41.98635,269
L5-102,2.82204,41.98626,270
L5-102,2.82232,41.98614,271
L5-102,2.82242,41.98609,272
L5-102,2.82241,41.98608,273
L5-102,2.82241,41.98607,274
L5-102,2.82241,41.98606,275
L5-102,2.82241,41.98605,276
L5-102,2.82241,41.98604,277
L5-102,2.82242,41.98603,278
L5-102,2.82242,41.98602,279
L5-102,2.82243,41.98601,280
L5-102,2.82243,41.986,281
L5-102,2.82244,41.986,282
L5-102,2.82244,41.98599,283
L5-102,2.82238,41.9859,284
L5-102,2.82232,41.98584,285
L5-102,2.82218,41.98572,286
L5-102,2.82212,41.98566,287
L5-102,2.82212,41.98565,288
L5-102,2.82142,41.98515,289
L5-102,2.82136,41.98512,290
L5-102,2.82134,41.98509,291
L5-102,2.82112,41.98491,292
L5-102,2.821,41.98481,293
L5-102,2.82072,41.98458,294
L5-102,2.82061,41.98449,295
L5-102,2.82055,41.98444,296
L5-102,2.82054,41.98443,297
L5-102,2.82038,41.98426,298
L5-102,2.81977,41.98361,299
L5-102,2.81973,41.98352,300
L5-102,2.81972,41.98344,301
L5-102,2.81974,41.9833,302
L5-102,2.81975,41.9832,303
L5-102,2.81976,41.98315,304
L5-102,2.81983,41.98272,305
L5-102,2.81984,41.98268,306
L5-102,2.8191,41.98235,307
L5-102,2.81908,41.98235,308
L5-102,2.81906,41.98235,309
L5-102,2.81903,41.98235,310
L5-102,2.81901,41.98234,311
L5-102,2.81899,41.98233,312
L5-102,2.81896,41.98233,313
L5-102,2.81894,41.98231,314
L5-102,2.81884,41.98227,315
L5-102,2.81822,41.98201,316
L5-102,2.81813,41.98198,317
L5-102,2.81769,41.98179,318
L5-102,2.81754,41.98174,319
L5-102,2.81704,41.98152,320
L5-102,2.81639,41.98124,321
L5-102,2.81595,41.98107,322
L5-102,2.81588,41.98104,323
L5-102,2.81577,41.981,324
L5-102,2.8157,41.98097,325
L5-102,2.8156,41.98094,326
L5-102,2.8154,41.98086,327
L5-102,2.81505,41.98073,328
L5-102,2.81427,41.98039,329
L5-102,2.81416,41.98035,330
L5-102,2.81357,41.9801,331
L5-102,2.81333,41.98,332
L5-102,2.81357,41.97969,333
L5-102,2.81373,41.97948,334
L5-102,2.81377,41.97942,335
L5-102,2.81388,41.97924,336
L5-102,2.81395,41.97913,337
L5-102,2.81399,41.97907,338
L5-102,2.81404,41.97901,339
L5-102,2.81409,41.97892,340
L5-102,2.81411,41.97888,341
L5-102,2.81413,41.97878,342
L5-102,2.81413,41.97869,343
L5-102,2.81408,41.97858,344
L5-102,2.81399,41.97835,345
L5-102,2.81377,41.9778,346
L5-102,2.81375,41.97774,347
L5-102,2.81374,41.97772,348
L5-102,2.8137,41.97759,349
L5-102,2.81348,41.97695,350
L5-102,2.81343,41.9768,351
L5-102,2.81338,41.97663,352
L5-102,2.81334,41.97655,353
L5-102,2.81329,41.97639,354
L5-102,2.81328,41.97637,355
L5-102,2.81322,41.97616,356
L5-102,2.81322,41.97615,357
L5-102,2.81321,41.97615,358
L5-102,2.8132,41.97615,359
L5-102,2.81319,41.97615,360
L5-102,2.81319,41.97614,361
L5-102,2.81318,41.97614,362
L5-102,2.81318,41.97613,363
L5-102,2.81317,41.97613,364
L5-102,2.81317,41.97612,365
L5-102,2.81317,41.97611,366
L5-102,2.81317,41.9761,367
L5-102,2.81317,41.97609,368
L5-102,2.81282,41.97594,369
L5-102,2.81273,41.9759,370
L5-102,2.81265,41.97587,371
L5-102,2.8118,41.97554,372
L5-102,2.81161,41.97576,373
L5-102,2.81068,41.97538,374
L5-102,2.81086,41.97513,375
L5-102,2.81078,41.9751,376
L5-102,2.81086,41.97513,377
L5-102,2.81104,41.9749,378
L5-102,2.81106,41.97486,379
L5-102,2.81121,41.97463,380
L5-102,2.81137,41.97441,381
L5-102,2.81174,41.97391,382
L5-102,2.81178,41.97384,383
L5-102,2.81179,41.97383,384
L5-102,2.81196,41.97361,385
L5-102,2.81198,41.97357,386
L5-102,2.812,41.97355,387
L5-102,2.81217,41.97329,388
L5-102,2.81219,41.97327,389
L5-102,2.8124,41.97299,390
L5-102,2.81256,41.97286,391
L5-102,2.81252,41.97276,392
L5-102,2.81247,41.97263,393
L5-102,2.81245,41.97254,394
L5-102,2.81227,41.97209,395
L5-102,2.81214,41.9718,396
L5-102,2.81192,41.9712,397
L5-102,2.81189,41.97113,398
L5-102,2.81187,41.97109,399
L5-102,2.81179,41.97089,400
L5-102,2.81178,41.97084,401
L5-102,2.81168,41.97059,402
L5-102,2.81167,41.97056,403
L5-102,2.81161,41.97041,404
L5-102,2.81158,41.97033,405
L5-102,2.8114,41.96987,406
L5-102,2.81114,41.96921,407
L5-102,2.81112,41.96914,408
L5-102,2.81087,41.96851,409
L5-102,2.81087,41.96849,410
L5-102,2.81083,41.96841,411
L5-102,2.81081,41.96836,412
L5-102,2.81071,41.96811,413
L5-102,2.81049,41.96762,414
L5-102,2.81044,41.9675,415
L5-102,2.8101,41.96717,416
L5-102,2.80993,41.96698,417
L5-102,2.8098,41.96703,418
L5-102,2.80985,41.96708,419
L5-102,2.8098,41.96703,420
L5-102,2.80934,41.96714,421
L5-102,2.80912,41.96719,422
L5-102,2.80904,41.96721,423
L5-102,2.80897,41.96722,424
L5-102,2.80896,41.96723,425
L5-102,2.80892,41.96724,426
L5-102,2.80885,41.96725,427
L5-102,2.80884,41.96725,428
L5-102,2.80829,41.96739,429
L5-102,2.8081,41.96742,430
L5-102,2.80783,41.96745,431
L5-102,2.80786,41.96712,432
L5-102,2.80793,41.96645,433
L10-1,2.818352622178353,41.97973213834771,2
L10-1,2.818693196394602,41.98073001151126,3
L10-1,2.82236039231861,41.97885692897415,4
L10-1,2.821880733604203,41.97858932095001,5
L10-1,2.821669853191711,41.97830202352915,6
L10-1,2.821272871559004,41.97759572642758,7
L10-1,2.820446093474629,41.9760038436817,8
L10-1,2.82047,41.97556,9
L10-1,2.82046,41.97503,10
L10-1,2.82045,41.97484,11
L10-1,2.82046,41.97465,12
L10-1,2.82051,41.97406,13
L10-1,2.8205,41.97399,14
L10-1,2.82049,41.97396,15
L10-1,2.82045,41.9738,16
L10-1,2.82041,41.97363,17
L10-1,2.82034,41.9733,18
L10-1,2.82025,41.97301,19
L10-1,2.82018,41.97275,20
L10-1,2.82016,41.97271,21
L10-1,2.82013,41.97263,22
L10-1,2.82,41.9723,23
L10-1,2.81996,41.9722,24
L10-1,2.81992,41.97211,25
L10-1,2.81984,41.97189,26
L10-1,2.81978,41.97175,27
L10-1,2.81975,41.97171,28
L10-1,2.81971,41.97158,29
L10-1,2.81955,41.97122,30
L10-1,2.81945,41.97102,31
L10-1,2.81935,41.97081,32
L10-1,2.81925,41.97059,33
L10-1,2.81913,41.97036,34
L10-1,2.81894,41.97003,35
L10-1,2.81891,41.96998,36
L10-1,2.81888,41.96991,37
L10-1,2.81886,41.96987,38
L10-1,2.81875,41.96968,39
L10-1,2.81866,41.96951,40
L10-1,2.81856,41.96931,41
L10-1,2.81841,41.96906,42
L10-1,2.81835,41.96906,43
L10-1,2.81831,41.96906,44
L10-1,2.81825,41.96903,45
L10-1,2.81822,41.969,46
L10-1,2.81818,41.96895,47
L10-1,2.81816,41.9689,48
L10-1,2.81816,41.96886,49
L10-1,2.81817,41.96881,50
L10-1,2.81819,41.9688,51
L10-1,2.8182,41.96879,52
L10-1,2.81821,41.96879,53
L10-1,2.81823,41.96878,54
L10-1,2.81824,41.96878,55
L10-1,2.81826,41.96878,56
L10-1,2.81827,41.96877,57
L10-1,2.81829,41.96877,58
L10-1,2.8183,41.96877,59
L10-1,2.81821,41.96862,60
L10-1,2.81815,41.96853,61
L10-1,2.81801,41.96833,62
L10-1,2.81798,41.96828,63
L10-1,2.81784,41.96807,64
L10-1,2.81783,41.96804,65
L10-1,2.81767,41.96784,66
L10-1,2.81738,41.96754,67
L10-1,2.81732,41.96748,68
L10-1,2.81722,41.96739,69
L10-1,2.81707,41.96727,70
L10-1,2.81694,41.96717,71
L10-1,2.81664,41.96695,72
L10-1,2.81642,41.96676,73
L10-1,2.81601,41.96647,74
L10-1,2.81559,41.96625,75
L10-1,2.81546,41.96618,76
L10-1,2.81519,41.96604,77
L10-1,2.81486,41.96585,78
L10-1,2.8148,41.96582,79
L10-1,2.81459,41.96567,80
L10-1,2.81449,41.96559,81
L10-1,2.81432,41.96544,82
L10-1,2.81414,41.96528,83
L10-1,2.81408,41.96523,84
L10-1,2.81391,41.96508,85
L10-1,2.81382,41.96498,86
L10-1,2.81373,41.96486,87
L10-1,2.81365,41.96473,88
L10-1,2.81361,41.96466,89
L10-1,2.81358,41.9646,90
L10-1,2.8135,41.96446,91
L10-1,2.81329,41.96396,92
L10-1,2.81322,41.96382,93
L10-1,2.81281,41.96269,94
L10-1,2.8128,41.96268,95
L10-1,2.81278,41.96268,96
L10-1,2.81277,41.96267,97
L10-1,2.81275,41.96265,98
L10-1,2.81274,41.96264,99
L10-1,2.81273,41.96263,100
L10-1,2.81272,41.96262,101
L10-1,2.81271,41.9626,102
L10-1,2.8127,41.96258,103
L10-1,2.8127,41.96257,104
L10-1,2.81269,41.96255,105
L10-1,2.81269,41.96254,106
L10-1,2.81269,41.96253,107
L10-1,2.81269,41.96251,108
L10-1,2.8127,41.9625,109
L10-1,2.81271,41.96247,110
L10-1,2.81271,41.96246,111
L10-1,2.81272,41.96245,112
L10-1,2.81273,41.96245,113
L10-1,2.81273,41.96244,114
L10-1,2.81274,41.96243,115
L10-1,2.81275,41.96243,116
L10-1,2.81276,41.96242,117
L10-1,2.81277,41.96242,118
L10-1,2.81277,41.96241,119
L10-1,2.81279,41.9624,120
L10-1,2.8128,41.9624,121
L10-1,2.81281,41.9624,122
L10-1,2.81282,41.96239,123
L10-1,2.81283,41.96239,124
L10-1,2.81285,41.96239,125
L10-1,2.81286,41.96239,126
L10-1,2.81287,41.96239,127
L10-1,2.81288,41.96239,128
L10-1,2.81289,41.96239,129
L10-1,2.8129,41.96239,130
L10-1,2.81291,41.96239,131
L10-1,2.81293,41.96239,132
L10-1,2.81294,41.96239,133
L10-1,2.81295,41.9624,134
L10-1,2.81296,41.9624,135
L10-1,2.81297,41.9624,136
L10-1,2.81298,41.96241,137
L10-1,2.81299,41.96241,138
L10-1,2.813,41.96242,139
L10-1,2.81301,41.96242,140
L10-1,2.81301,41.96243,141
L10-1,2.81302,41.96244,142
L10-1,2.81303,41.96244,143
L10-1,2.81304,41.96245,144
L10-1,2.81304,41.96246,145
L10-1,2.81346,41.9622,146
L10-1,2.81362,41.96211,147
L10-1,2.81363,41.9621,148
L10-1,2.81372,41.96204,149
L10-1,2.81419,41.96174,150
L10-1,2.81422,41.96173,151
L10-1,2.81423,41.96172,152
L10-1,2.8144,41.96161,153
L10-1,2.81477,41.96139,154
L10-1,2.81507,41.96121,155
L10-1,2.81515,41.96116,156
L10-1,2.8154,41.96101,157
L10-1,2.81549,41.96094,158
L10-1,2.81566,41.96078,159
L10-1,2.81577,41.96061,160
L10-1,2.81582,41.9605,161
L10-1,2.81594,41.96026,162
L10-1,2.81604,41.96006,163
L10-1,2.81616,41.95981,164
L10-1,2.81631,41.95952,165
L10-1,2.81639,41.95943,166
L10-1,2.81649,41.9593,167
L10-1,2.81667,41.95913,168
L10-1,2.81692,41.95889,169
L10-1,2.81695,41.95887,170
L10-1,2.81711,41.95876,171
L10-1,2.81738,41.95856,172
L10-1,2.81751,41.95848,173
L10-1,2.81763,41.95841,174
L10-1,2.8177,41.95837,175
L10-1,2.8178,41.95834,176
L10-1,2.81793,41.95827,177
L10-1,2.81853,41.95801,178
L10-1,2.81889,41.95786,179
L10-1,2.81905,41.95779,180
L10-1,2.81989,41.95742,181
L10-1,2.81991,41.95723,182
L10-1,2.81991,41.95718,183
L10-1,2.81992,41.95702,184
L10-1,2.81994,41.95685,185
L10-1,2.81993,41.95679,186
L10-1,2.81993,41.95673,187
L10-1,2.81992,41.95659,188
L10-1,2.81991,41.95655,189
L10-1,2.81989,41.95632,190
L10-1,2.81987,41.95623,191
L10-1,2.81986,41.95613,192
L10-1,2.81984,41.95599,193
L10-1,2.81982,41.95585,194
L10-1,2.81978,41.9557,195
L10-1,2.81973,41.95554,196
L10-1,2.81971,41.9555,197
L10-1,2.81967,41.95541,198
L10-1,2.81962,41.95529,199
L10-1,2.81952,41.95513,200
L10-1,2.81944,41.95501,201
L10-1,2.81943,41.955,202
L10-1,2.81934,41.95489,203
L10-1,2.81904,41.95453,204
L10-1,2.81888,41.95431,205
L10-1,2.81873,41.95412,206
L10-1,2.81856,41.95392,207
L10-1,2.81846,41.9538,208
L10-1,2.81824,41.9535,209
L10-1,2.81819,41.95342,210
L10-1,2.81815,41.95334,211
L10-1,2.81812,41.95326,212
L10-1,2.81805,41.9532,213
L10-1,2.8179,41.95284,214
L10-1,2.81789,41.95284,215
L10-1,2.81789,41.95283,216
L10-1,2.81788,41.95283,217
L10-1,2.81787,41.95283,218
L10-1,2.81787,41.95282,219
L10-1,2.81786,41.95282,220
L10-1,2.81786,41.95281,221
L10-1,2.81785,41.9528,222
L10-1,2.81785,41.95279,223
L10-1,2.81774,41.95271,224
L10-1,2.81745,41.95239,225
L10-1,2.81735,41.95226,226
L10-1,2.81732,41.9522,227
L10-1,2.81731,41.95211,228
L10-1,2.8173,41.95207,229
L10-1,2.81728,41.95204,230
L10-1,2.81724,41.95199,231
L10-1,2.81718,41.95186,232
L10-1,2.81709,41.95167,233
L10-1,2.81707,41.9516,234
L10-1,2.81705,41.95155,235
L10-1,2.81698,41.95145,236
L10-1,2.81692,41.95139,237
L10-1,2.81685,41.95134,238
L10-1,2.81676,41.95128,239
L10-1,2.81666,41.95122,240
L10-1,2.81644,41.95111,241
L10-1,2.81631,41.95105,242
L10-1,2.81624,41.95102,243
L10-1,2.81617,41.95098,244
L10-1,2.81612,41.95094,245
L10-1,2.81578,41.9507,246
L10-1,2.81561,41.95057,247
L10-1,2.81544,41.95039,248
L10-1,2.81527,41.95011,249
L10-1,2.815,41.94966,250
L10-1,2.8149,41.94948,251
L10-1,2.81483,41.94937,252
L10-1,2.81478,41.94922,253
L10-1,2.81475,41.94911,254
L10-1,2.8147,41.94892,255
L10-1,2.81464,41.94876,256
L10-1,2.81463,41.94874,257
L10-1,2.81455,41.94854,258
L10-1,2.81451,41.94847,259
L10-1,2.81445,41.94836,260
L10-1,2.81441,41.94823,261
L10-1,2.8144,41.94821,262
L10-1,2.81438,41.94815,263
L10-1,2.81436,41.94807,264
L10-1,2.81435,41.94799,265
L10-1,2.81433,41.94783,266
L10-1,2.81432,41.94765,267
L10-1,2.81428,41.94746,268
L10-1,2.81426,41.94741,269
L10-1,2.81416,41.94718,270
L10-1,2.81402,41.94697,271
L10-1,2.81387,41.94681,272
L10-1,2.81386,41.94681,273
L10-1,2.81385,41.94681,274
L10-1,2.81384,41.94681,275
L10-1,2.81383,41.94681,276
L10-1,2.81382,41.94681,277
L10-1,2.81381,41.94681,278
L10-1,2.8138,41.94681,279
L10-1,2.81379,41.94681,280
L10-1,2.81379,41.9468,281
L10-1,2.81378,41.9468,282
L10-1,2.81377,41.9468,283
L10-1,2.81376,41.9468,284
L10-1,2.81376,41.94679,285
L10-1,2.81375,41.94679,286
L10-1,2.81374,41.94678,287
L10-1,2.81373,41.94678,288
L10-1,2.81373,41.94677,289
L10-1,2.81372,41.94677,290
L10-1,2.81372,41.94676,291
L10-1,2.81371,41.94676,292
L10-1,2.81371,41.94675,293
L10-1,2.81371,41.94674,294
L10-1,2.8137,41.94674,295
L10-1,2.8137,41.94673,296
L10-1,2.8137,41.94672,297
L10-1,2.8137,41.94671,298
L10-1,2.8137,41.9467,299
L10-1,2.8137,41.94669,300
L10-1,2.8137,41.94668,301
L10-1,2.81371,41.94667,302
L10-1,2.81371,41.94666,303
L10-1,2.81372,41.94666,304
L10-1,2.81372,41.94665,305
L10-1,2.81373,41.94664,306
L10-1,2.81364,41.94646,307
L10-1,2.81349,41.94624,308
L10-1,2.81338,41.94608,309
L10-1,2.81324,41.94582,310
L10-1,2.81307,41.94542,311
L10-1,2.81297,41.94524,312
L10-1,2.81288,41.94506,313
L10-1,2.81285,41.94502,314
L10-1,2.81276,41.94487,315
L10-1,2.81243,41.9444,316
L10-1,2.812,41.94387,317
L10-1,2.81198,41.94385,318
L10-1,2.81133,41.94337,319
L10-1,2.81127,41.94332,320
L10-1,2.81109,41.94321,321
L10-1,2.8103,41.94264,322
L10-1,2.81028,41.94262,323
L10-1,2.81021,41.94255,324
L10-1,2.81,41.94237,325
L10-1,2.80988,41.94227,326
L10-1,2.80939,41.94182,327
L10-1,2.80899,41.94145,328
L10-1,2.80878,41.94126,329
L10-1,2.80875,41.94124,330
L10-1,2.80858,41.94109,331
L10-1,2.80841,41.94101,332
L10-1,2.80814,41.94091,333
L10-1,2.80779,41.94075,334
L10-1,2.80756,41.94066,335
L10-1,2.80757,41.94064,336
L10-1,2.80766,41.94053,337
L10-1,2.80773,41.94044,338
L10-1,2.80787,41.94024,339
L10-1,2.80796,41.94014,340
L10-1,2.80806,41.94003,341
L10-1,2.80815,41.9399,342
L10-1,2.80823,41.93981,343
L10-1,2.80824,41.93978,344
L10-1,2.80832,41.93967,345
L10-1,2.80843,41.93954,346
L10-1,2.80853,41.93941,347
L10-1,2.80861,41.93931,348
L10-1,2.8087,41.93919,349
L10-1,2.80876,41.9391,350
L10-1,2.80881,41.93901,351
L10-1,2.80886,41.9389,352
L10-1,2.80892,41.93879,353
L10-1,2.80901,41.93858,354
L10-1,2.80905,41.93846,355
L10-1,2.8091,41.93834,356
L10-1,2.80917,41.93813,357
L10-1,2.80927,41.93791,358
L10-1,2.80932,41.93783,359
L10-1,2.80935,41.93775,360
L10-1,2.80943,41.93763,361
L10-1,2.80949,41.93752,362
L10-1,2.80953,41.93743,363
L10-1,2.80954,41.93741,364
L10-1,2.80955,41.93738,365
L10-1,2.80955,41.93736,366
L10-1,2.80964,41.9371,367
L10-1,2.80965,41.93706,368
L10-1,2.80964,41.93706,369
L10-1,2.80963,41.93706,370
L10-1,2.80963,41.93705,371
L10-1,2.80962,41.93705,372
L10-1,2.80962,41.93704,373
L10-1,2.80961,41.93704,374
L10-1,2.80961,41.93703,375
L10-1,2.8096,41.93702,376
L10-1,2.8096,41.93701,377
L10-1,2.8096,41.937,378
L10-1,2.8096,41.93699,379
L10-1,2.8096,41.93698,380
L10-1,2.8096,41.93697,381
L10-1,2.80961,41.93696,382
L10-1,2.80961,41.93695,383
L10-1,2.80962,41.93695,384
L10-1,2.80962,41.93694,385
L10-1,2.80963,41.93694,386
L10-1,2.80963,41.93693,387
L10-1,2.80964,41.93693,388
L10-1,2.80965,41.93693,389
L10-1,2.80965,41.93692,390
L10-1,2.80966,41.93692,391
L10-1,2.80967,41.93692,392
L10-1,2.80968,41.93691,393
L10-1,2.80969,41.93691,394
L10-1,2.8097,41.93691,395
L10-1,2.8097,41.9369,396
L10-1,2.80981,41.93661,397
L10-1,2.80998,41.93613,398
L10-1,2.81011,41.93577,399
L10-1,2.81025,41.93536,400
L10-1,2.81023,41.93536,401
L10-1,2.81018,41.93533,402
L10-1,2.81016,41.93527,403
L10-1,2.81014,41.93509,404
L10-1,2.81014,41.93484,405
L10-1,2.81008,41.93466,406
L10-1,2.80997,41.93446,407
L10-1,2.80988,41.93427,408
L10-1,2.80981,41.93403,409
L10-1,2.80977,41.93374,410
L10-1,2.80973,41.93348,411
L10-1,2.80967,41.93261,412
L10-1,2.80967,41.93255,413
L10-1,2.80967,41.93249,414
L10-1,2.80969,41.93243,415
L10-1,2.80971,41.93238,416
L10-1,2.80977,41.93233,417
L10-1,2.80981,41.9323,418
L10-1,2.80987,41.93226,419
L10-1,2.80997,41.93221,420
L10-1,2.80996,41.93214,421
L10-1,2.80978,41.93141,422
L10-1,2.80973,41.93119,423
L7-2,2.83227,41.9848,2
L7-2,2.83229,41.98483,3
L7-2,2.8324,41.98476,4
L7-2,2.83248,41.98471,5
L7-2,2.83259,41.98465,6
L7-2,2.83287,41.98449,7
L7-2,2.83312,41.98436,8
L7-2,2.83314,41.98435,9
L7-2,2.83317,41.98431,10
L7-2,2.8332,41.98424,11
L7-2,2.83325,41.98415,12
L7-2,2.83329,41.98397,13
L7-2,2.8333,41.98396,14
L7-2,2.83342,41.98365,15
L7-2,2.83345,41.9836,16
L7-2,2.83347,41.98355,17
L7-2,2.83348,41.98351,18
L7-2,2.83349,41.98347,19
L7-2,2.83349,41.98343,20
L7-2,2.83348,41.98337,21
L7-2,2.83346,41.98332,22
L7-2,2.83345,41.98327,23
L7-2,2.83343,41.98319,24
L7-2,2.83341,41.98312,25
L7-2,2.83339,41.98304,26
L7-2,2.83335,41.98292,27
L7-2,2.83321,41.98268,28
L7-2,2.83316,41.98261,29
L7-2,2.83313,41.98257,30
L7-2,2.83308,41.98253,31
L7-2,2.83305,41.9825,32
L7-2,2.83302,41.98248,33
L7-2,2.83299,41.98247,34
L7-2,2.83286,41.98241,35
L7-2,2.83267,41.98234,36
L7-2,2.83235,41.98224,37
L7-2,2.83221,41.9822,38
L7-2,2.83204,41.98215,39
L7-2,2.83183,41.98207,40
L7-2,2.8318,41.98205,41
L7-2,2.83175,41.98204,42
L7-2,2.83171,41.98203,43
L7-2,2.83165,41.98202,44
L7-2,2.8316,41.98202,45
L7-2,2.83154,41.98203,46
L7-2,2.83137,41.98205,47
L7-2,2.83116,41.98206,48
L7-2,2.831,41.98205,49
L7-2,2.83088,41.98204,50
L7-2,2.83078,41.982,51
L7-2,2.83072,41.98195,52
L7-2,2.83069,41.9819,53
L7-2,2.83069,41.98185,54
L7-2,2.83071,41.98182,55
L7-2,2.83074,41.98179,56
L7-2,2.8308,41.98175,57
L7-2,2.83086,41.98173,58
L7-2,2.831,41.98168,59
L7-2,2.83105,41.98166,60
L7-2,2.8311,41.98166,61
L7-2,2.83112,41.98166,62
L7-2,2.83095,41.9813,63
L7-2,2.83077,41.98092,64
L7-2,2.8306,41.98055,65
L7-2,2.8305,41.98034,66
L7-2,2.83044,41.98025,67
L7-2,2.83035,41.98014,68
L7-2,2.83014,41.97996,69
L7-2,2.82995,41.97982,70
L7-2,2.82978,41.97971,71
L7-2,2.82961,41.9796,72
L7-2,2.82946,41.97952,73
L7-2,2.82931,41.97945,74
L7-2,2.82923,41.97943,75
L7-2,2.82914,41.97941,76
L7-2,2.8289,41.9794,77
L7-2,2.82877,41.9794,78
L7-2,2.82861,41.97941,79
L7-2,2.82846,41.97945,80
L7-2,2.82828,41.97955,81
L7-2,2.82825,41.97955,82
L7-2,2.82821,41.97956,83
L7-2,2.82816,41.97957,84
L7-2,2.82811,41.9796,85
L7-2,2.82806,41.97964,86
L7-2,2.82803,41.97969,87
L7-2,2.82799,41.97978,88
L7-2,2.82796,41.97985,89
L7-2,2.82784,41.98029,90
L7-2,2.8276,41.98068,91
L7-2,2.82745,41.98071,92
L7-2,2.82728,41.98072,93
L7-2,2.82718,41.98073,94
L7-2,2.82711,41.98073,95
L7-2,2.82709,41.98073,96
L7-2,2.82697,41.98072,97
L7-2,2.82682,41.98072,98
L7-2,2.82669,41.98073,99
L7-2,2.82665,41.98073,100
L7-2,2.82655,41.98073,101
L7-2,2.82642,41.98074,102
L7-2,2.82637,41.98073,103
L7-2,2.82631,41.98071,104
L7-2,2.82627,41.9807,105
L7-2,2.82612,41.98064,106
L7-2,2.82603,41.9806,107
L7-2,2.82596,41.98059,108
L7-2,2.82591,41.98058,109
L7-2,2.82582,41.98058,110
L7-2,2.82574,41.98057,111
L7-2,2.82571,41.98056,112
L7-2,2.82564,41.98055,113
L7-2,2.82537,41.98047,114
L7-2,2.82534,41.98046,115
L7-2,2.8253,41.98044,116
L7-2,2.82528,41.98044,117
L7-2,2.82526,41.98044,118
L7-2,2.82521,41.98046,119
L7-2,2.82513,41.98052,120
L7-2,2.82502,41.98061,121
L7-2,2.82499,41.98063,122
L7-2,2.82496,41.98064,123
L7-2,2.82494,41.98064,124
L7-2,2.82492,41.98064,125
L7-2,2.82481,41.98063,126
L7-2,2.82428,41.98062,127
L7-2,2.82425,41.98062,128
L7-2,2.82416,41.98063,129
L7-2,2.82389,41.98104,130
L7-2,2.82384,41.98112,131
L7-2,2.82382,41.98114,132
L7-2,2.8238,41.98116,133
L7-2,2.82377,41.9812,134
L7-2,2.82375,41.98123,135
L7-2,2.82373,41.98125,136
L7-2,2.8237,41.98128,137
L7-2,2.82368,41.98136,138
L7-2,2.82364,41.98151,139
L7-2,2.82361,41.9818,140
L7-2,2.82362,41.9819,141
L7-2,2.82362,41.98204,142
L7-2,2.82361,41.98213,143
L7-2,2.8236,41.98215,144
L7-2,2.8236,41.98216,145
L7-2,2.8236,41.98217,146
L7-2,2.82358,41.98218,147
L7-2,2.82357,41.98218,148
L7-2,2.82348,41.98221,149
L7-2,2.82323,41.98219,150
L7-2,2.82311,41.98218,151
L7-2,2.82302,41.98219,152
L7-2,2.82288,41.98221,153
L7-2,2.82286,41.98222,154
L7-2,2.82271,41.98224,155
L7-2,2.82199,41.9824,156
L7-2,2.82192,41.98241,157
L7-2,2.82172,41.98244,158
L7-2,2.8216,41.98244,159
L7-2,2.82094,41.9824,160
L7-2,2.82063,41.98238,161
L7-2,2.81991,41.98234,162
L7-2,2.82006,41.98175,163
L7-2,2.82014,41.9815,164
L7-2,2.82018,41.98139,165
L7-2,2.81976,41.98143,166
L7-2,2.81975,41.98143,167
L7-2,2.81965,41.98144,168
L7-2,2.81903,41.98152,169
L7-2,2.81908,41.98168,170
L7-2,2.81907,41.98183,171
L7-2,2.81912,41.9819,172
L7-2,2.81915,41.98195,173
L7-2,2.81918,41.98201,174
L7-2,2.81919,41.98206,175
L7-2,2.81925,41.98218,176
L7-2,2.81926,41.98223,177
L7-2,2.81925,41.98225,178
L7-2,2.81924,41.98227,179
L7-2,2.81923,41.98229,180
L7-2,2.81922,41.9823,181
L7-2,2.8192,41.98232,182
L7-2,2.81918,41.98232,183
L7-2,2.81913,41.98234,184
L7-2,2.81911,41.98235,185
L7-2,2.8191,41.98235,186
L7-2,2.81908,41.98235,187
L7-2,2.81906,41.98235,188
L7-2,2.81903,41.98235,189
L7-2,2.81901,41.98234,190
L7-2,2.81899,41.98233,191
L7-2,2.81896,41.98233,192
L7-2,2.81894,41.98231,193
L7-2,2.81884,41.98227,194
L7-2,2.81822,41.98201,195
L7-2,2.81813,41.98198,196
L7-2,2.81769,41.98179,197
L7-2,2.81754,41.98174,198
L7-2,2.81704,41.98152,199
L7-2,2.81639,41.98124,200
L7-2,2.81595,41.98107,201
L7-2,2.81588,41.98104,202
L7-2,2.81577,41.981,203
L7-2,2.81574,41.98098,204
L7-2,2.8157,41.98097,205
L7-2,2.8156,41.98094,206
L7-2,2.8154,41.98086,207
L7-2,2.81505,41.98073,208
L7-2,2.81427,41.98039,209
L7-2,2.81416,41.98035,210
L7-2,2.81357,41.9801,211
L7-2,2.81333,41.98,212
L7-2,2.8127,41.97975,213
L7-2,2.81178,41.97938,214
L7-2,2.8116,41.97931,215
L7-2,2.81149,41.97926,216
L7-2,2.81139,41.97922,217
L7-2,2.81106,41.97904,218
L7-2,2.81105,41.97906,219
L7-2,2.81104,41.97907,220
L7-2,2.81101,41.97909,221
L7-2,2.81099,41.97909,222
L7-2,2.81097,41.9791,223
L7-2,2.81095,41.9791,224
L7-2,2.81094,41.9791,225
L7-2,2.81092,41.9791,226
L7-2,2.81088,41.97909,227
L7-2,2.81085,41.97908,228
L7-2,2.81081,41.97907,229
L7-2,2.81077,41.97905,230
L7-2,2.81076,41.97904,231
L7-2,2.81075,41.97903,232
L7-2,2.81074,41.97901,233
L7-2,2.81074,41.97899,234
L7-2,2.81075,41.97896,235
L7-2,2.81076,41.97893,236
L7-2,2.81058,41.97845,237
L7-2,2.8103,41.9778,238
L7-2,2.81026,41.9777,239
L7-2,2.8102,41.97754,240
L7-2,2.81005,41.9772,241
L7-2,2.80977,41.97662,242
L7-2,2.80974,41.9766,243
L7-2,2.80973,41.9766,244
L7-2,2.80943,41.97657,245
L7-2,2.80916,41.97652,246
L7-2,2.80893,41.97648,247
L7-2,2.80883,41.97645,248
L7-2,2.80848,41.97635,249
L7-2,2.80818,41.97626,250
L7-2,2.8079,41.97614,251
L7-2,2.80771,41.97604,252
L7-2,2.80735,41.97584,253
L7-2,2.80681,41.9755,254
L7-2,2.80669,41.97541,255
L7-2,2.80653,41.97531,256
L7-2,2.80641,41.97525,257
L7-2,2.8063,41.9752,258
L7-2,2.80621,41.97517,259
L7-2,2.80612,41.97514,260
L7-2,2.80593,41.9751,261
L7-2,2.80596,41.97503,262
L7-2,2.80714,41.97429,263
L7-2,2.80681,41.97373,264
L7-2,2.80677,41.97367,265
L7-2,2.80665,41.97347,266
L7-2,2.80651,41.97325,267
L7-2,2.80636,41.97301,268
L7-2,2.80609,41.97256,269
L7-2,2.80596,41.97235,270
L10-2,2.80973,41.93119,2
L10-2,2.80954,41.93039,3
L10-2,2.8095,41.93005,4
L10-2,2.80963,41.93005,5
L10-2,2.80986,41.93006,6
L10-2,2.81009,41.93009,7
L10-2,2.81039,41.93014,8
L10-2,2.81044,41.93015,9
L10-2,2.81039,41.93021,10
L10-2,2.81039,41.93028,11
L10-2,2.81057,41.93119,12
L10-2,2.81068,41.9317,13
L10-2,2.81079,41.93225,14
L10-2,2.8108,41.93232,15
L10-2,2.81106,41.93351,16
L10-2,2.81128,41.93452,17
L10-2,2.81136,41.93493,18
L10-2,2.81055,41.93487,19
L10-2,2.81054,41.93493,20
L10-2,2.81039,41.93529,21
L10-2,2.81036,41.93533,22
L10-2,2.81032,41.93536,23
L10-2,2.81028,41.93536,24
L10-2,2.81025,41.93536,25
L10-2,2.81011,41.93577,26
L10-2,2.80998,41.93613,27
L10-2,2.80981,41.93661,28
L10-2,2.8097,41.9369,29
L10-2,2.8097,41.93691,30
L10-2,2.80971,41.93691,31
L10-2,2.80972,41.93691,32
L10-2,2.80973,41.93691,33
L10-2,2.80974,41.93691,34
L10-2,2.80975,41.93691,35
L10-2,2.80975,41.93692,36
L10-2,2.80976,41.93692,37
L10-2,2.80977,41.93692,38
L10-2,2.80978,41.93692,39
L10-2,2.80978,41.93693,40
L10-2,2.80979,41.93693,41
L10-2,2.8098,41.93694,42
L10-2,2.80981,41.93695,43
L10-2,2.80981,41.93696,44
L10-2,2.80982,41.93696,45
L10-2,2.80982,41.93697,46
L10-2,2.80982,41.93698,47
L10-2,2.80983,41.93698,48
L10-2,2.80983,41.93699,49
L10-2,2.80983,41.937,50
L10-2,2.80983,41.93701,51
L10-2,2.80982,41.93701,52
L10-2,2.80982,41.93702,53
L10-2,2.80982,41.93703,54
L10-2,2.80981,41.93703,55
L10-2,2.80981,41.93704,56
L10-2,2.8098,41.93705,57
L10-2,2.80979,41.93706,58
L10-2,2.80978,41.93706,59
L10-2,2.80978,41.93707,60
L10-2,2.80977,41.93707,61
L10-2,2.80976,41.93707,62
L10-2,2.80975,41.93707,63
L10-2,2.80975,41.93708,64
L10-2,2.80974,41.93708,65
L10-2,2.80973,41.93708,66
L10-2,2.80972,41.93708,67
L10-2,2.80971,41.93708,68
L10-2,2.8097,41.93708,69
L10-2,2.80969,41.93708,70
L10-2,2.80968,41.93708,71
L10-2,2.80967,41.93707,72
L10-2,2.80966,41.93707,73
L10-2,2.80965,41.93707,74
L10-2,2.80965,41.93706,75
L10-2,2.80964,41.9371,76
L10-2,2.80955,41.93736,77
L10-2,2.80955,41.93738,78
L10-2,2.80954,41.93741,79
L10-2,2.80953,41.93743,80
L10-2,2.80949,41.93752,81
L10-2,2.80943,41.93763,82
L10-2,2.80935,41.93775,83
L10-2,2.80932,41.93783,84
L10-2,2.80927,41.93791,85
L10-2,2.80917,41.93813,86
L10-2,2.8091,41.93834,87
L10-2,2.80905,41.93846,88
L10-2,2.80901,41.93858,89
L10-2,2.80892,41.93879,90
L10-2,2.80886,41.9389,91
L10-2,2.80881,41.93901,92
L10-2,2.80876,41.9391,93
L10-2,2.8087,41.93919,94
L10-2,2.80861,41.93931,95
L10-2,2.80853,41.93941,96
L10-2,2.80843,41.93954,97
L10-2,2.80832,41.93967,98
L10-2,2.80824,41.93978,99
L10-2,2.80823,41.93981,100
L10-2,2.80815,41.9399,101
L10-2,2.80806,41.94003,102
L10-2,2.80796,41.94014,103
L10-2,2.80787,41.94024,104
L10-2,2.80773,41.94044,105
L10-2,2.80766,41.94053,106
L10-2,2.80757,41.94064,107
L10-2,2.80756,41.94066,108
L10-2,2.80779,41.94075,109
L10-2,2.80814,41.94091,110
L10-2,2.80841,41.94101,111
L10-2,2.80858,41.94109,112
L10-2,2.80875,41.94124,113
L10-2,2.80878,41.94126,114
L10-2,2.80899,41.94145,115
L10-2,2.80939,41.94182,116
L10-2,2.80988,41.94227,117
L10-2,2.81021,41.94255,118
L10-2,2.81028,41.94262,119
L10-2,2.8103,41.94264,120
L10-2,2.81109,41.94321,121
L10-2,2.81127,41.94332,122
L10-2,2.81133,41.94337,123
L10-2,2.81198,41.94385,124
L10-2,2.812,41.94387,125
L10-2,2.81243,41.9444,126
L10-2,2.81276,41.94487,127
L10-2,2.81285,41.94502,128
L10-2,2.81288,41.94506,129
L10-2,2.81297,41.94524,130
L10-2,2.81307,41.94542,131
L10-2,2.81324,41.94582,132
L10-2,2.81338,41.94608,133
L10-2,2.81349,41.94624,134
L10-2,2.81364,41.94646,135
L10-2,2.81388,41.94661,136
L10-2,2.81389,41.94661,137
L10-2,2.8139,41.94661,138
L10-2,2.8139,41.94662,139
L10-2,2.81391,41.94662,140
L10-2,2.81392,41.94662,141
L10-2,2.81393,41.94663,142
L10-2,2.81394,41.94664,143
L10-2,2.81395,41.94664,144
L10-2,2.81395,41.94665,145
L10-2,2.81396,41.94665,146
L10-2,2.81396,41.94666,147
L10-2,2.81397,41.94667,148
L10-2,2.81397,41.94668,149
L10-2,2.81397,41.94669,150
L10-2,2.81398,41.94669,151
L10-2,2.81398,41.9467,152
L10-2,2.81398,41.94671,153
L10-2,2.81398,41.94672,154
L10-2,2.81397,41.94673,155
L10-2,2.81397,41.94674,156
L10-2,2.81402,41.94697,157
L10-2,2.81416,41.94718,158
L10-2,2.81426,41.94741,159
L10-2,2.81428,41.94746,160
L10-2,2.81432,41.94765,161
L10-2,2.81433,41.94783,162
L10-2,2.81435,41.94799,163
L10-2,2.81436,41.94807,164
L10-2,2.81438,41.94815,165
L10-2,2.8144,41.94821,166
L10-2,2.81441,41.94823,167
L10-2,2.81445,41.94836,168
L10-2,2.81451,41.94847,169
L10-2,2.81455,41.94854,170
L10-2,2.81463,41.94874,171
L10-2,2.81464,41.94876,172
L10-2,2.8147,41.94892,173
L10-2,2.81475,41.94911,174
L10-2,2.81478,41.94922,175
L10-2,2.81483,41.94937,176
L10-2,2.8149,41.94948,177
L10-2,2.815,41.94966,178
L10-2,2.81527,41.95011,179
L10-2,2.81544,41.95039,180
L10-2,2.81561,41.95057,181
L10-2,2.81578,41.9507,182
L10-2,2.81612,41.95094,183
L10-2,2.81617,41.95098,184
L10-2,2.81624,41.95102,185
L10-2,2.81631,41.95105,186
L10-2,2.81644,41.95111,187
L10-2,2.81663,41.9512,188
L10-2,2.81666,41.95122,189
L10-2,2.81676,41.95128,190
L10-2,2.81685,41.95134,191
L10-2,2.81692,41.95139,192
L10-2,2.81698,41.95145,193
L10-2,2.81705,41.95155,194
L10-2,2.81707,41.9516,195
L10-2,2.81709,41.95167,196
L10-2,2.81718,41.95186,197
L10-2,2.81724,41.95199,198
L10-2,2.81728,41.95204,199
L10-2,2.8173,41.95207,200
L10-2,2.81735,41.9521,201
L10-2,2.81743,41.95216,202
L10-2,2.81746,41.95222,203
L10-2,2.81755,41.95235,204
L10-2,2.81784,41.95266,205
L10-2,2.81789,41.95276,206
L10-2,2.8179,41.95276,207
L10-2,2.81791,41.95276,208
L10-2,2.81792,41.95276,209
L10-2,2.81793,41.95276,210
L10-2,2.81794,41.95276,211
L10-2,2.81794,41.95277,212
L10-2,2.81795,41.95277,213
L10-2,2.81795,41.95278,214
L10-2,2.81796,41.95278,215
L10-2,2.81796,41.95279,216
L10-2,2.81796,41.9528,217
L10-2,2.81796,41.95281,218
L10-2,2.81796,41.95282,219
L10-2,2.81795,41.95282,220
L10-2,2.81799,41.95286,221
L10-2,2.81814,41.95318,222
L10-2,2.81812,41.95326,223
L10-2,2.81815,41.95334,224
L10-2,2.81819,41.95342,225
L10-2,2.81824,41.9535,226
L10-2,2.81846,41.9538,227
L10-2,2.81856,41.95392,228
L10-2,2.81873,41.95412,229
L10-2,2.81888,41.95431,230
L10-2,2.81904,41.95453,231
L10-2,2.81934,41.95489,232
L10-2,2.81943,41.955,233
L10-2,2.81944,41.95501,234
L10-2,2.81952,41.95513,235
L10-2,2.81962,41.95529,236
L10-2,2.81967,41.95541,237
L10-2,2.81971,41.9555,238
L10-2,2.81973,41.95554,239
L10-2,2.81978,41.9557,240
L10-2,2.81982,41.95585,241
L10-2,2.81984,41.95599,242
L10-2,2.81986,41.95613,243
L10-2,2.81987,41.95623,244
L10-2,2.81989,41.95632,245
L10-2,2.81991,41.95655,246
L10-2,2.81993,41.95673,247
L10-2,2.81993,41.95679,248
L10-2,2.81994,41.95685,249
L10-2,2.81992,41.95702,250
L10-2,2.81991,41.95718,251
L10-2,2.81991,41.95723,252
L10-2,2.81989,41.95742,253
L10-2,2.81988,41.95749,254
L10-2,2.81909,41.95783,255
L10-2,2.81887,41.95794,256
L10-2,2.81854,41.95809,257
L10-2,2.81787,41.95839,258
L10-2,2.81778,41.95843,259
L10-2,2.81777,41.95844,260
L10-2,2.81771,41.95848,261
L10-2,2.81758,41.95855,262
L10-2,2.81746,41.95863,263
L10-2,2.81719,41.95883,264
L10-2,2.81703,41.95893,265
L10-2,2.817,41.95895,266
L10-2,2.81673,41.95919,267
L10-2,2.81657,41.95934,268
L10-2,2.81655,41.95936,269
L10-2,2.81644,41.95949,270
L10-2,2.81638,41.95958,271
L10-2,2.8163,41.95975,272
L10-2,2.81623,41.95989,273
L10-2,2.81617,41.96001,274
L10-2,2.81611,41.96012,275
L10-2,2.81603,41.9603,276
L10-2,2.81592,41.9605,277
L10-2,2.81582,41.96068,278
L10-2,2.81572,41.96082,279
L10-2,2.81564,41.96091,280
L10-2,2.81552,41.96098,281
L10-2,2.8154,41.96101,282
L10-2,2.81515,41.96116,283
L10-2,2.81507,41.96121,284
L10-2,2.81477,41.96139,285
L10-2,2.8144,41.96161,286
L10-2,2.81423,41.96172,287
L10-2,2.81422,41.96173,288
L10-2,2.81419,41.96174,289
L10-2,2.81372,41.96204,290
L10-2,2.81363,41.9621,291
L10-2,2.81362,41.96211,292
L10-2,2.81346,41.9622,293
L10-2,2.81304,41.96246,294
L10-2,2.81305,41.96247,295
L10-2,2.81306,41.96248,296
L10-2,2.81306,41.9625,297
L10-2,2.81307,41.96251,298
L10-2,2.81307,41.96252,299
L10-2,2.81307,41.96254,300
L10-2,2.81307,41.96255,301
L10-2,2.81307,41.96256,302
L10-2,2.81307,41.96258,303
L10-2,2.81306,41.9626,304
L10-2,2.8137,41.96305,305
L10-2,2.81385,41.96313,306
L10-2,2.81423,41.9634,307
L10-2,2.81426,41.96342,308
L10-2,2.81438,41.9635,309
L10-2,2.8144,41.9635,310
L10-2,2.81441,41.9635,311
L10-2,2.81443,41.96351,312
L10-2,2.81444,41.96351,313
L10-2,2.81445,41.96351,314
L10-2,2.81446,41.96352,315
L10-2,2.81448,41.96352,316
L10-2,2.81448,41.96353,317
L10-2,2.81449,41.96353,318
L10-2,2.8145,41.96353,319
L10-2,2.8145,41.96354,320
L10-2,2.81451,41.96354,321
L10-2,2.81451,41.96355,322
L10-2,2.81452,41.96355,323
L10-2,2.81452,41.96356,324
L10-2,2.81453,41.96356,325
L10-2,2.81453,41.96357,326
L10-2,2.81453,41.96358,327
L10-2,2.81453,41.96359,328
L10-2,2.81453,41.9636,329
L10-2,2.81453,41.96361,330
L10-2,2.81452,41.96361,331
L10-2,2.81452,41.96362,332
L10-2,2.81451,41.96362,333
L10-2,2.81451,41.96363,334
L10-2,2.8145,41.96363,335
L10-2,2.81449,41.96364,336
L10-2,2.81448,41.96364,337
L10-2,2.81447,41.96365,338
L10-2,2.81446,41.96365,339
L10-2,2.81444,41.96365,340
L10-2,2.81443,41.96365,341
L10-2,2.81442,41.96366,342
L10-2,2.81441,41.96366,343
L10-2,2.8144,41.96366,344
L10-2,2.81439,41.96366,345
L10-2,2.81438,41.96366,346
L10-2,2.81436,41.96365,347
L10-2,2.81435,41.96365,348
L10-2,2.81434,41.96365,349
L10-2,2.81433,41.96365,350
L10-2,2.81432,41.96364,351
L10-2,2.81431,41.96364,352
L10-2,2.8143,41.96363,353
L10-2,2.81429,41.96363,354
L10-2,2.81429,41.96362,355
L10-2,2.81428,41.96362,356
L10-2,2.81427,41.96361,357
L10-2,2.81426,41.9636,358
L10-2,2.81426,41.96359,359
L10-2,2.81425,41.96359,360
L10-2,2.81366,41.96372,361
L10-2,2.81338,41.96379,362
L10-2,2.81322,41.96382,363
L10-2,2.81329,41.96396,364
L10-2,2.8135,41.96446,365
L10-2,2.81361,41.96466,366
L10-2,2.81365,41.96473,367
L10-2,2.81373,41.96486,368
L10-2,2.81382,41.96498,369
L10-2,2.81391,41.96508,370
L10-2,2.81408,41.96523,371
L10-2,2.81414,41.96528,372
L10-2,2.81432,41.96544,373
L10-2,2.81449,41.96559,374
L10-2,2.81459,41.96567,375
L10-2,2.8148,41.96582,376
L10-2,2.81486,41.96585,377
L10-2,2.81519,41.96604,378
L10-2,2.81546,41.96618,379
L10-2,2.81559,41.96625,380
L10-2,2.81601,41.96647,381
L10-2,2.81642,41.96676,382
L10-2,2.81664,41.96695,383
L10-2,2.81694,41.96717,384
L10-2,2.81707,41.96727,385
L10-2,2.81722,41.96739,386
L10-2,2.81732,41.96748,387
L10-2,2.81738,41.96754,388
L10-2,2.81767,41.96784,389
L10-2,2.81783,41.96804,390
L10-2,2.81784,41.96807,391
L10-2,2.81798,41.96828,392
L10-2,2.81801,41.96833,393
L10-2,2.81811,41.96848,394
L10-2,2.81815,41.96853,395
L10-2,2.81821,41.96862,396
L10-2,2.8183,41.96877,397
L10-2,2.81835,41.96878,398
L10-2,2.81839,41.96879,399
L10-2,2.81842,41.96881,400
L10-2,2.81845,41.96884,401
L10-2,2.81847,41.96886,402
L10-2,2.81848,41.9689,403
L10-2,2.81849,41.96894,404
L10-2,2.81849,41.96898,405
L10-2,2.81849,41.96899,406
L10-2,2.81848,41.969,407
L10-2,2.81848,41.96901,408
L10-2,2.81847,41.96902,409
L10-2,2.81846,41.96903,410
L10-2,2.81844,41.96905,411
L10-2,2.81841,41.96906,412
L10-2,2.81856,41.96931,413
L10-2,2.81866,41.96951,414
L10-2,2.81875,41.96968,415
L10-2,2.81886,41.96987,416
L10-2,2.81888,41.96991,417
L10-2,2.81891,41.96998,418
L10-2,2.81894,41.97003,419
L10-2,2.81913,41.97036,420
L10-2,2.81925,41.97059,421
L10-2,2.81935,41.97081,422
L10-2,2.81955,41.97122,423
L10-2,2.81971,41.97158,424
L10-2,2.81975,41.97171,425
L10-2,2.81978,41.97175,426
L10-2,2.81984,41.97189,427
L10-2,2.81992,41.97211,428
L10-2,2.81996,41.9722,429
L10-2,2.82,41.9723,430
L10-2,2.82013,41.97263,431
L10-2,2.82016,41.97271,432
L10-2,2.82018,41.97275,433
L10-2,2.82025,41.97301,434
L10-2,2.82034,41.9733,435
L10-2,2.82041,41.97363,436
L10-2,2.82045,41.9738,437
L10-2,2.82049,41.97396,438
L10-2,2.8205,41.97399,439
L10-2,2.82051,41.97406,440
L10-2,2.8205,41.97423,441
L10-2,2.82046,41.97465,442
L10-2,2.82045,41.97484,443
L10-2,2.82032,41.97486,444
L10-2,2.82028,41.97486,445
L10-2,2.81994,41.97493,446
L10-2,2.81953,41.97502,447
L10-2,2.81908,41.97511,448
L10-2,2.8189,41.97515,449
L10-2,2.81884,41.97516,450
L10-2,2.81838,41.97526,451
L10-2,2.81818,41.9753,452
L10-2,2.81814,41.97531,453
L10-2,2.81782,41.97538,454
L10-2,2.81753,41.97544,455
L10-2,2.8175,41.97544,456
L10-2,2.81722,41.9755,457
L10-2,2.81698,41.97555,458
L10-2,2.81675,41.97559,459
L10-2,2.81665,41.97567,460
L10-2,2.81667,41.97573,461
L10-2,2.81671,41.97582,462
L10-2,2.81696,41.97643,463
L10-2,2.81703,41.97659,464
L10-2,2.81713,41.97686,465
L10-2,2.81731,41.97728,466
L10-2,2.8174,41.97751,467
L10-2,2.81741,41.97754,468
L10-2,2.818299225641221,41.97975341033939,469
L1-201,2.80754,41.95134,2
L1-201,2.80762,41.95132,3
L1-201,2.80766,41.95131,4
L1-201,2.8081,41.95122,5
L1-201,2.80839,41.95115,6
L1-201,2.80844,41.95114,7
L1-201,2.8088,41.95106,8
L1-201,2.80885,41.95105,9
L1-201,2.80892,41.95104,10
L1-201,2.8091,41.95102,11
L1-201,2.80921,41.951,12
L1-201,2.80923,41.951,13
L1-201,2.80931,41.95098,14
L1-201,2.80936,41.95098,15
L1-201,2.80965,41.95094,16
L1-201,2.80973,41.95094,17
L1-201,2.80993,41.95094,18
L1-201,2.81003,41.95095,19
L1-201,2.81017,41.95099,20
L1-201,2.8103,41.95104,21
L1-201,2.81044,41.95109,22
L1-201,2.8106,41.95116,23
L1-201,2.8107,41.9512,24
L1-201,2.81098,41.95128,25
L1-201,2.81108,41.95129,26
L1-201,2.81115,41.9513,27
L1-201,2.81139,41.9513,28
L1-201,2.81152,41.95129,29
L1-201,2.8117,41.95128,30
L1-201,2.81186,41.95126,31
L1-201,2.81197,41.95125,32
L1-201,2.81217,41.95122,33
L1-201,2.81258,41.95118,34
L1-201,2.81266,41.95117,35
L1-201,2.8128,41.95116,36
L1-201,2.81281,41.95116,37
L1-201,2.81297,41.95114,38
L1-201,2.813,41.95113,39
L1-201,2.81306,41.95114,40
L1-201,2.81313,41.95114,41
L1-201,2.81327,41.95114,42
L1-201,2.8138,41.95119,43
L1-201,2.81395,41.95121,44
L1-201,2.81396,41.95121,45
L1-201,2.81416,41.95123,46
L1-201,2.81434,41.95123,47
L1-201,2.8144,41.95123,48
L1-201,2.81466,41.95122,49
L1-201,2.81472,41.95122,50
L1-201,2.81481,41.95122,51
L1-201,2.81516,41.95121,52
L1-201,2.81548,41.95119,53
L1-201,2.8157,41.95119,54
L1-201,2.81593,41.95118,55
L1-201,2.8161,41.95117,56
L1-201,2.81621,41.95115,57
L1-201,2.81644,41.95111,58
L1-201,2.81666,41.95122,59
L1-201,2.81676,41.95128,60
L1-201,2.81685,41.95134,61
L1-201,2.81692,41.95139,62
L1-201,2.81698,41.95145,63
L1-201,2.81705,41.95155,64
L1-201,2.81707,41.9516,65
L1-201,2.81709,41.95167,66
L1-201,2.81718,41.95186,67
L1-201,2.81724,41.95199,68
L1-201,2.81728,41.95204,69
L1-201,2.8173,41.95207,70
L1-201,2.81735,41.9521,71
L1-201,2.81743,41.95216,72
L1-201,2.81746,41.95222,73
L1-201,2.81755,41.95235,74
L1-201,2.81779,41.95261,75
L1-201,2.81784,41.95266,76
L1-201,2.81789,41.95276,77
L1-201,2.8179,41.95276,78
L1-201,2.81791,41.95276,79
L1-201,2.81792,41.95276,80
L1-201,2.81793,41.95276,81
L1-201,2.81794,41.95276,82
L1-201,2.81794,41.95277,83
L1-201,2.81795,41.95277,84
L1-201,2.81795,41.95278,85
L1-201,2.81796,41.95278,86
L1-201,2.81796,41.95279,87
L1-201,2.81796,41.9528,88
L1-201,2.81796,41.95281,89
L1-201,2.81796,41.95282,90
L1-201,2.81795,41.95282,91
L1-201,2.81799,41.95286,92
L1-201,2.81814,41.95318,93
L1-201,2.81812,41.95326,94
L1-201,2.81815,41.95334,95
L1-201,2.81819,41.95342,96
L1-201,2.81824,41.9535,97
L1-201,2.81846,41.9538,98
L1-201,2.81856,41.95392,99
L1-201,2.81873,41.95412,100
L1-201,2.81888,41.95431,101
L1-201,2.81904,41.95453,102
L1-201,2.81934,41.95489,103
L1-201,2.81943,41.955,104
L1-201,2.81944,41.95501,105
L1-201,2.81952,41.95513,106
L1-201,2.81962,41.95529,107
L1-201,2.81967,41.95541,108
L1-201,2.81971,41.9555,109
L1-201,2.81973,41.95554,110
L1-201,2.81978,41.9557,111
L1-201,2.81982,41.95585,112
L1-201,2.81984,41.95599,113
L1-201,2.81986,41.95613,114
L1-201,2.81987,41.95623,115
L1-201,2.81989,41.95632,116
L1-201,2.81991,41.95655,117
L1-201,2.81993,41.95673,118
L1-201,2.81993,41.95679,119
L1-201,2.81994,41.95685,120
L1-201,2.81992,41.95702,121
L1-201,2.81991,41.95718,122
L1-201,2.81991,41.95723,123
L1-201,2.81989,41.95742,124
L1-201,2.81988,41.95749,125
L1-201,2.81985,41.95803,126
L1-201,2.81983,41.95836,127
L1-201,2.81982,41.95852,128
L1-201,2.81982,41.95856,129
L1-201,2.81984,41.95861,130
L1-201,2.81983,41.95883,131
L1-201,2.8198,41.95969,132
L1-201,2.8198,41.9603,133
L1-201,2.8198,41.96041,134
L1-201,2.81982,41.96054,135
L1-201,2.81983,41.96067,136
L1-201,2.81978,41.96072,137
L1-201,2.81979,41.96086,138
L1-201,2.81981,41.96125,139
L1-201,2.81982,41.96143,140
L1-201,2.81987,41.96175,141
L1-201,2.81995,41.96217,142
L1-201,2.82011,41.96277,143
L1-201,2.82015,41.96288,144
L1-201,2.8202,41.96299,145
L1-201,2.8204,41.96342,146
L1-201,2.82049,41.96363,147
L1-201,2.8205,41.96366,148
L1-201,2.82053,41.96372,149
L1-201,2.82062,41.96395,150
L1-201,2.82064,41.96402,151
L1-201,2.82078,41.96458,152
L1-201,2.82078,41.96462,153
L1-201,2.8208,41.96472,154
L1-201,2.82083,41.96495,155
L1-201,2.82086,41.96525,156
L1-201,2.82087,41.96532,157
L1-201,2.82089,41.96579,158
L1-201,2.82093,41.96584,159
L1-201,2.82096,41.96605,160
L1-201,2.82097,41.96605,161
L1-201,2.82098,41.96605,162
L1-201,2.82099,41.96606,163
L1-201,2.821,41.96607,164
L1-201,2.82101,41.96607,165
L1-201,2.82102,41.96608,166
L1-201,2.82102,41.96609,167
L1-201,2.82103,41.96609,168
L1-201,2.82103,41.9661,169
L1-201,2.82104,41.96611,170
L1-201,2.82104,41.96612,171
L1-201,2.82105,41.96613,172
L1-201,2.82109,41.96614,173
L1-201,2.821029,41.966282,174
L1-201,2.820946,41.96638,175
L1-201,2.820931,41.9665,176
L1-201,2.820908,41.966621,177
L1-201,2.820918,41.966782,178
L1-201,2.82094,41.96695,179
L1-201,2.820959,41.967076,180
L1-201,2.820997,41.967232,181
L1-201,2.821079,41.96754,182
L1-201,2.821215,41.967981,183
L1-201,2.82127,41.96833,184
L1-201,2.82052,41.96851,185
L1-201,2.82048,41.96852,186
L1-201,2.81979,41.96871,187
L1-201,2.81849,41.96898,188
L1-201,2.81849,41.96899,189
L1-201,2.81848,41.969,190
L1-201,2.81848,41.96901,191
L1-201,2.81847,41.96902,192
L1-201,2.81846,41.96903,193
L1-201,2.81844,41.96905,194
L1-201,2.81841,41.96906,195
L1-201,2.81856,41.96931,196
L1-201,2.81866,41.96951,197
L1-201,2.81875,41.96968,198
L1-201,2.81886,41.96987,199
L1-201,2.81888,41.96991,200
L1-201,2.81891,41.96998,201
L1-201,2.81894,41.97003,202
L1-201,2.81913,41.97036,203
L1-201,2.81925,41.97059,204
L1-201,2.81935,41.97081,205
L1-201,2.81955,41.97122,206
L1-201,2.81956,41.97123,207
L1-201,2.81971,41.97158,208
L1-201,2.81975,41.97171,209
L1-201,2.81978,41.97175,210
L1-201,2.81984,41.97189,211
L1-201,2.81992,41.97211,212
L1-201,2.81996,41.9722,213
L1-201,2.82,41.9723,214
L1-201,2.82013,41.97263,215
L1-201,2.82016,41.97271,216
L1-201,2.82018,41.97275,217
L1-201,2.82025,41.97301,218
L1-201,2.82034,41.9733,219
L1-201,2.82041,41.97363,220
L1-201,2.82045,41.9738,221
L1-201,2.82049,41.97396,222
L1-201,2.8205,41.97399,223
L1-201,2.82051,41.97406,224
L1-201,2.82046,41.97465,225
L1-201,2.82045,41.97484,226
L1-201,2.82046,41.97503,227
L1-201,2.82047,41.97587,228
L1-201,2.82045,41.97594,229
L1-201,2.82045,41.97598,230
L1-201,2.82046,41.97601,231
L1-201,2.82047,41.97605,232
L1-201,2.82049,41.97609,233
L1-201,2.8205,41.9761,234
L1-201,2.8205,41.97612,235
L1-201,2.82068,41.97643,236
L1-201,2.82089,41.97683,237
L1-201,2.82108,41.9772,238
L1-201,2.82119,41.97742,239
L1-201,2.82129,41.9776,240
L1-201,2.82162,41.97826,241
L1-201,2.82171,41.97831,242
L1-201,2.82191,41.97853,243
L1-201,2.82233,41.97874,244
L1-201,2.82246,41.97875,245
L1-201,2.82254,41.97879,246
L1-201,2.82255,41.97879,247
L1-201,2.82255,41.97878,248
L1-201,2.82256,41.97878,249
L1-201,2.82257,41.97878,250
L1-201,2.82258,41.97878,251
L1-201,2.82259,41.97878,252
L1-201,2.8226,41.97878,253
L1-201,2.82261,41.97878,254
L1-201,2.82262,41.97878,255
L1-201,2.82263,41.97878,256
L1-201,2.82264,41.97878,257
L1-201,2.82265,41.97878,258
L1-201,2.82265,41.97879,259
L1-201,2.82266,41.97879,260
L1-201,2.82267,41.97879,261
L1-201,2.82267,41.9788,262
L1-201,2.82268,41.9788,263
L1-201,2.82269,41.97881,264
L1-201,2.8227,41.97882,265
L1-201,2.8227,41.97883,266
L1-201,2.82271,41.97883,267
L1-201,2.82271,41.97884,268
L1-201,2.82271,41.97885,269
L1-201,2.82271,41.97886,270
L1-201,2.82271,41.97887,271
L1-201,2.82271,41.97888,272
L1-201,2.82271,41.97889,273
L1-201,2.82271,41.9789,274
L1-201,2.8227,41.9789,275
L1-201,2.8227,41.97891,276
L1-201,2.82269,41.97891,277
L1-201,2.82269,41.97892,278
L1-201,2.82268,41.97892,279
L1-201,2.82268,41.97893,280
L1-201,2.82267,41.97893,281
L1-201,2.82264,41.97903,282
L1-201,2.82258,41.97907,283
L1-201,2.82227,41.97935,284
L1-201,2.82226,41.9794,285
L1-201,2.82226,41.97941,286
L1-201,2.82227,41.97943,287
L1-201,2.82228,41.97946,288
L1-201,2.82239,41.97958,289
L1-201,2.82243,41.97962,290
L1-201,2.82246,41.97966,291
L1-201,2.82246,41.97967,292
L1-201,2.82246,41.97969,293
L1-201,2.82244,41.97972,294
L1-201,2.82241,41.97974,295
L1-201,2.8224,41.97976,296
L1-201,2.82217,41.97988,297
L1-201,2.82196,41.97999,298
L1-201,2.82189,41.98003,299
L1-201,2.82181,41.98007,300
L1-201,2.82161,41.98019,301
L1-201,2.82118,41.98044,302
L1-201,2.82096,41.98056,303
L1-201,2.82088,41.98061,304
L1-201,2.82076,41.98067,305
L1-201,2.82062,41.98077,306
L1-201,2.82049,41.98086,307
L1-201,2.82046,41.98089,308
L1-201,2.82046,41.9809,309
L1-201,2.82039,41.98097,310
L1-201,2.82035,41.98103,311
L1-201,2.82028,41.98117,312
L1-201,2.82024,41.98125,313
L1-201,2.82018,41.98139,314
L1-201,2.82014,41.9815,315
L1-201,2.82006,41.98175,316
L1-201,2.81991,41.98234,317
L1-201,2.81989,41.98244,318
L1-201,2.81986,41.9826,319
L1-201,2.81984,41.98268,320
L1-201,2.81983,41.98272,321
L1-201,2.81976,41.98315,322
L1-201,2.81975,41.9832,323
L1-201,2.81974,41.9833,324
L1-201,2.81972,41.98344,325
L1-201,2.81973,41.98352,326
L1-201,2.81977,41.98361,327
L1-201,2.82038,41.98426,328
L1-201,2.82054,41.98443,329
L1-201,2.82055,41.98444,330
L1-201,2.82061,41.98449,331
L1-201,2.82072,41.98458,332
L1-201,2.821,41.98481,333
L1-201,2.82112,41.98491,334
L1-201,2.82134,41.98509,335
L1-201,2.82136,41.98512,336
L1-201,2.82142,41.98515,337
L1-201,2.82212,41.98565,338
L1-201,2.82212,41.98566,339
L1-201,2.82222,41.98569,340
L1-201,2.82237,41.98579,341
L1-201,2.82246,41.98585,342
L1-201,2.82251,41.98589,343
L1-201,2.82257,41.98595,344
L1-201,2.82259,41.98596,345
L1-201,2.8226,41.98596,346
L1-201,2.82261,41.98596,347
L1-201,2.82262,41.98596,348
L1-201,2.82262,41.98597,349
L1-201,2.82263,41.98597,350
L1-201,2.82264,41.98597,351
L1-201,2.82265,41.98598,352
L1-201,2.82266,41.98598,353
L1-201,2.82266,41.98599,354
L1-201,2.82267,41.98599,355
L1-201,2.82267,41.986,356
L1-201,2.82268,41.986,357
L1-201,2.82268,41.98601,358
L1-201,2.82269,41.98601,359
L1-201,2.82269,41.98602,360
L1-201,2.82269,41.98603,361
L1-201,2.8227,41.98603,362
L1-201,2.8227,41.98604,363
L1-201,2.8227,41.98605,364
L1-201,2.8227,41.98606,365
L1-201,2.8227,41.98607,366
L1-201,2.8227,41.98608,367
L1-201,2.8227,41.98609,368
L1-201,2.82269,41.9861,369
L1-201,2.82269,41.98611,370
L1-201,2.82268,41.98611,371
L1-201,2.82268,41.98612,372
L1-201,2.82267,41.98613,373
L1-201,2.82266,41.98614,374
L1-201,2.82265,41.98614,375
L1-201,2.82265,41.98615,376
L1-201,2.82264,41.98615,377
L1-201,2.82263,41.98615,378
L1-201,2.82262,41.98616,379
L1-201,2.82261,41.98616,380
L1-201,2.8226,41.98616,381
L1-201,2.82259,41.98617,382
L1-201,2.82258,41.98617,383
L1-201,2.82257,41.98617,384
L1-201,2.82256,41.98617,385
L1-201,2.82255,41.98617,386
L1-201,2.82254,41.98617,387
L1-201,2.82253,41.98617,388
L1-201,2.82242,41.98622,389
L1-201,2.82215,41.98636,390
L5-302,2.802333074061663,41.9968468936611,2
L5-302,2.802459651890381,41.99657846763383,3
L5-302,2.80268,41.99624,4
L5-302,2.80281,41.99614,5
L5-302,2.80291,41.99608,6
L5-302,2.80292,41.99608,7
L5-302,2.80295,41.99606,8
L5-302,2.80301,41.99603,9
L5-302,2.80317,41.99594,10
L5-302,2.80333,41.99584,11
L5-302,2.80354,41.99572,12
L5-302,2.8036,41.99568,13
L5-302,2.80366,41.99563,14
L5-302,2.8037,41.9956,15
L5-302,2.80374,41.99555,16
L5-302,2.80378,41.99551,17
L5-302,2.80385,41.99539,18
L5-302,2.80387,41.99533,19
L5-302,2.80389,41.99527,20
L5-302,2.80391,41.99513,21
L5-302,2.80398,41.99484,22
L5-302,2.80401,41.99473,23
L5-302,2.80401,41.99466,24
L5-302,2.80402,41.99453,25
L5-302,2.80411,41.99452,26
L5-302,2.80433,41.99448,27
L5-302,2.80443,41.99446,28
L5-302,2.80449,41.99445,29
L5-302,2.80487,41.99439,30
L5-302,2.8051,41.99435,31
L5-302,2.80516,41.99434,32
L5-302,2.80559,41.99428,33
L5-302,2.80568,41.99427,34
L5-302,2.80569,41.99427,35
L5-302,2.80598,41.99424,36
L5-302,2.8061,41.99423,37
L5-302,2.80626,41.99421,38
L5-302,2.8065,41.99421,39
L5-302,2.80706,41.99411,40
L5-302,2.80729,41.9941,41
L5-302,2.80735,41.99409,42
L5-302,2.80749,41.99408,43
L5-302,2.80772,41.99407,44
L5-302,2.80779,41.99406,45
L5-302,2.80785,41.99404,46
L5-302,2.80791,41.99403,47
L5-302,2.80801,41.99399,48
L5-302,2.80807,41.99397,49
L5-302,2.80817,41.99391,50
L5-302,2.80824,41.99387,51
L5-302,2.80828,41.99384,52
L5-302,2.80836,41.99376,53
L5-302,2.8084,41.9937,54
L5-302,2.80854,41.99349,55
L5-302,2.80856,41.99345,56
L5-302,2.80862,41.99326,57
L5-302,2.80864,41.99322,58
L5-302,2.80884,41.9927,59
L5-302,2.80884,41.99269,60
L5-302,2.80885,41.99263,61
L5-302,2.80885,41.9926,62
L5-302,2.80885,41.99257,63
L5-302,2.80885,41.99253,64
L5-302,2.80885,41.99249,65
L5-302,2.80883,41.99241,66
L5-302,2.80883,41.9924,67
L5-302,2.80882,41.99239,68
L5-302,2.80881,41.99238,69
L5-302,2.8088,41.99237,70
L5-302,2.8088,41.99236,71
L5-302,2.80879,41.99236,72
L5-302,2.80878,41.99234,73
L5-302,2.80878,41.99233,74
L5-302,2.80877,41.99231,75
L5-302,2.80877,41.9923,76
L5-302,2.80877,41.99228,77
L5-302,2.80877,41.99227,78
L5-302,2.80877,41.99226,79
L5-302,2.80878,41.99224,80
L5-302,2.80879,41.99223,81
L5-302,2.8088,41.99221,82
L5-302,2.8088,41.99219,83
L5-302,2.80881,41.99218,84
L5-302,2.80882,41.99218,85
L5-302,2.80883,41.99217,86
L5-302,2.80884,41.99216,87
L5-302,2.80885,41.99215,88
L5-302,2.80887,41.99214,89
L5-302,2.80888,41.99213,90
L5-302,2.8089,41.99213,91
L5-302,2.80892,41.99212,92
L5-302,2.80893,41.99212,93
L5-302,2.80895,41.99211,94
L5-302,2.80897,41.99211,95
L5-302,2.80899,41.99211,96
L5-302,2.80901,41.99211,97
L5-302,2.80902,41.99211,98
L5-302,2.80904,41.99211,99
L5-302,2.80906,41.99211,100
L5-302,2.80908,41.99212,101
L5-302,2.8091,41.99212,102
L5-302,2.80911,41.99212,103
L5-302,2.80913,41.99213,104
L5-302,2.80914,41.99214,105
L5-302,2.80916,41.99214,106
L5-302,2.80917,41.99215,107
L5-302,2.80918,41.99216,108
L5-302,2.80919,41.99217,109
L5-302,2.8092,41.99218,110
L5-302,2.80921,41.99219,111
L5-302,2.80927,41.9922,112
L5-302,2.80933,41.99221,113
L5-302,2.80937,41.99222,114
L5-302,2.80942,41.99224,115
L5-302,2.80948,41.99225,116
L5-302,2.80951,41.99226,117
L5-302,2.80956,41.99226,118
L5-302,2.80984,41.99227,119
L5-302,2.8102,41.99226,120
L5-302,2.81061,41.99226,121
L5-302,2.81069,41.99226,122
L5-302,2.81078,41.99226,123
L5-302,2.81102,41.99227,124
L5-302,2.81111,41.99228,125
L5-302,2.81119,41.99227,126
L5-302,2.81122,41.99227,127
L5-302,2.81127,41.99225,128
L5-302,2.81131,41.99225,129
L5-302,2.81137,41.99223,130
L5-302,2.81137,41.99222,131
L5-302,2.81138,41.99222,132
L5-302,2.81138,41.99221,133
L5-302,2.81138,41.9922,134
L5-302,2.81139,41.9922,135
L5-302,2.81139,41.99219,136
L5-302,2.8114,41.99219,137
L5-302,2.8114,41.99218,138
L5-302,2.81141,41.99217,139
L5-302,2.81143,41.99216,140
L5-302,2.81144,41.99214,141
L5-302,2.81146,41.99213,142
L5-302,2.81148,41.99212,143
L5-302,2.81149,41.99211,144
L5-302,2.81151,41.99211,145
L5-302,2.81155,41.99208,146
L5-302,2.81163,41.99208,147
L5-302,2.81166,41.99208,148
L5-302,2.81169,41.99208,149
L5-302,2.81173,41.99208,150
L5-302,2.81176,41.99209,151
L5-302,2.81179,41.9921,152
L5-302,2.81182,41.99211,153
L5-302,2.81185,41.99212,154
L5-302,2.81187,41.99213,155
L5-302,2.8119,41.99215,156
L5-302,2.81192,41.99217,157
L5-302,2.81194,41.99219,158
L5-302,2.81196,41.99222,159
L5-302,2.81299,41.99222,160
L5-302,2.81306,41.99222,161
L5-302,2.81375,41.9922,162
L5-302,2.81385,41.9922,163
L5-302,2.8141,41.9922,164
L5-302,2.81472,41.99219,165
L5-302,2.81479,41.99219,166
L5-302,2.81482,41.99219,167
L5-302,2.81559,41.99217,168
L5-302,2.81645,41.99216,169
L5-302,2.81692,41.99215,170
L5-302,2.81703,41.99215,171
L5-302,2.81711,41.99215,172
L5-302,2.8175,41.99214,173
L5-302,2.81758,41.99213,174
L5-302,2.81761,41.99213,175
L5-302,2.81813,41.99215,176
L5-302,2.81814,41.99214,177
L5-302,2.81815,41.99214,178
L5-302,2.81815,41.99213,179
L5-302,2.81816,41.99213,180
L5-302,2.81816,41.99212,181
L5-302,2.81817,41.99212,182
L5-302,2.81818,41.99211,183
L5-302,2.81819,41.99211,184
L5-302,2.8182,41.99211,185
L5-302,2.8182,41.9921,186
L5-302,2.81821,41.9921,187
L5-302,2.81822,41.9921,188
L5-302,2.81823,41.9921,189
L5-302,2.81824,41.99209,190
L5-302,2.81825,41.99209,191
L5-302,2.81826,41.99209,192
L5-302,2.81827,41.99209,193
L5-302,2.81828,41.99209,194
L5-302,2.81829,41.99209,195
L5-302,2.8183,41.99209,196
L5-302,2.81836,41.99195,197
L5-302,2.81843,41.99185,198
L5-302,2.81847,41.99177,199
L5-302,2.81859,41.99152,200
L5-302,2.81868,41.99135,201
L5-302,2.8187,41.99129,202
L5-302,2.8188,41.99104,203
L5-302,2.81886,41.99091,204
L5-302,2.81899,41.99058,205
L5-302,2.81922,41.99005,206
L5-302,2.81926,41.98996,207
L5-302,2.81928,41.98992,208
L5-302,2.81933,41.98984,209
L5-302,2.81938,41.98982,210
L5-302,2.81946,41.98982,211
L5-302,2.81981,41.98984,212
L5-302,2.82018,41.98985,213
L5-302,2.82038,41.98985,214
L5-302,2.82048,41.98985,215
L5-302,2.82052,41.98984,216
L5-302,2.82061,41.98984,217
L5-302,2.82081,41.98976,218
L5-302,2.82165,41.98935,219
L5-302,2.82178,41.98929,220
L5-302,2.82178,41.98925,221
L5-302,2.82179,41.98921,222
L5-302,2.82181,41.98917,223
L5-302,2.82183,41.98914,224
L5-302,2.82186,41.9891,225
L5-302,2.82189,41.98907,226
L5-302,2.82193,41.98904,227
L5-302,2.82198,41.98902,228
L5-302,2.82203,41.989,229
L5-302,2.82212,41.98898,230
L5-302,2.82215,41.98884,231
L5-302,2.82225,41.98845,232
L5-302,2.82229,41.98824,233
L5-302,2.82228,41.98816,234
L5-302,2.82226,41.98808,235
L5-302,2.82226,41.98807,236
L5-302,2.82223,41.98801,237
L5-302,2.82219,41.98794,238
L5-302,2.8221,41.98784,239
L5-302,2.82195,41.98771,240
L5-302,2.8215,41.98727,241
L5-302,2.82142,41.98704,242
L5-302,2.82137,41.98701,243
L5-302,2.82124,41.98695,244
L5-302,2.82112,41.98688,245
L5-302,2.82105,41.98681,246
L5-302,2.82098,41.98672,247
L5-302,2.82094,41.98662,248
L5-302,2.82093,41.98659,249
L5-302,2.82092,41.98649,250
L5-302,2.82093,41.98644,251
L5-302,2.82095,41.98641,252
L5-302,2.82097,41.98639,253
L5-302,2.82099,41.98639,254
L5-302,2.82102,41.98637,255
L5-302,2.82104,41.98636,256
L5-302,2.82112,41.98634,257
L5-302,2.82118,41.98634,258
L5-302,2.82123,41.98635,259
L5-302,2.82126,41.98636,260
L5-302,2.82132,41.98639,261
L5-302,2.82146,41.98649,262
L5-302,2.82152,41.98647,263
L5-302,2.82171,41.98641,264
L5-302,2.82181,41.98637,265
L5-302,2.82185,41.98635,266
L5-302,2.82204,41.98626,267
L5-302,2.82232,41.98614,268
L5-302,2.82242,41.98609,269
L5-302,2.82241,41.98608,270
L5-302,2.82241,41.98607,271
L5-302,2.82241,41.98606,272
L5-302,2.82241,41.98605,273
L5-302,2.82241,41.98604,274
L5-302,2.82242,41.98603,275
L5-302,2.82242,41.98602,276
L5-302,2.82243,41.98601,277
L5-302,2.82243,41.986,278
L5-302,2.82244,41.986,279
L5-302,2.82244,41.98599,280
L5-302,2.82238,41.9859,281
L5-302,2.82232,41.98584,282
L5-302,2.82218,41.98572,283
L5-302,2.82212,41.98566,284
L5-302,2.82212,41.98565,285
L5-302,2.82142,41.98515,286
L5-302,2.82136,41.98512,287
L5-302,2.82134,41.98509,288
L5-302,2.82112,41.98491,289
L5-302,2.821,41.98481,290
L5-302,2.82072,41.98458,291
L5-302,2.82061,41.98449,292
L5-302,2.82055,41.98444,293
L5-302,2.82054,41.98443,294
L5-302,2.82038,41.98426,295
L5-302,2.81977,41.98361,296
L5-302,2.81973,41.98352,297
L5-302,2.81972,41.98344,298
L5-302,2.81974,41.9833,299
L5-302,2.81975,41.9832,300
L5-302,2.81976,41.98315,301
L5-302,2.81983,41.98272,302
L5-302,2.81984,41.98268,303
L5-302,2.8191,41.98235,304
L5-302,2.81908,41.98235,305
L5-302,2.81906,41.98235,306
L5-302,2.81903,41.98235,307
L5-302,2.81901,41.98234,308
L5-302,2.81899,41.98233,309
L5-302,2.81896,41.98233,310
L5-302,2.81894,41.98231,311
L5-302,2.81884,41.98227,312
L5-302,2.81822,41.98201,313
L5-302,2.81813,41.98198,314
L5-302,2.81769,41.98179,315
L5-302,2.81754,41.98174,316
L5-302,2.81704,41.98152,317
L5-302,2.81639,41.98124,318
L5-302,2.81595,41.98107,319
L5-302,2.81588,41.98104,320
L5-302,2.81577,41.981,321
L5-302,2.8157,41.98097,322
L5-302,2.8156,41.98094,323
L5-302,2.8154,41.98086,324
L5-302,2.81505,41.98073,325
L5-302,2.81427,41.98039,326
L5-302,2.81416,41.98035,327
L5-302,2.81357,41.9801,328
L5-302,2.81333,41.98,329
L5-302,2.81357,41.97969,330
L5-302,2.81373,41.97948,331
L5-302,2.81377,41.97942,332
L5-302,2.81388,41.97924,333
L5-302,2.81395,41.97913,334
L5-302,2.81399,41.97907,335
L5-302,2.81404,41.97901,336
L5-302,2.81409,41.97892,337
L5-302,2.81411,41.97888,338
L5-302,2.81413,41.97878,339
L5-302,2.81413,41.97869,340
L5-302,2.81408,41.97858,341
L5-302,2.81399,41.97835,342
L5-302,2.81377,41.9778,343
L5-302,2.81375,41.97774,344
L5-302,2.81374,41.97772,345
L5-302,2.8137,41.97759,346
L5-302,2.81348,41.97695,347
L5-302,2.81343,41.9768,348
L5-302,2.81338,41.97663,349
L5-302,2.81334,41.97655,350
L5-302,2.81329,41.97639,351
L5-302,2.81328,41.97637,352
L5-302,2.81322,41.97616,353
L5-302,2.81322,41.97615,354
L5-302,2.81321,41.97615,355
L5-302,2.8132,41.97615,356
L5-302,2.81319,41.97615,357
L5-302,2.81319,41.97614,358
L5-302,2.81318,41.97614,359
L5-302,2.81318,41.97613,360
L5-302,2.81317,41.97613,361
L5-302,2.81317,41.97612,362
L5-302,2.81317,41.97611,363
L5-302,2.81317,41.9761,364
L5-302,2.81317,41.97609,365
L5-302,2.81282,41.97594,366
L5-302,2.81273,41.9759,367
L5-302,2.81265,41.97587,368
L5-302,2.8118,41.97554,369
L5-302,2.81161,41.97576,370
L5-302,2.81068,41.97538,371
L5-302,2.81086,41.97513,372
L5-302,2.81078,41.9751,373
L5-302,2.81086,41.97513,374
L5-302,2.81104,41.9749,375
L5-302,2.81106,41.97486,376
L5-302,2.81121,41.97463,377
L5-302,2.81137,41.97441,378
L5-302,2.81174,41.97391,379
L5-302,2.81178,41.97384,380
L5-302,2.81179,41.97383,381
L5-302,2.81196,41.97361,382
L5-302,2.81198,41.97357,383
L5-302,2.812,41.97355,384
L5-302,2.81217,41.97329,385
L5-302,2.81219,41.97327,386
L5-302,2.8124,41.97299,387
L5-302,2.81256,41.97286,388
L5-302,2.81252,41.97276,389
L5-302,2.81247,41.97263,390
L5-302,2.81245,41.97254,391
L5-302,2.81227,41.97209,392
L5-302,2.81214,41.9718,393
L5-302,2.81192,41.9712,394
L5-302,2.81189,41.97113,395
L5-302,2.81187,41.97109,396
L5-302,2.81179,41.97089,397
L5-302,2.81178,41.97084,398
L5-302,2.81168,41.97059,399
L5-302,2.81167,41.97056,400
L5-302,2.81161,41.97041,401
L5-302,2.81158,41.97033,402
L5-302,2.8114,41.96987,403
L5-302,2.81114,41.96921,404
L5-302,2.81112,41.96914,405
L5-302,2.81087,41.96851,406
L5-302,2.81087,41.96849,407
L5-302,2.81083,41.96841,408
L5-302,2.81081,41.96836,409
L5-302,2.81071,41.96811,410
L5-302,2.81049,41.96762,411
L5-302,2.81044,41.9675,412
L5-302,2.8101,41.96717,413
L5-302,2.80993,41.96698,414
L5-302,2.8098,41.96703,415
L5-302,2.80985,41.96708,416
L5-302,2.8098,41.96703,417
L5-302,2.80934,41.96714,418
L5-302,2.80912,41.96719,419
L5-302,2.80904,41.96721,420
L5-302,2.80897,41.96722,421
L5-302,2.80896,41.96723,422
L5-302,2.80892,41.96724,423
L5-302,2.80885,41.96725,424
L5-302,2.80884,41.96725,425
L5-302,2.80829,41.96739,426
L5-302,2.8081,41.96742,427
L5-302,2.80783,41.96745,428
L5-302,2.80786,41.96712,429
L5-302,2.80793,41.96645,430
L5-302,2.80793,41.96645,431
L5-302,2.80796,41.96624,432
L5-302,2.80796,41.96607,433
L5-302,2.80795,41.9659,434
L5-302,2.80794,41.96572,435
L5-302,2.80786,41.96573,436
L5-302,2.80781,41.96573,437
L5-302,2.80775,41.96572,438
L5-302,2.8077,41.96571,439
L5-302,2.80765,41.96569,440
L5-302,2.8076,41.96567,441
L5-302,2.80756,41.96564,442
L5-302,2.80752,41.96561,443
L5-302,2.80747,41.96555,444
L5-302,2.80745,41.96551,445
L5-302,2.80744,41.96547,446
L5-302,2.80743,41.96543,447
L5-302,2.80744,41.96539,448
L5-302,2.80745,41.96535,449
L5-302,2.80746,41.96531,450
L5-302,2.80749,41.96527,451
L5-302,2.80752,41.96523,452
L5-302,2.80756,41.9652,453
L5-302,2.80748,41.96501,454
L5-302,2.80744,41.96493,455
L5-302,2.80721,41.96458,456
L5-302,2.80634,41.9637,457
L5-302,2.80582,41.96315,458
L5-302,2.8055,41.96282,459
L5-302,2.80448,41.96181,460
L5-302,2.80354,41.96088,461
L5-302,2.80328,41.96061,462
L5-302,2.80317,41.96049,463
L5-302,2.80313,41.96036,464
L5-302,2.80313,41.96034,465
L5-302,2.80312,41.96032,466
L5-302,2.80312,41.96027,467
L5-302,2.80302,41.96018,468
L5-302,2.8029,41.96004,469
L5-302,2.80287,41.96006,470
L5-302,2.80285,41.96007,471
L5-302,2.80284,41.96007,472
L5-302,2.80281,41.96008,473
L5-302,2.80276,41.96009,474
L5-302,2.80272,41.9601,475
L5-302,2.8027,41.9601,476
L5-302,2.80265,41.9601,477
L5-302,2.8026,41.9601,478
L5-302,2.80255,41.96009,479
L5-302,2.8025,41.96007,480
L5-302,2.80245,41.96006,481
L5-302,2.80245,41.96005,482
L5-302,2.80241,41.96003,483
L5-302,2.80237,41.96,484
L5-302,2.80234,41.95998,485
L5-302,2.80234,41.95997,486
L5-302,2.80231,41.95994,487
L5-302,2.80229,41.9599,488
L5-302,2.80227,41.95987,489
L5-302,2.80226,41.95983,490
L5-302,2.80226,41.9598,491
L5-302,2.80226,41.95979,492
L5-302,2.80227,41.95975,493
L5-302,2.80228,41.95971,494
L5-302,2.8023,41.95967,495
L5-302,2.80233,41.95964,496
L5-302,2.80236,41.95961,497
L5-302,2.80237,41.9596,498
L5-302,2.80238,41.9596,499
L5-302,2.80239,41.95959,500
L5-302,2.8024,41.95959,501
L5-302,2.8024,41.95958,502
L5-302,2.80241,41.95958,503
L5-302,2.80242,41.95957,504
L5-302,2.80243,41.95957,505
L5-302,2.80232,41.95946,506
L5-302,2.80219,41.95932,507
L5-302,2.80205,41.95918,508
L5-302,2.80197,41.9591,509
L5-302,2.80193,41.95906,510
L5-302,2.80172,41.95886,511
L5-302,2.80168,41.95882,512
L5-302,2.80148,41.95862,513
L5-302,2.80113,41.95827,514
L5-302,2.80104,41.95823,515
L5-302,2.80092,41.95814,516
L5-302,2.80084,41.95807,517
L5-302,2.80082,41.95808,518
L5-302,2.8008,41.95808,519
L5-302,2.80079,41.95809,520
L5-302,2.80077,41.95809,521
L5-302,2.80075,41.95809,522
L5-302,2.80073,41.95809,523
L5-302,2.80072,41.95809,524
L5-302,2.8007,41.95809,525
L5-302,2.80067,41.95808,526
L5-302,2.80065,41.95808,527
L5-302,2.80063,41.95807,528
L5-302,2.80061,41.95807,529
L5-302,2.80058,41.95806,530
L5-302,2.80056,41.95805,531
L5-302,2.80054,41.95804,532
L5-302,2.80053,41.95802,533
L5-302,2.80051,41.95802,534
L5-302,2.8005,41.95801,535
L5-302,2.80049,41.958,536
L5-302,2.80049,41.95799,537
L5-302,2.80048,41.95798,538
L5-302,2.80047,41.95797,539
L5-302,2.80046,41.95795,540
L5-302,2.80046,41.95794,541
L5-302,2.80045,41.95792,542
L5-302,2.80044,41.95789,543
L5-302,2.80044,41.95786,544
L5-302,2.80045,41.95784,545
L5-302,2.80046,41.95781,546
L5-302,2.80046,41.9578,547
L5-302,2.80047,41.95778,548
L5-302,2.80048,41.95775,549
L5-302,2.8005,41.95773,550
L5-302,2.80043,41.95757,551
L5-302,2.80031,41.95746,552
L5-302,2.8003,41.95745,553
L5-302,2.80006,41.95721,554
L5-302,2.79982,41.95696,555
L5-302,2.79955,41.95671,556
L5-302,2.79954,41.9567,557
L5-302,2.79946,41.95663,558
L5-302,2.79929,41.95654,559
L5-302,2.79927,41.95654,560
L5-302,2.79926,41.95654,561
L5-302,2.79925,41.95654,562
L5-302,2.79923,41.95655,563
L5-302,2.79922,41.95655,564
L5-302,2.79921,41.95655,565
L5-302,2.7992,41.95655,566
L5-302,2.79918,41.95655,567
L5-302,2.79916,41.95656,568
L5-302,2.79914,41.95656,569
L5-302,2.79912,41.95656,570
L5-302,2.7991,41.95656,571
L5-302,2.79908,41.95655,572
L5-302,2.79906,41.95655,573
L5-302,2.79904,41.95654,574
L5-302,2.79903,41.95653,575
L5-302,2.79901,41.95653,576
L5-302,2.79896,41.95645,577
L5-302,2.79894,41.95643,578
L5-302,2.79893,41.95642,579
L5-302,2.79892,41.95641,580
L5-302,2.79891,41.9564,581
L5-302,2.79891,41.95638,582
L5-302,2.7989,41.95637,583
L5-302,2.7989,41.95635,584
L5-302,2.7989,41.95634,585
L5-302,2.7989,41.95632,586
L5-302,2.79891,41.9563,587
L5-302,2.79892,41.95629,588
L5-302,2.79892,41.95627,589
L5-302,2.79894,41.95626,590
L5-302,2.79894,41.95625,591
L5-302,2.79894,41.95624,592
L5-302,2.79895,41.95624,593
L5-302,2.79896,41.95623,594
L5-302,2.79885,41.95605,595
L5-302,2.79882,41.95602,596
L5-302,2.79872,41.95593,597
L5-302,2.7986,41.95581,598
L5-302,2.79813,41.95533,599
L5-302,2.79783,41.95504,600
L5-302,2.79749,41.95469,601
L5-302,2.79724,41.95443,602
L5-302,2.7969,41.9541,603
L5-302,2.79671,41.95391,604
L5-302,2.79627,41.95347,605
L5-302,2.79586,41.95306,606
L5-302,2.79577,41.95297,607
L5-302,2.79569,41.95288,608
L5-302,2.79564,41.95284,609
L5-302,2.79546,41.95274,610
L5-302,2.79544,41.95274,611
L5-302,2.79542,41.95275,612
L5-302,2.7954,41.95275,613
L5-302,2.79537,41.95275,614
L5-302,2.79535,41.95275,615
L5-302,2.79532,41.95275,616
L5-302,2.7953,41.95275,617
L5-302,2.79528,41.95274,618
L5-302,2.79526,41.95274,619
L5-302,2.79525,41.95274,620
L5-302,2.79523,41.95273,621
L5-302,2.79522,41.95273,622
L5-302,2.7952,41.95272,623
L5-302,2.79519,41.95271,624
L5-302,2.79518,41.95271,625
L5-302,2.79517,41.9527,626
L5-302,2.79515,41.95268,627
L5-302,2.79513,41.95267,628
L5-302,2.79512,41.95265,629
L5-302,2.7951,41.95264,630
L5-302,2.79509,41.95262,631
L5-302,2.79508,41.9526,632
L5-302,2.79508,41.95258,633
L5-302,2.79507,41.95256,634
L5-302,2.79507,41.95254,635
L5-302,2.79508,41.95252,636
L5-302,2.79508,41.9525,637
L5-302,2.79509,41.95248,638
L5-302,2.79509,41.95246,639
L5-302,2.79511,41.95245,640
L5-302,2.79512,41.95243,641
L5-302,2.79503,41.95224,642
L5-302,2.7949,41.95209,643
L5-302,2.79363,41.95084,644
L5-302,2.79338,41.95059,645
L5-302,2.79323,41.95044,646
L5-302,2.79318,41.95039,647
L5-302,2.79295,41.95015,648
L5-302,2.79201,41.94924,649
L5-302,2.79174,41.94899,650
L5-302,2.78999,41.94721,651
L5-302,2.78985,41.94708,652
L5-302,2.7896,41.94688,653
L5-302,2.78936,41.94674,654
L5-302,2.78927,41.94671,655
L5-302,2.78889,41.94657,656
L5-302,2.78879,41.94654,657
L5-302,2.78864,41.9465,658
L5-302,2.78851,41.94646,659
L5-302,2.78838,41.94642,660
L5-302,2.78822,41.94637,661
L5-302,2.78804,41.94629,662
L5-302,2.78796,41.94625,663
L5-302,2.78781,41.94616,664
L5-302,2.78764,41.94605,665
L5-302,2.78757,41.94599,666
L5-302,2.78752,41.94598,667
L5-302,2.7875,41.94598,668
L5-302,2.78748,41.94597,669
L5-302,2.78747,41.94597,670
L5-302,2.78743,41.94593,671
L5-302,2.78738,41.94588,672
L5-302,2.78735,41.94587,673
L5-302,2.78725,41.94585,674
L5-302,2.78717,41.94585,675
L5-302,2.78716,41.94586,676
L5-302,2.78709,41.94587,677
L5-302,2.78701,41.94589,678
L5-302,2.78674,41.94593,679
L5-302,2.7863,41.94595,680
L5-302,2.78601,41.94597,681
L5-302,2.78567,41.946,682
L5-302,2.78558,41.94594,683
L5-302,2.78549,41.94588,684
L5-302,2.78536,41.9458,685
L5-302,2.78531,41.94577,686
L5-302,2.78527,41.94575,687
L5-302,2.78521,41.94573,688
L5-302,2.78517,41.94571,689
L5-302,2.7844,41.94547,690
L5-302,2.78395,41.94532,691
L5-302,2.78375,41.94524,692
L5-302,2.78241,41.94433,693
L5-302,2.78223,41.94416,694
L5-302,2.78209,41.94402,695
L5-302,2.78186,41.94384,696
L5-302,2.78132,41.94346,697
L5-302,2.78129,41.94344,698
L5-302,2.78128,41.94343,699
L5-302,2.78031,41.94278,700
L5-302,2.77996,41.94255,701
L5-302,2.7797,41.94233,702
L5-302,2.78053,41.94165,703
L5-302,2.78106,41.94121,704
L5-302,2.78136,41.94096,705
L5-302,2.78232,41.94016,706
L5-302,2.78239,41.94011,707
L5-302,2.78246,41.94002,708
L5-302,2.78258,41.9399,709
L5-302,2.78257,41.93989,710
L5-302,2.78256,41.93989,711
L5-302,2.78254,41.93988,712
L5-302,2.78253,41.93987,713
L5-302,2.78252,41.93986,714
L5-302,2.78251,41.93985,715
L5-302,2.7825,41.93984,716
L5-302,2.78249,41.93983,717
L5-302,2.78246,41.9398,718
L5-302,2.78244,41.93978,719
L5-302,2.78243,41.93975,720
L5-302,2.78242,41.93972,721
L5-302,2.78242,41.93968,722
L5-302,2.78242,41.93965,723
L5-302,2.78243,41.93962,724
L5-302,2.78245,41.93959,725
L5-302,2.78246,41.93958,726
L5-302,2.78247,41.93957,727
L5-302,2.78247,41.93956,728
L5-302,2.78248,41.93955,729
L5-302,2.78249,41.93954,730
L5-302,2.7825,41.93953,731
L5-302,2.78251,41.93953,732
L5-302,2.78252,41.93952,733
L5-302,2.7823,41.93929,734
L5-302,2.78186,41.93898,735
L5-302,2.7815,41.93874,736
L5-302,2.78138,41.93866,737
L5-302,2.78091,41.93837,738
L5-302,2.78077,41.93832,739
L5-302,2.78018,41.93811,740
L5-302,2.77969,41.93804,741
L5-302,2.77924,41.93802,742
L5-302,2.77903,41.93802,743
L5-302,2.77898,41.93804,744
L5-302,2.77895,41.93806,745
L5-302,2.77893,41.93806,746
L5-302,2.77806,41.9381,747
L5-302,2.77797,41.93811,748
L5-302,2.7778,41.93811,749
L5-302,2.77727,41.93814,750
L5-302,2.77715,41.93814,751
L5-302,2.77656,41.93816,752
L5-302,2.77586,41.93819,753
L5-302,2.77572,41.93819,754
L5-302,2.77555,41.93817,755
L5-302,2.77523,41.93818,756
L5-302,2.77445,41.93821,757
L5-302,2.77433,41.93822,758
L5-302,2.77379,41.93824,759
L5-302,2.77307,41.93828,760
L5-302,2.77227,41.9383,761
L5-302,2.77142,41.93834,762
L5-302,2.77052,41.93837,763
L5-302,2.76741,41.9385,764
L5-302,2.76642,41.93855,765
L5-302,2.76632,41.93855,766
L5-302,2.76613,41.93856,767
L5-302,2.76597,41.93858,768
L5-302,2.76585,41.93861,769
L5-302,2.76557,41.93865,770
L5-302,2.76557,41.93866,771
L5-302,2.76556,41.93866,772
L5-302,2.76556,41.93867,773
L5-302,2.76555,41.93868,774
L5-302,2.76555,41.93869,775
L5-302,2.76554,41.93869,776
L5-302,2.76553,41.9387,777
L5-302,2.76552,41.9387,778
L5-302,2.76551,41.93871,779
L5-302,2.7655,41.93872,780
L5-302,2.76549,41.93872,781
L5-302,2.76548,41.93872,782
L5-302,2.76547,41.93873,783
L5-302,2.76546,41.93873,784
L5-302,2.76545,41.93873,785
L5-302,2.76543,41.93874,786
L5-302,2.76541,41.93877,787
L5-302,2.7654,41.93879,788
L5-302,2.76534,41.93883,789
L5-302,2.76532,41.9389,790
L5-302,2.76521,41.9392,791
L5-302,2.76517,41.93933,792
L5-302,2.76512,41.93949,793
L5-302,2.76506,41.93978,794
L5-302,2.76469,41.93984,795
L5-302,2.76423,41.93989,796
L5-302,2.7639,41.93993,797
L5-302,2.76355,41.93997,798
L5-302,2.76335,41.93999,799
L5-302,2.7631,41.93998,800
L5-302,2.76296,41.93996,801
L5-302,2.76276,41.93992,802
L5-302,2.76254,41.93983,803
L5-302,2.76234,41.93974,804
L5-302,2.76221,41.93967,805
L5-302,2.76201,41.93952,806
L5-302,2.76179,41.93934,807
L5-302,2.76167,41.93921,808
L5-302,2.76163,41.93914,809
L5-302,2.76159,41.93906,810
L5-302,2.76158,41.93905,811
L5-302,2.7615,41.93894,812
L5-302,2.76149,41.93894,813
L5-302,2.76133,41.93879,814
L5-302,2.761,41.93847,815
L5-302,2.76081,41.93827,816
L5-302,2.76068,41.93816,817
L5-302,2.76061,41.93811,818
L5-302,2.76055,41.93807,819
L5-302,2.76052,41.93806,820
L5-302,2.76046,41.93804,821
L5-302,2.76032,41.93799,822
L5-402,2.802328556188007,41.99691103388209,2
L5-402,2.802442998156089,41.99665314074701,3
L5-402,2.802511949400104,41.99650544348664,4
L5-402,2.80268,41.99624,5
L5-402,2.80281,41.99614,6
L5-402,2.80291,41.99608,7
L5-402,2.80292,41.99608,8
L5-402,2.80295,41.99606,9
L5-402,2.80301,41.99603,10
L5-402,2.80307,41.99599,11
L5-402,2.80317,41.99594,12
L5-402,2.80326,41.99588,13
L5-402,2.80333,41.99584,14
L5-402,2.80354,41.99572,15
L5-402,2.8036,41.99568,16
L5-402,2.80366,41.99563,17
L5-402,2.8037,41.9956,18
L5-402,2.80374,41.99555,19
L5-402,2.80378,41.99551,20
L5-402,2.80385,41.99539,21
L5-402,2.80387,41.99533,22
L5-402,2.80389,41.99527,23
L5-402,2.80391,41.99513,24
L5-402,2.80398,41.99484,25
L5-402,2.80401,41.99473,26
L5-402,2.80401,41.99466,27
L5-402,2.80402,41.99453,28
L5-402,2.80411,41.99452,29
L5-402,2.80433,41.99448,30
L5-402,2.80443,41.99446,31
L5-402,2.80449,41.99445,32
L5-402,2.80487,41.99439,33
L5-402,2.8051,41.99435,34
L5-402,2.80516,41.99434,35
L5-402,2.80559,41.99428,36
L5-402,2.80568,41.99427,37
L5-402,2.80569,41.99427,38
L5-402,2.80598,41.99424,39
L5-402,2.8061,41.99423,40
L5-402,2.80626,41.99421,41
L5-402,2.8065,41.9942,42
L5-402,2.80706,41.99411,43
L5-402,2.80729,41.9941,44
L5-402,2.80735,41.99409,45
L5-402,2.80749,41.99408,46
L5-402,2.80772,41.99407,47
L5-402,2.80779,41.99406,48
L5-402,2.80785,41.99404,49
L5-402,2.80791,41.99403,50
L5-402,2.80801,41.99399,51
L5-402,2.80807,41.99397,52
L5-402,2.80817,41.99391,53
L5-402,2.80824,41.99387,54
L5-402,2.80828,41.99384,55
L5-402,2.80836,41.99376,56
L5-402,2.8084,41.9937,57
L5-402,2.80854,41.99349,58
L5-402,2.80856,41.99345,59
L5-402,2.80861,41.99328,60
L5-402,2.80862,41.99326,61
L5-402,2.80864,41.99322,62
L5-402,2.80884,41.9927,63
L5-402,2.80884,41.99269,64
L5-402,2.80885,41.99263,65
L5-402,2.80885,41.9926,66
L5-402,2.80885,41.99257,67
L5-402,2.80885,41.99253,68
L5-402,2.80885,41.99249,69
L5-402,2.80883,41.99241,70
L5-402,2.80883,41.9924,71
L5-402,2.80882,41.99239,72
L5-402,2.80881,41.99238,73
L5-402,2.8088,41.99237,74
L5-402,2.8088,41.99236,75
L5-402,2.80879,41.99236,76
L5-402,2.80878,41.99234,77
L5-402,2.80878,41.99233,78
L5-402,2.80877,41.99231,79
L5-402,2.80877,41.9923,80
L5-402,2.80877,41.99228,81
L5-402,2.80877,41.99227,82
L5-402,2.80877,41.99226,83
L5-402,2.80878,41.99224,84
L5-402,2.80879,41.99223,85
L5-402,2.8088,41.99221,86
L5-402,2.8088,41.99219,87
L5-402,2.80881,41.99218,88
L5-402,2.80882,41.99218,89
L5-402,2.80883,41.99217,90
L5-402,2.80884,41.99216,91
L5-402,2.80885,41.99215,92
L5-402,2.80887,41.99214,93
L5-402,2.80888,41.99213,94
L5-402,2.8089,41.99213,95
L5-402,2.80892,41.99212,96
L5-402,2.80893,41.99212,97
L5-402,2.80895,41.99211,98
L5-402,2.80897,41.99211,99
L5-402,2.80899,41.99211,100
L5-402,2.80901,41.99211,101
L5-402,2.80902,41.99211,102
L5-402,2.80904,41.99211,103
L5-402,2.80906,41.99211,104
L5-402,2.80908,41.99212,105
L5-402,2.8091,41.99212,106
L5-402,2.80911,41.99212,107
L5-402,2.80913,41.99213,108
L5-402,2.80914,41.99214,109
L5-402,2.80916,41.99214,110
L5-402,2.80917,41.99215,111
L5-402,2.80918,41.99216,112
L5-402,2.80919,41.99217,113
L5-402,2.8092,41.99218,114
L5-402,2.80921,41.99219,115
L5-402,2.80927,41.9922,116
L5-402,2.80932,41.99221,117
L5-402,2.80936,41.99222,118
L5-402,2.8094,41.99224,119
L5-402,2.80945,41.99225,120
L5-402,2.80949,41.99225,121
L5-402,2.80953,41.99226,122
L5-402,2.80983,41.99226,123
L5-402,2.8102,41.99226,124
L5-402,2.81023,41.99226,125
L5-402,2.81061,41.99226,126
L5-402,2.81076,41.99226,127
L5-402,2.81099,41.99228,128
L5-402,2.81107,41.99229,129
L5-402,2.81118,41.99228,130
L5-402,2.81131,41.99225,131
L5-402,2.81139,41.99224,132
L5-402,2.81142,41.9922,133
L5-402,2.81143,41.99218,134
L5-402,2.81145,41.99217,135
L5-402,2.81147,41.99216,136
L5-402,2.81148,41.99215,137
L5-402,2.8115,41.99214,138
L5-402,2.81152,41.99213,139
L5-402,2.81154,41.99212,140
L5-402,2.8116,41.99209,141
L5-402,2.81161,41.99209,142
L5-402,2.81162,41.99209,143
L5-402,2.81163,41.99209,144
L5-402,2.81167,41.99209,145
L5-402,2.8117,41.99209,146
L5-402,2.81174,41.9921,147
L5-402,2.81177,41.9921,148
L5-402,2.8118,41.99211,149
L5-402,2.81183,41.99212,150
L5-402,2.81186,41.99213,151
L5-402,2.81189,41.99214,152
L5-402,2.8119,41.99215,153
L5-402,2.81192,41.99217,154
L5-402,2.81194,41.99219,155
L5-402,2.81196,41.99222,156
L5-402,2.81273,41.99221,157
L5-402,2.81299,41.99222,158
L5-402,2.81306,41.99222,159
L5-402,2.81375,41.9922,160
L5-402,2.81385,41.9922,161
L5-402,2.81472,41.99219,162
L5-402,2.81479,41.99219,163
L5-402,2.81482,41.99219,164
L5-402,2.81559,41.99217,165
L5-402,2.81645,41.99216,166
L5-402,2.81692,41.99215,167
L5-402,2.81703,41.99215,168
L5-402,2.81711,41.99215,169
L5-402,2.8175,41.99214,170
L5-402,2.81758,41.99213,171
L5-402,2.81761,41.99213,172
L5-402,2.81813,41.99215,173
L5-402,2.81814,41.99214,174
L5-402,2.81815,41.99214,175
L5-402,2.81815,41.99213,176
L5-402,2.81816,41.99213,177
L5-402,2.81816,41.99212,178
L5-402,2.81817,41.99212,179
L5-402,2.81818,41.99211,180
L5-402,2.81819,41.99211,181
L5-402,2.8182,41.99211,182
L5-402,2.8182,41.9921,183
L5-402,2.81821,41.9921,184
L5-402,2.81822,41.9921,185
L5-402,2.81823,41.9921,186
L5-402,2.81824,41.99209,187
L5-402,2.81825,41.99209,188
L5-402,2.81826,41.99209,189
L5-402,2.81827,41.99209,190
L5-402,2.81828,41.99209,191
L5-402,2.81829,41.99209,192
L5-402,2.8183,41.99209,193
L5-402,2.81836,41.99195,194
L5-402,2.81843,41.99185,195
L5-402,2.81847,41.99177,196
L5-402,2.81859,41.99152,197
L5-402,2.81868,41.99135,198
L5-402,2.8187,41.99129,199
L5-402,2.8188,41.99104,200
L5-402,2.81884,41.99094,201
L5-402,2.81886,41.99091,202
L5-402,2.81887,41.99087,203
L5-402,2.8189,41.99081,204
L5-402,2.81892,41.99076,205
L5-402,2.81899,41.99058,206
L5-402,2.81922,41.99005,207
L5-402,2.81926,41.98996,208
L5-402,2.81928,41.98992,209
L5-402,2.81933,41.98984,210
L5-402,2.81938,41.98982,211
L5-402,2.81946,41.98982,212
L5-402,2.81981,41.98984,213
L5-402,2.82018,41.98985,214
L5-402,2.82038,41.98985,215
L5-402,2.82048,41.98985,216
L5-402,2.82052,41.98984,217
L5-402,2.82061,41.98984,218
L5-402,2.82081,41.98976,219
L5-402,2.82096,41.98969,220
L5-402,2.82136,41.98949,221
L5-402,2.82165,41.98935,222
L5-402,2.82178,41.98929,223
L5-402,2.82178,41.98925,224
L5-402,2.82179,41.98921,225
L5-402,2.82181,41.98917,226
L5-402,2.82183,41.98914,227
L5-402,2.82186,41.9891,228
L5-402,2.82189,41.98907,229
L5-402,2.82193,41.98904,230
L5-402,2.82198,41.98902,231
L5-402,2.82203,41.989,232
L5-402,2.82212,41.98898,233
L5-402,2.82215,41.98884,234
L5-402,2.82225,41.98845,235
L5-402,2.82229,41.98824,236
L5-402,2.82228,41.98816,237
L5-402,2.82226,41.98808,238
L5-402,2.82226,41.98807,239
L5-402,2.82223,41.98801,240
L5-402,2.82219,41.98794,241
L5-402,2.8221,41.98784,242
L5-402,2.82195,41.98771,243
L5-402,2.8215,41.98727,244
L5-402,2.82142,41.98704,245
L5-402,2.82137,41.98701,246
L5-402,2.82124,41.98695,247
L5-402,2.82112,41.98688,248
L5-402,2.82105,41.98681,249
L5-402,2.82098,41.98672,250
L5-402,2.82094,41.98662,251
L5-402,2.82093,41.98659,252
L5-402,2.82092,41.98649,253
L5-402,2.82093,41.98644,254
L5-402,2.82095,41.98641,255
L5-402,2.82097,41.98639,256
L5-402,2.82099,41.98639,257
L5-402,2.82102,41.98637,258
L5-402,2.82104,41.98636,259
L5-402,2.82112,41.98634,260
L5-402,2.82118,41.98634,261
L5-402,2.82123,41.98635,262
L5-402,2.82126,41.98636,263
L5-402,2.82132,41.98639,264
L5-402,2.82146,41.98649,265
L5-402,2.82152,41.98647,266
L5-402,2.82171,41.98641,267
L5-402,2.82181,41.98637,268
L5-402,2.82185,41.98635,269
L5-402,2.82232,41.98614,270
L5-402,2.82242,41.98609,271
L5-402,2.82241,41.98608,272
L5-402,2.82241,41.98607,273
L5-402,2.82241,41.98606,274
L5-402,2.82241,41.98605,275
L5-402,2.82241,41.98604,276
L5-402,2.82242,41.98603,277
L5-402,2.82242,41.98602,278
L5-402,2.82243,41.98601,279
L5-402,2.82243,41.986,280
L5-402,2.82244,41.986,281
L5-402,2.82244,41.98599,282
L5-402,2.82238,41.9859,283
L5-402,2.82232,41.98584,284
L5-402,2.82218,41.98572,285
L5-402,2.82212,41.98566,286
L5-402,2.82212,41.98565,287
L5-402,2.82142,41.98515,288
L5-402,2.82136,41.98512,289
L5-402,2.82134,41.98509,290
L5-402,2.82112,41.98491,291
L5-402,2.821,41.98481,292
L5-402,2.82072,41.98458,293
L5-402,2.82061,41.98449,294
L5-402,2.82055,41.98444,295
L5-402,2.82054,41.98443,296
L5-402,2.82038,41.98426,297
L5-402,2.81977,41.98361,298
L5-402,2.81973,41.98352,299
L5-402,2.81972,41.98344,300
L5-402,2.81974,41.9833,301
L5-402,2.81975,41.9832,302
L5-402,2.81976,41.98315,303
L5-402,2.81983,41.98272,304
L5-402,2.81984,41.98268,305
L5-402,2.8191,41.98235,306
L5-402,2.81908,41.98235,307
L5-402,2.81906,41.98235,308
L5-402,2.81903,41.98235,309
L5-402,2.81901,41.98234,310
L5-402,2.81899,41.98233,311
L5-402,2.81896,41.98233,312
L5-402,2.81894,41.98231,313
L5-402,2.81884,41.98227,314
L5-402,2.81821,41.982,315
L5-402,2.81814,41.98197,316
L5-402,2.81812,41.98196,317
L5-402,2.81769,41.98179,318
L5-402,2.81754,41.98174,319
L5-402,2.81704,41.98152,320
L5-402,2.81639,41.98124,321
L5-402,2.81595,41.98107,322
L5-402,2.81588,41.98104,323
L5-402,2.81577,41.981,324
L5-402,2.8157,41.98097,325
L5-402,2.8156,41.98094,326
L5-402,2.8154,41.98086,327
L5-402,2.81505,41.98073,328
L5-402,2.81427,41.98039,329
L5-402,2.81416,41.98035,330
L5-402,2.81357,41.9801,331
L5-402,2.81333,41.98,332
L5-402,2.81373,41.97948,333
L5-402,2.81377,41.97942,334
L5-402,2.81388,41.97924,335
L5-402,2.81395,41.97913,336
L5-402,2.81399,41.97907,337
L5-402,2.81404,41.97901,338
L5-402,2.81409,41.97892,339
L5-402,2.81411,41.97888,340
L5-402,2.81413,41.97878,341
L5-402,2.81413,41.97869,342
L5-402,2.81408,41.97858,343
L5-402,2.81399,41.97835,344
L5-402,2.81377,41.9778,345
L5-402,2.81375,41.97774,346
L5-402,2.81374,41.97772,347
L5-402,2.8137,41.97759,348
L5-402,2.81348,41.97695,349
L5-402,2.81343,41.9768,350
L5-402,2.81337,41.97667,351
L5-402,2.81335,41.97659,352
L5-402,2.81329,41.9764,353
L5-402,2.81328,41.97637,354
L5-402,2.81322,41.97616,355
L5-402,2.81322,41.97615,356
L5-402,2.81321,41.97615,357
L5-402,2.8132,41.97615,358
L5-402,2.81319,41.97615,359
L5-402,2.81319,41.97614,360
L5-402,2.81318,41.97614,361
L5-402,2.81318,41.97613,362
L5-402,2.81317,41.97613,363
L5-402,2.81317,41.97612,364
L5-402,2.81317,41.97611,365
L5-402,2.81317,41.9761,366
L5-402,2.81317,41.97609,367
L5-402,2.81282,41.97594,368
L5-402,2.81273,41.9759,369
L5-402,2.81265,41.97587,370
L5-402,2.8118,41.97554,371
L5-402,2.81161,41.97576,372
L5-402,2.81068,41.97538,373
L5-402,2.81086,41.97514,374
L5-402,2.81104,41.9749,375
L5-402,2.81106,41.97486,376
L5-402,2.81121,41.97463,377
L5-402,2.81137,41.97441,378
L5-402,2.81174,41.97391,379
L5-402,2.81178,41.97384,380
L5-402,2.81179,41.97383,381
L5-402,2.81196,41.97361,382
L5-402,2.81198,41.97357,383
L5-402,2.812,41.97355,384
L5-402,2.81217,41.97329,385
L5-402,2.81219,41.97327,386
L5-402,2.8124,41.97299,387
L5-402,2.81256,41.97286,388
L5-402,2.81252,41.97276,389
L5-402,2.81247,41.97263,390
L5-402,2.81245,41.97254,391
L5-402,2.81227,41.97209,392
L5-402,2.81214,41.9718,393
L5-402,2.81192,41.9712,394
L5-402,2.81189,41.97113,395
L5-402,2.81187,41.97109,396
L5-402,2.81179,41.97089,397
L5-402,2.81178,41.97084,398
L5-402,2.81168,41.97059,399
L5-402,2.81166,41.97055,400
L5-402,2.81158,41.97034,401
L5-402,2.8114,41.96987,402
L5-402,2.81114,41.96921,403
L5-402,2.81112,41.96914,404
L5-402,2.81087,41.96851,405
L5-402,2.81087,41.96849,406
L5-402,2.81083,41.96841,407
L5-402,2.81081,41.96836,408
L5-402,2.81071,41.96811,409
L5-402,2.81049,41.96762,410
L5-402,2.81044,41.9675,411
L5-402,2.8101,41.96717,412
L5-402,2.80993,41.96698,413
L5-402,2.8098,41.96703,414
L5-402,2.80934,41.96714,415
L5-402,2.80912,41.96719,416
L5-402,2.80904,41.96721,417
L5-402,2.80897,41.96722,418
L5-402,2.80896,41.96723,419
L5-402,2.80892,41.96724,420
L5-402,2.80885,41.96725,421
L5-402,2.80884,41.96725,422
L5-402,2.80829,41.96739,423
L5-402,2.8081,41.96742,424
L5-402,2.80783,41.96745,425
L5-402,2.80786,41.96712,426
L5-402,2.80793,41.96645,427
L5-402,2.80796,41.96624,428
L5-402,2.80796,41.96607,429
L5-402,2.80795,41.9659,430
L5-402,2.80794,41.96572,431
L5-402,2.80786,41.96573,432
L5-402,2.80781,41.96573,433
L5-402,2.80775,41.96572,434
L5-402,2.8077,41.96571,435
L5-402,2.80765,41.96569,436
L5-402,2.8076,41.96567,437
L5-402,2.80756,41.96564,438
L5-402,2.80752,41.96561,439
L5-402,2.80747,41.96555,440
L5-402,2.80745,41.96551,441
L5-402,2.80744,41.96547,442
L5-402,2.80743,41.96543,443
L5-402,2.80744,41.96539,444
L5-402,2.80745,41.96535,445
L5-402,2.80746,41.96531,446
L5-402,2.80749,41.96527,447
L5-402,2.80752,41.96523,448
L5-402,2.80756,41.9652,449
L5-402,2.80748,41.96501,450
L5-402,2.80744,41.96493,451
L5-402,2.80727,41.96468,452
L5-402,2.80721,41.96458,453
L5-402,2.80713,41.9645,454
L5-402,2.80634,41.9637,455
L5-402,2.80582,41.96315,456
L5-402,2.8055,41.96282,457
L5-402,2.8049,41.96222,458
L5-402,2.80448,41.96181,459
L5-402,2.80398,41.96131,460
L5-402,2.80354,41.96088,461
L5-402,2.80328,41.96061,462
L5-402,2.80317,41.96049,463
L5-402,2.80313,41.96036,464
L5-402,2.80313,41.96034,465
L5-402,2.80312,41.96032,466
L5-402,2.80312,41.96027,467
L5-402,2.80302,41.96018,468
L5-402,2.8029,41.96004,469
L5-402,2.80287,41.96006,470
L5-402,2.80285,41.96007,471
L5-402,2.80284,41.96007,472
L5-402,2.80281,41.96008,473
L5-402,2.80276,41.96009,474
L5-402,2.80272,41.9601,475
L5-402,2.8027,41.9601,476
L5-402,2.80265,41.9601,477
L5-402,2.8026,41.9601,478
L5-402,2.80255,41.96009,479
L5-402,2.8025,41.96007,480
L5-402,2.80245,41.96006,481
L5-402,2.80245,41.96005,482
L5-402,2.80241,41.96003,483
L5-402,2.80237,41.96,484
L5-402,2.80234,41.95998,485
L5-402,2.80234,41.95997,486
L5-402,2.80231,41.95994,487
L5-402,2.80229,41.9599,488
L5-402,2.80227,41.95987,489
L5-402,2.80226,41.95983,490
L5-402,2.80226,41.9598,491
L5-402,2.80226,41.95979,492
L5-402,2.80227,41.95975,493
L5-402,2.80228,41.95971,494
L5-402,2.8023,41.95967,495
L5-402,2.80233,41.95964,496
L5-402,2.80236,41.95961,497
L5-402,2.80237,41.9596,498
L5-402,2.80238,41.9596,499
L5-402,2.80239,41.95959,500
L5-402,2.8024,41.95959,501
L5-402,2.8024,41.95958,502
L5-402,2.80241,41.95958,503
L5-402,2.80242,41.95957,504
L5-402,2.80243,41.95957,505
L5-402,2.80232,41.95946,506
L5-402,2.80219,41.95932,507
L5-402,2.80205,41.95918,508
L5-402,2.80197,41.9591,509
L5-402,2.80193,41.95906,510
L5-402,2.80172,41.95886,511
L5-402,2.80168,41.95882,512
L5-402,2.80148,41.95862,513
L5-402,2.80113,41.95827,514
L5-402,2.80104,41.95823,515
L5-402,2.80101,41.9582,516
L5-402,2.80092,41.95814,517
L5-402,2.80084,41.95807,518
L5-402,2.80082,41.95808,519
L5-402,2.8008,41.95808,520
L5-402,2.80079,41.95809,521
L5-402,2.80077,41.95809,522
L5-402,2.80075,41.95809,523
L5-402,2.80073,41.95809,524
L5-402,2.80072,41.95809,525
L5-402,2.8007,41.95809,526
L5-402,2.80067,41.95808,527
L5-402,2.80065,41.95808,528
L5-402,2.80063,41.95807,529
L5-402,2.80061,41.95807,530
L5-402,2.80058,41.95806,531
L5-402,2.80056,41.95805,532
L5-402,2.80054,41.95804,533
L5-402,2.80053,41.95802,534
L5-402,2.80051,41.95802,535
L5-402,2.8005,41.95801,536
L5-402,2.80049,41.958,537
L5-402,2.80049,41.95799,538
L5-402,2.80048,41.95798,539
L5-402,2.80047,41.95797,540
L5-402,2.80046,41.95795,541
L5-402,2.80046,41.95794,542
L5-402,2.80045,41.95792,543
L5-402,2.80044,41.95789,544
L5-402,2.80044,41.95786,545
L5-402,2.80045,41.95784,546
L5-402,2.80046,41.95781,547
L5-402,2.80046,41.9578,548
L5-402,2.80047,41.95778,549
L5-402,2.80048,41.95775,550
L5-402,2.8005,41.95773,551
L5-402,2.80043,41.95757,552
L5-402,2.80031,41.95746,553
L5-402,2.8003,41.95745,554
L5-402,2.80006,41.95721,555
L5-402,2.79982,41.95696,556
L5-402,2.79955,41.95671,557
L5-402,2.79954,41.9567,558
L5-402,2.79946,41.95663,559
L5-402,2.79929,41.95654,560
L5-402,2.79927,41.95654,561
L5-402,2.79926,41.95654,562
L5-402,2.79925,41.95654,563
L5-402,2.79923,41.95655,564
L5-402,2.79922,41.95655,565
L5-402,2.79921,41.95655,566
L5-402,2.7992,41.95655,567
L5-402,2.79918,41.95655,568
L5-402,2.79916,41.95656,569
L5-402,2.79914,41.95656,570
L5-402,2.79912,41.95656,571
L5-402,2.7991,41.95656,572
L5-402,2.79908,41.95655,573
L5-402,2.79906,41.95655,574
L5-402,2.79904,41.95654,575
L5-402,2.79903,41.95653,576
L5-402,2.79901,41.95653,577
L5-402,2.79896,41.95645,578
L5-402,2.79894,41.95643,579
L5-402,2.79893,41.95642,580
L5-402,2.79892,41.95641,581
L5-402,2.79891,41.9564,582
L5-402,2.79891,41.95638,583
L5-402,2.7989,41.95637,584
L5-402,2.7989,41.95635,585
L5-402,2.7989,41.95634,586
L5-402,2.7989,41.95632,587
L5-402,2.79891,41.9563,588
L5-402,2.79892,41.95629,589
L5-402,2.79892,41.95628,590
L5-402,2.79892,41.95627,591
L5-402,2.79894,41.95626,592
L5-402,2.79894,41.95625,593
L5-402,2.79894,41.95624,594
L5-402,2.79895,41.95624,595
L5-402,2.79896,41.95623,596
L5-402,2.79885,41.95605,597
L5-402,2.79882,41.95602,598
L5-402,2.79872,41.95593,599
L5-402,2.7986,41.95581,600
L5-402,2.79815,41.95535,601
L5-402,2.79813,41.95533,602
L5-402,2.79801,41.95521,603
L5-402,2.79783,41.95504,604
L5-402,2.79749,41.95469,605
L5-402,2.79729,41.95449,606
L5-402,2.79724,41.95443,607
L5-402,2.7969,41.9541,608
L5-402,2.79671,41.95391,609
L5-402,2.79627,41.95347,610
L5-402,2.79586,41.95306,611
L5-402,2.79577,41.95297,612
L5-402,2.79569,41.95288,613
L5-402,2.79564,41.95284,614
L5-402,2.79546,41.95274,615
L5-402,2.79544,41.95274,616
L5-402,2.79542,41.95275,617
L5-402,2.7954,41.95275,618
L5-402,2.79537,41.95275,619
L5-402,2.79535,41.95275,620
L5-402,2.79532,41.95275,621
L5-402,2.7953,41.95275,622
L5-402,2.79528,41.95274,623
L5-402,2.79526,41.95274,624
L5-402,2.79525,41.95274,625
L5-402,2.79523,41.95273,626
L5-402,2.79522,41.95273,627
L5-402,2.7952,41.95272,628
L5-402,2.79519,41.95271,629
L5-402,2.79518,41.95271,630
L5-402,2.79517,41.9527,631
L5-402,2.79515,41.95268,632
L5-402,2.79513,41.95267,633
L5-402,2.79512,41.95265,634
L5-402,2.7951,41.95264,635
L5-402,2.79509,41.95262,636
L5-402,2.79508,41.9526,637
L5-402,2.79508,41.95258,638
L5-402,2.79507,41.95256,639
L5-402,2.79507,41.95254,640
L5-402,2.79508,41.95252,641
L5-402,2.79508,41.9525,642
L5-402,2.79509,41.95248,643
L5-402,2.79509,41.95246,644
L5-402,2.79511,41.95245,645
L5-402,2.79512,41.95243,646
L5-402,2.79503,41.95224,647
L5-402,2.7949,41.95209,648
L5-402,2.79363,41.95084,649
L2-2,2.81931,41.99735,2
L2-2,2.8193,41.99755,3
L2-2,2.81929,41.9976,4
L2-2,2.81928,41.99766,5
L2-2,2.81926,41.99776,6
L2-2,2.81924,41.99784,7
L2-2,2.81921,41.99792,8
L2-2,2.81916,41.99807,9
L2-2,2.81912,41.99814,10
L2-2,2.81909,41.99822,11
L2-2,2.81903,41.99832,12
L2-2,2.81903,41.99834,13
L2-2,2.81894,41.99847,14
L2-2,2.81887,41.99858,15
L2-2,2.81886,41.99859,16
L2-2,2.81876,41.99871,17
L2-2,2.81865,41.99884,18
L2-2,2.81856,41.99893,19
L2-2,2.81855,41.99894,20
L2-2,2.81845,41.99903,21
L2-2,2.81835,41.99912,22
L2-2,2.81832,41.99915,23
L2-2,2.81813,41.99932,24
L2-2,2.8181,41.99935,25
L2-2,2.81795,41.99947,26
L2-2,2.81793,41.99951,27
L2-2,2.81792,41.99954,28
L2-2,2.8179,41.99956,29
L2-2,2.81788,41.9996,30
L2-2,2.81777,41.99973,31
L2-2,2.81778,41.99975,32
L2-2,2.81779,41.99976,33
L2-2,2.8178,41.99978,34
L2-2,2.8178,41.9998,35
L2-2,2.8178,41.99982,36
L2-2,2.8178,41.99983,37
L2-2,2.8178,41.99985,38
L2-2,2.8178,41.99987,39
L2-2,2.81778,41.9999,40
L2-2,2.81777,41.99992,41
L2-2,2.81776,41.99994,42
L2-2,2.81774,41.99996,43
L2-2,2.81772,41.99997,44
L2-2,2.8177,41.99999,45
L2-2,2.81768,42.0,46
L2-2,2.81766,42.00001,47
L2-2,2.81763,42.00002,48
L2-2,2.81761,42.00003,49
L2-2,2.81758,42.00003,50
L2-2,2.81756,42.00004,51
L2-2,2.81754,42.00004,52
L2-2,2.81751,42.00004,53
L2-2,2.81749,42.00004,54
L2-2,2.81746,42.00004,55
L2-2,2.81744,42.00003,56
L2-2,2.81737,42.00001,57
L2-2,2.81732,41.99998,58
L2-2,2.81729,41.99995,59
L2-2,2.81727,41.99992,60
L2-2,2.81724,41.99986,61
L2-2,2.81723,41.99983,62
L2-2,2.81722,41.99981,63
L2-2,2.81723,41.99979,64
L2-2,2.81724,41.99976,65
L2-2,2.81726,41.99972,66
L2-2,2.81732,41.99966,67
L2-2,2.81736,41.99964,68
L2-2,2.81738,41.99963,69
L2-2,2.8174,41.99963,70
L2-2,2.81743,41.99962,71
L2-2,2.81745,41.99962,72
L2-2,2.81747,41.99961,73
L2-2,2.8175,41.99961,74
L2-2,2.81752,41.99961,75
L2-2,2.81753,41.99961,76
L2-2,2.81755,41.99961,77
L2-2,2.81757,41.99962,78
L2-2,2.81759,41.99962,79
L2-2,2.81761,41.99962,80
L2-2,2.81762,41.99963,81
L2-2,2.81764,41.99963,82
L2-2,2.81771,41.99958,83
L2-2,2.81774,41.99956,84
L2-2,2.8178,41.99954,85
L2-2,2.81782,41.99953,86
L2-2,2.81795,41.99947,87
L2-2,2.8181,41.99935,88
L2-2,2.81813,41.99932,89
L2-2,2.81832,41.99915,90
L2-2,2.81835,41.99912,91
L2-2,2.81845,41.99903,92
L2-2,2.81855,41.99894,93
L2-2,2.81856,41.99893,94
L2-2,2.81865,41.99884,95
L2-2,2.81876,41.99871,96
L2-2,2.81886,41.99859,97
L2-2,2.81887,41.99858,98
L2-2,2.81894,41.99847,99
L2-2,2.81903,41.99834,100
L2-2,2.81903,41.99832,101
L2-2,2.81909,41.99822,102
L2-2,2.81912,41.99814,103
L2-2,2.81916,41.99807,104
L2-2,2.81921,41.99792,105
L2-2,2.81924,41.99784,106
L2-2,2.81926,41.99776,107
L2-2,2.81928,41.99766,108
L2-2,2.81929,41.9976,109
L2-2,2.8193,41.99755,110
L2-2,2.81931,41.99735,111
L2-2,2.81932,41.99716,112
L2-2,2.81935,41.99671,113
L2-2,2.81934,41.99652,114
L2-2,2.81935,41.99639,115
L2-2,2.81935,41.99638,116
L2-2,2.81931,41.99606,117
L2-2,2.81927,41.99586,118
L2-2,2.81924,41.99572,119
L2-2,2.81924,41.99571,120
L2-2,2.81906,41.99496,121
L2-2,2.81901,41.99477,122
L2-2,2.81892,41.99455,123
L2-2,2.8188,41.99405,124
L2-2,2.81873,41.99379,125
L2-2,2.81866,41.99351,126
L2-2,2.81862,41.9933,127
L2-2,2.81861,41.99327,128
L2-2,2.81849,41.99276,129
L2-2,2.81842,41.99249,130
L2-2,2.81831,41.99232,131
L2-2,2.8183,41.99232,132
L2-2,2.81829,41.99232,133
L2-2,2.81828,41.99232,134
L2-2,2.81827,41.99232,135
L2-2,2.81826,41.99232,136
L2-2,2.81825,41.99232,137
L2-2,2.81824,41.99232,138
L2-2,2.81823,41.99232,139
L2-2,2.81822,41.99232,140
L2-2,2.81821,41.99231,141
L2-2,2.8182,41.99231,142
L2-2,2.81819,41.99231,143
L2-2,2.81818,41.9923,144
L2-2,2.81817,41.9923,145
L2-2,2.81816,41.99229,146
L2-2,2.81815,41.99228,147
L2-2,2.81814,41.99228,148
L2-2,2.81814,41.99227,149
L2-2,2.81813,41.99227,150
L2-2,2.81813,41.99226,151
L2-2,2.81813,41.99225,152
L2-2,2.81812,41.99225,153
L2-2,2.81812,41.99224,154
L2-2,2.81812,41.99223,155
L2-2,2.81811,41.99222,156
L2-2,2.81811,41.99221,157
L2-2,2.81811,41.9922,158
L2-2,2.81811,41.99219,159
L2-2,2.81812,41.99219,160
L2-2,2.81812,41.99218,161
L2-2,2.81812,41.99217,162
L2-2,2.81812,41.99216,163
L2-2,2.81813,41.99216,164
L2-2,2.81813,41.99215,165
L2-2,2.81814,41.99214,166
L2-2,2.81815,41.99214,167
L2-2,2.81815,41.99213,168
L2-2,2.81816,41.99213,169
L2-2,2.81816,41.99212,170
L2-2,2.81817,41.99212,171
L2-2,2.81818,41.99211,172
L2-2,2.81819,41.99211,173
L2-2,2.8182,41.99211,174
L2-2,2.8182,41.9921,175
L2-2,2.81821,41.9921,176
L2-2,2.81822,41.9921,177
L2-2,2.81823,41.9921,178
L2-2,2.81824,41.99209,179
L2-2,2.81825,41.99209,180
L2-2,2.81826,41.99209,181
L2-2,2.81827,41.99209,182
L2-2,2.81828,41.99209,183
L2-2,2.81829,41.99209,184
L2-2,2.8183,41.99209,185
L2-2,2.81836,41.99195,186
L2-2,2.81843,41.99185,187
L2-2,2.81847,41.99177,188
L2-2,2.81859,41.99152,189
L2-2,2.81868,41.99135,190
L2-2,2.8187,41.99129,191
L2-2,2.8188,41.99104,192
L2-2,2.81884,41.99094,193
L2-2,2.81886,41.99091,194
L2-2,2.81887,41.99087,195
L2-2,2.8189,41.99081,196
L2-2,2.81892,41.99076,197
L2-2,2.81899,41.99058,198
L2-2,2.81922,41.99005,199
L2-2,2.81926,41.98996,200
L2-2,2.81928,41.98992,201
L2-2,2.81933,41.98984,202
L2-2,2.81938,41.98982,203
L2-2,2.81946,41.98982,204
L2-2,2.81981,41.98984,205
L2-2,2.81996,41.98984,206
L2-2,2.82018,41.98985,207
L2-2,2.82029,41.98985,208
L2-2,2.82038,41.98985,209
L2-2,2.82048,41.98985,210
L2-2,2.82052,41.98984,211
L2-2,2.82061,41.98984,212
L2-2,2.82075,41.98979,213
L2-2,2.82081,41.98976,214
L2-2,2.82085,41.98974,215
L2-2,2.82096,41.98969,216
L2-2,2.82121,41.98956,217
L2-2,2.82125,41.98954,218
L2-2,2.82136,41.98949,219
L2-2,2.82145,41.98945,220
L2-2,2.82165,41.98935,221
L2-2,2.82178,41.98929,222
L2-2,2.82178,41.98925,223
L2-2,2.82179,41.98921,224
L2-2,2.82181,41.98917,225
L2-2,2.82183,41.98914,226
L2-2,2.82186,41.9891,227
L2-2,2.82189,41.98907,228
L2-2,2.82193,41.98904,229
L2-2,2.82198,41.98902,230
L2-2,2.82203,41.989,231
L2-2,2.82212,41.98898,232
L2-2,2.82215,41.98884,233
L2-2,2.82225,41.98845,234
L2-2,2.82229,41.98824,235
L2-2,2.82228,41.98816,236
L2-2,2.82226,41.98808,237
L2-2,2.82226,41.98807,238
L2-2,2.82223,41.98801,239
L2-2,2.82219,41.98794,240
L2-2,2.8221,41.98784,241
L2-2,2.82195,41.98771,242
L2-2,2.82155,41.98732,243
L2-2,2.8215,41.98727,244
L2-2,2.82142,41.98704,245
L2-2,2.82137,41.98701,246
L2-2,2.82124,41.98695,247
L2-2,2.82112,41.98688,248
L2-2,2.82107,41.98683,249
L2-2,2.82105,41.98681,250
L2-2,2.82098,41.98672,251
L2-2,2.82094,41.98662,252
L2-2,2.82093,41.98659,253
L2-2,2.82092,41.98649,254
L2-2,2.82093,41.98644,255
L2-2,2.82095,41.98641,256
L2-2,2.82097,41.98639,257
L2-2,2.82099,41.98639,258
L2-2,2.82102,41.98637,259
L2-2,2.82104,41.98636,260
L2-2,2.82112,41.98634,261
L2-2,2.82118,41.98634,262
L2-2,2.82123,41.98635,263
L2-2,2.82126,41.98636,264
L2-2,2.82132,41.98639,265
L2-2,2.82146,41.98649,266
L2-2,2.82152,41.98647,267
L2-2,2.82171,41.98641,268
L2-2,2.82181,41.98637,269
L2-2,2.82185,41.98635,270
L2-2,2.82204,41.98626,271
L2-2,2.82232,41.98614,272
L2-2,2.82242,41.98609,273
L2-2,2.82241,41.98608,274
L2-2,2.82241,41.98607,275
L2-2,2.82241,41.98606,276
L2-2,2.82241,41.98605,277
L2-2,2.82241,41.98604,278
L2-2,2.82242,41.98603,279
L2-2,2.82242,41.98602,280
L2-2,2.82243,41.98601,281
L2-2,2.82243,41.986,282
L2-2,2.82244,41.986,283
L2-2,2.82244,41.98599,284
L2-2,2.82238,41.9859,285
L2-2,2.82232,41.98584,286
L2-2,2.82218,41.98572,287
L2-2,2.82212,41.98566,288
L2-2,2.82212,41.98565,289
L2-2,2.82142,41.98515,290
L2-2,2.82136,41.98512,291
L2-2,2.82134,41.98509,292
L2-2,2.82112,41.98491,293
L2-2,2.821,41.98481,294
L2-2,2.82072,41.98458,295
L2-2,2.82063,41.98452,296
L2-2,2.82055,41.98445,297
L2-2,2.82054,41.98443,298
L2-2,2.82042,41.9843,299
L2-2,2.82039,41.98427,300
L2-2,2.82028,41.98416,301
L2-2,2.81979,41.98365,302
L2-2,2.81975,41.98354,303
L2-2,2.81973,41.98345,304
L2-2,2.81974,41.9833,305
L2-2,2.81975,41.9832,306
L2-2,2.81976,41.98315,307
L2-2,2.81983,41.98272,308
L2-2,2.81984,41.98268,309
L2-2,2.81956,41.98255,310
L2-2,2.8191,41.98235,311
L2-2,2.81908,41.98235,312
L2-2,2.81906,41.98235,313
L2-2,2.81903,41.98235,314
L2-2,2.81901,41.98234,315
L2-2,2.81899,41.98233,316
L2-2,2.81896,41.98233,317
L2-2,2.81894,41.98231,318
L2-2,2.81884,41.98227,319
L2-2,2.81905,41.98171,320
L2-2,2.81906,41.98162,321
L2-2,2.81903,41.98152,322
L2-2,2.81902,41.98149,323
L2-2,2.81885,41.9811,324
L2-2,2.8188,41.98096,325
L2-2,2.81869,41.9807,326
L2-2,2.81859,41.98044,327
L2-2,2.81839,41.98002,328
L2-2,2.8182,41.97954,329
L2-2,2.81814,41.97936,330
L2-2,2.81811,41.97929,331
L2-2,2.81804,41.97909,332
L2-2,2.81801,41.97901,333
L2-2,2.81797,41.97894,334
L2-2,2.81781,41.97853,335
L2-2,2.81768,41.97822,336
L2-2,2.81762,41.97809,337
L2-2,2.81741,41.97754,338
L2-2,2.8174,41.97751,339
L2-2,2.81713,41.97686,340
L2-2,2.81708,41.97671,341
L2-2,2.81703,41.97659,342
L2-2,2.81696,41.97643,343
L2-2,2.81671,41.97582,344
L2-2,2.81667,41.97573,345
L2-2,2.81665,41.97567,346
L2-2,2.81661,41.97558,347
L2-2,2.8166,41.97554,348
L2-2,2.81655,41.97543,349
L2-2,2.81648,41.97526,350
L2-2,2.81636,41.97497,351
L2-2,2.81625,41.97468,352
L2-2,2.816,41.97405,353
L2-2,2.81599,41.97403,354
L2-2,2.81591,41.97382,355
L2-2,2.81584,41.97366,356
L2-2,2.81575,41.97344,357
L2-2,2.81562,41.97315,358
L2-2,2.81556,41.97299,359
L2-2,2.81551,41.97288,360
L2-2,2.81531,41.97236,361
L2-2,2.81513,41.97195,362
L2-2,2.81492,41.9714,363
L2-2,2.81487,41.97127,364
L2-2,2.81479,41.97107,365
L2-2,2.81473,41.97093,366
L2-2,2.81465,41.97073,367
L2-2,2.81465,41.97072,368
L2-2,2.81452,41.9704,369
L2-2,2.81447,41.97032,370
L2-2,2.81444,41.97025,371
L2-2,2.81437,41.97013,372
L2-2,2.81436,41.97011,373
L2-2,2.81433,41.97004,374
L2-2,2.81432,41.97002,375
L2-2,2.81425,41.96983,376
L2-2,2.8142,41.96965,377
L2-2,2.81419,41.96958,378
L2-2,2.81404,41.96922,379
L2-2,2.81392,41.9689,380
L2-2,2.81384,41.96871,381
L2-2,2.81375,41.9685,382
L2-2,2.81371,41.9684,383
L2-2,2.81366,41.96828,384
L2-2,2.81364,41.96824,385
L2-2,2.81356,41.96804,386
L2-2,2.81339,41.96762,387
L2-2,2.81333,41.96747,388
L2-2,2.81325,41.96726,389
L2-2,2.81305,41.96677,390
L2-2,2.81285,41.96627,391
L2-2,2.81279,41.96614,392
L2-2,2.81274,41.96599,393
L2-2,2.81247,41.96534,394
L2-2,2.81238,41.96512,395
L2-2,2.81236,41.96507,396
L2-2,2.81206,41.96431,397
L2-2,2.81198,41.9641,398
L2-2,2.81187,41.96384,399
L2-2,2.81183,41.96377,400
L2-2,2.81183,41.96375,401
L2-2,2.81182,41.96374,402
L2-2,2.81178,41.96363,403
L2-2,2.81168,41.96335,404
L2-2,2.81155,41.96301,405
L2-2,2.81151,41.96291,406
L2-2,2.81143,41.96271,407
L2-2,2.81131,41.96243,408
L2-2,2.81127,41.96232,409
L2-2,2.81118,41.96211,410
L2-2,2.81111,41.96194,411
L2-2,2.81102,41.96174,412
L2-2,2.811,41.96168,413
L2-2,2.81087,41.96156,414
L2-2,2.81076,41.96146,415
L2-2,2.8106,41.96134,416
L2-2,2.81049,41.96128,417
L2-2,2.81042,41.96123,418
L2-2,2.81036,41.96117,419
L2-2,2.81031,41.96109,420
L2-2,2.81026,41.961,421
L2-2,2.81024,41.96091,422
L2-2,2.81022,41.96082,423
L2-2,2.81023,41.96071,424
L2-2,2.81024,41.96068,425
L2-2,2.8103,41.96046,426
L2-2,2.81033,41.96034,427
L2-2,2.81033,41.96033,428
L2-2,2.81036,41.96013,429
L2-2,2.81035,41.9601,430
L2-2,2.8103,41.95999,431
L2-2,2.81029,41.95996,432
L2-2,2.81023,41.95984,433
L2-2,2.81012,41.95952,434
L2-2,2.81007,41.95939,435
L2-2,2.81003,41.95929,436
L2-2,2.8099,41.95896,437
L2-2,2.80983,41.95876,438
L2-2,2.80979,41.9586,439
L2-2,2.80978,41.95856,440
L2-2,2.80976,41.95841,441
L2-2,2.80975,41.95827,442
L2-2,2.80975,41.95814,443
L2-2,2.80977,41.95799,444
L2-2,2.80977,41.95794,445
L2-2,2.80979,41.95784,446
L2-2,2.80982,41.95773,447
L2-2,2.80986,41.9576,448
L2-2,2.80995,41.9574,449
L2-2,2.81003,41.95723,450
L2-2,2.81008,41.95712,451
L2-2,2.8101,41.95708,452
L2-2,2.81011,41.95707,453
L2-2,2.81012,41.95704,454
L2-2,2.81004,41.95681,455
L2-2,2.81003,41.95681,456
L2-2,2.81001,41.95681,457
L2-2,2.81,41.95681,458
L2-2,2.80995,41.9568,459
L2-2,2.80991,41.95678,460
L2-2,2.80987,41.95677,461
L2-2,2.80983,41.95675,462
L2-2,2.8098,41.95673,463
L2-2,2.80977,41.9567,464
L2-2,2.80974,41.95668,465
L2-2,2.80972,41.95665,466
L2-2,2.8097,41.95662,467
L2-2,2.80968,41.95658,468
L2-2,2.80967,41.95654,469
L2-2,2.80966,41.9565,470
L2-2,2.80966,41.95646,471
L2-2,2.80966,41.95642,472
L2-2,2.80967,41.95638,473
L2-2,2.80968,41.95634,474
L2-2,2.80969,41.9563,475
L2-2,2.80971,41.95628,476
L2-2,2.80972,41.95626,477
L2-2,2.80973,41.95624,478
L2-2,2.80973,41.9562,479
L2-2,2.80972,41.95617,480
L2-2,2.8097,41.95614,481
L2-2,2.80968,41.9561,482
L2-2,2.80966,41.95607,483
L2-2,2.80962,41.95604,484
L2-2,2.80956,41.95598,485
L2-2,2.80934,41.95587,486
L2-2,2.80912,41.95575,487
L2-2,2.80901,41.95569,488
L2-2,2.809,41.95569,489
L2-2,2.80895,41.95566,490
L2-2,2.80887,41.95561,491
L2-2,2.80886,41.95561,492
L2-2,2.80881,41.95557,493
L2-2,2.80876,41.95554,494
L2-2,2.8087,41.9555,495
L2-2,2.80861,41.95543,496
L2-2,2.80856,41.95538,497
L2-2,2.80852,41.95533,498
L2-2,2.80843,41.95522,499
L2-2,2.80839,41.95515,500
L2-2,2.80836,41.95511,501
L2-2,2.80831,41.95502,502
L2-2,2.8082,41.95477,503
L2-2,2.80813,41.9546,504
L2-2,2.80808,41.95447,505
L2-2,2.80796,41.95417,506
L2-2,2.80767,41.95346,507
L2-2,2.80765,41.95341,508
L2-2,2.80734,41.95264,509
L2-2,2.80724,41.95239,510
L2-2,2.80687,41.95152,511
L2-2,2.80685,41.95145,512
L2-2,2.80687,41.95152,513
L2-2,2.80694,41.9515,514
L2-2,2.8071,41.95146,515
L2-2,2.80733,41.9514,516
L2-2,2.80754,41.95134,517
L7-801M,2.80596,41.97235,2
L7-801M,2.805641,41.971834,3
L7-801M,2.80618,41.97162,4
L7-801M,2.80666,41.97234,5
L7-801M,2.80711,41.97299,6
L7-801M,2.80727,41.97323,7
L7-801M,2.80742,41.97345,8
L7-801M,2.80745,41.97351,9
L7-801M,2.80771,41.97394,10
L7-801M,2.80791,41.97427,11
L7-801M,2.80803,41.97448,12
L7-801M,2.80832,41.97502,13
L7-801M,2.80855,41.97572,14
L7-801M,2.80862,41.97601,15
L7-801M,2.80863,41.97606,16
L7-801M,2.80862,41.97608,17
L7-801M,2.80862,41.9761,18
L7-801M,2.8086,41.97615,19
L7-801M,2.80853,41.97627,20
L7-801M,2.80887,41.97636,21
L7-801M,2.80904,41.9764,22
L7-801M,2.8093,41.97645,23
L7-801M,2.80971,41.97652,24
L7-801M,2.80971,41.97651,25
L7-801M,2.80972,41.97649,26
L7-801M,2.80973,41.97648,27
L7-801M,2.80974,41.97647,28
L7-801M,2.80976,41.97646,29
L7-801M,2.80978,41.97646,30
L7-801M,2.80981,41.97645,31
L7-801M,2.80983,41.97645,32
L7-801M,2.80985,41.97645,33
L7-801M,2.80988,41.97645,34
L7-801M,2.80991,41.97646,35
L7-801M,2.80992,41.97646,36
L7-801M,2.80994,41.97647,37
L7-801M,2.80999,41.97648,38
L7-801M,2.81,41.97648,39
L7-801M,2.81001,41.97649,40
L7-801M,2.81002,41.97649,41
L7-801M,2.81003,41.9765,42
L7-801M,2.81004,41.97652,43
L7-801M,2.81021,41.97655,44
L7-801M,2.8103,41.97655,45
L7-801M,2.81076,41.97655,46
L7-801M,2.81098,41.97656,47
L7-801M,2.81108,41.97656,48
L7-801M,2.81115,41.97656,49
L7-801M,2.81182,41.97655,50
L7-801M,2.81214,41.97656,51
L7-801M,2.81229,41.97656,52
L7-801M,2.81288,41.97657,53
L7-801M,2.81312,41.97656,54
L7-801M,2.81334,41.97655,55
L7-801M,2.81338,41.97663,56
L7-801M,2.81343,41.9768,57
L7-801M,2.81348,41.97695,58
L7-801M,2.8137,41.97759,59
L7-801M,2.81374,41.97772,60
L7-801M,2.81375,41.97774,61
L7-801M,2.81377,41.9778,62
L7-801M,2.813845,41.978076,63
L7-801M,2.81399,41.97835,64
L7-801M,2.81408,41.97858,65
L7-801M,2.81413,41.97869,66
L7-801M,2.81413,41.97878,67
L7-801M,2.81411,41.97888,68
L7-801M,2.81409,41.97892,69
L7-801M,2.81404,41.97901,70
L7-801M,2.81399,41.97907,71
L7-801M,2.81395,41.97913,72
L7-801M,2.81388,41.97924,73
L7-801M,2.81377,41.97942,74
L7-801M,2.81373,41.97948,75
L7-801M,2.813324,41.980011,76
L7-801M,2.81416,41.98035,77
L7-801M,2.81427,41.98039,78
L7-801M,2.815107,41.980714,79
L7-801M,2.815417,41.980847,80
L7-801M,2.8156,41.98094,81
L7-801M,2.81569,41.98092,82
L7-801M,2.81577,41.9809,83
L7-801M,2.81589,41.98087,84
L7-801M,2.81606,41.98082,85
L7-801M,2.8162,41.98073,86
L7-801M,2.81625,41.9807,87
L7-801M,2.81633,41.98069,88
L7-801M,2.81639,41.98068,89
L7-801M,2.81646,41.98069,90
L7-801M,2.81711,41.98088,91
L7-801M,2.81728,41.98091,92
L7-801M,2.81742,41.98094,93
L7-801M,2.81752,41.98095,94
L7-801M,2.81869,41.9807,95
L7-801M,2.81908,41.98168,96
L7-801M,2.819204,41.981955,97
L7-801M,2.819265,41.982152,98
L7-801,2.80596,41.97235,2
L7-801,2.80563,41.97182,3
L7-801,2.80566,41.97182,4
L7-801,2.80574,41.97178,5
L7-801,2.80576,41.97178,6
L7-801,2.80618,41.97162,7
L7-801,2.80666,41.97234,8
L7-801,2.80711,41.97299,9
L7-801,2.80727,41.97323,10
L7-801,2.80742,41.97345,11
L7-801,2.80745,41.97351,12
L7-801,2.80771,41.97394,13
L7-801,2.80791,41.97427,14
L7-801,2.80803,41.97448,15
L7-801,2.80832,41.97502,16
L7-801,2.80855,41.97572,17
L7-801,2.80862,41.97601,18
L7-801,2.80863,41.97606,19
L7-801,2.80862,41.97608,20
L7-801,2.80862,41.9761,21
L7-801,2.8086,41.97615,22
L7-801,2.80853,41.97627,23
L7-801,2.80887,41.97636,24
L7-801,2.80904,41.9764,25
L7-801,2.8093,41.97645,26
L7-801,2.80971,41.97652,27
L7-801,2.80971,41.97651,28
L7-801,2.80972,41.97649,29
L7-801,2.80973,41.97648,30
L7-801,2.80974,41.97647,31
L7-801,2.80976,41.97646,32
L7-801,2.80978,41.97646,33
L7-801,2.80981,41.97645,34
L7-801,2.80983,41.97645,35
L7-801,2.80985,41.97645,36
L7-801,2.80988,41.97645,37
L7-801,2.80991,41.97646,38
L7-801,2.80992,41.97646,39
L7-801,2.80994,41.97647,40
L7-801,2.80999,41.97648,41
L7-801,2.81,41.97648,42
L7-801,2.81001,41.97649,43
L7-801,2.81002,41.97649,44
L7-801,2.81003,41.9765,45
L7-801,2.81004,41.97652,46
L7-801,2.81021,41.97655,47
L7-801,2.8103,41.97655,48
L7-801,2.81076,41.97655,49
L7-801,2.81098,41.97656,50
L7-801,2.81108,41.97656,51
L7-801,2.81115,41.97656,52
L7-801,2.81182,41.97655,53
L7-801,2.81214,41.97656,54
L7-801,2.81229,41.97656,55
L7-801,2.81288,41.97657,56
L7-801,2.81312,41.97656,57
L7-801,2.81334,41.97655,58
L7-801,2.81338,41.97663,59
L7-801,2.81343,41.9768,60
L7-801,2.81348,41.97695,61
L7-801,2.8137,41.97759,62
L7-801,2.81374,41.97772,63
L7-801,2.81375,41.97774,64
L7-801,2.81377,41.9778,65
L7-801,2.81399,41.97835,66
L7-801,2.81408,41.97858,67
L7-801,2.81413,41.97869,68
L7-801,2.81413,41.97878,69
L7-801,2.81411,41.97888,70
L7-801,2.81409,41.97892,71
L7-801,2.81404,41.97901,72
L7-801,2.81399,41.97907,73
L7-801,2.81395,41.97913,74
L7-801,2.81388,41.97924,75
L7-801,2.81377,41.97942,76
L7-801,2.81373,41.97948,77
L7-801,2.81333,41.98,78
L7-801,2.81357,41.9801,79
L7-801,2.81416,41.98035,80
L7-801,2.81427,41.98039,81
L7-801,2.81505,41.98073,82
L7-801,2.8154,41.98086,83
L7-801,2.8156,41.98094,84
L7-801,2.81569,41.98092,85
L7-801,2.81577,41.9809,86
L7-801,2.81589,41.98087,87
L7-801,2.81606,41.98082,88
L7-801,2.8162,41.98073,89
L7-801,2.81625,41.9807,90
L7-801,2.81633,41.98069,91
L7-801,2.81639,41.98068,92
L7-801,2.81646,41.98069,93
L7-801,2.81711,41.98088,94
L7-801,2.81728,41.98091,95
L7-801,2.81742,41.98094,96
L7-801,2.81752,41.98095,97
L7-801,2.81778,41.98088,98
L7-801,2.81787,41.98086,99
L7-801,2.81869,41.9807,100
L7-801,2.8188,41.98096,101
L7-801,2.81885,41.9811,102
L7-801,2.81902,41.98149,103
L7-801,2.81903,41.98152,104
L7-801,2.81908,41.98168,105
L7-801,2.81907,41.98183,106
L7-801,2.81912,41.9819,107
L7-801,2.81915,41.98195,108
L7-801,2.81918,41.98201,109
L7-801,2.81918,41.98204,110
L7-801,2.81919,41.98206,111
L7-801,2.81925,41.98218,112
L7-801,2.81926,41.98223,113
L7-801,2.81925,41.98225,114
L7-801,2.81924,41.98227,115
L7-801,2.81923,41.98229,116
L7-801,2.81922,41.9823,117
L7-801,2.8192,41.98232,118
L7-801,2.81918,41.98232,119
L7-801,2.81913,41.98234,120
L7-801,2.81911,41.98235,121
L7-801,2.8191,41.98235,122
L7-801,2.81908,41.98235,123
L7-801,2.81906,41.98235,124
L7-801,2.81903,41.98235,125
L7-801,2.81901,41.98234,126
L7-801,2.81899,41.98233,127
L7-801,2.81896,41.98233,128
L7-801,2.81894,41.98231,129
L7-801,2.81884,41.98227,130
L7-801,2.81822,41.98201,131
L7-801,2.81813,41.98198,132
L7-801,2.81769,41.98179,133
L7-801,2.81754,41.98174,134
L7-801,2.81704,41.98152,135
L7-801,2.81639,41.98124,136
L7-801,2.81595,41.98107,137
L7-801,2.81588,41.98104,138
L7-801,2.81577,41.981,139
L7-801,2.81574,41.98098,140
L7-801,2.8157,41.98097,141
L7-801,2.8156,41.98094,142
L7-801,2.8154,41.98086,143
L7-801,2.81505,41.98073,144
L7-801,2.81427,41.98039,145
L7-801,2.81416,41.98035,146
L7-801,2.81357,41.9801,147
L7-801,2.81333,41.98,148
L7-801,2.8127,41.97975,149
L7-801,2.81178,41.97938,150
L7-801,2.8116,41.97931,151
L7-801,2.81149,41.97926,152
L7-801,2.81139,41.97922,153
L7-801,2.81106,41.97904,154
L7-801,2.81105,41.97906,155
L7-801,2.81104,41.97907,156
L7-801,2.81101,41.97909,157
L7-801,2.81099,41.97909,158
L7-801,2.81097,41.9791,159
L7-801,2.81095,41.9791,160
L7-801,2.81094,41.9791,161
L7-801,2.81092,41.9791,162
L7-801,2.81088,41.97909,163
L7-801,2.81085,41.97908,164
L7-801,2.81081,41.97907,165
L7-801,2.81077,41.97905,166
L7-801,2.81076,41.97904,167
L7-801,2.81075,41.97903,168
L7-801,2.81074,41.97901,169
L7-801,2.81074,41.97899,170
L7-801,2.81075,41.97896,171
L7-801,2.81076,41.97893,172
L7-801,2.81058,41.97845,173
L7-801,2.8103,41.9778,174
L7-801,2.8102,41.97754,175
L7-801,2.81005,41.9772,176
L7-801,2.80977,41.97662,177
L7-801,2.80974,41.9766,178
L7-801,2.80973,41.9766,179
L7-801,2.80943,41.97657,180
L7-801,2.80916,41.97652,181
L7-801,2.80893,41.97648,182
L7-801,2.80883,41.97645,183
L7-801,2.80848,41.97635,184
L7-801,2.80818,41.97626,185
L7-801,2.8079,41.97614,186
L7-801,2.80771,41.97604,187
L7-801,2.80751,41.97593,188
L7-801,2.80735,41.97584,189
L7-801,2.80681,41.9755,190
L7-801,2.80669,41.97541,191
L7-801,2.80653,41.97531,192
L7-801,2.80641,41.97525,193
L7-801,2.8063,41.9752,194
L7-801,2.80621,41.97517,195
L7-801,2.80612,41.97514,196
L7-801,2.80593,41.9751,197
L7-801,2.80596,41.97503,198
L7-801,2.80714,41.97429,199
L7-801,2.80681,41.97373,200
L7-801,2.80677,41.97367,201
L7-801,2.80665,41.97347,202
L7-801,2.80651,41.97325,203
L7-801,2.80636,41.97301,204
L7-801,2.80609,41.97256,205
L7-801,2.80596,41.97235,206
L7-401,2.80596,41.97235,2
L7-401,2.80563,41.97182,3
L7-401,2.80566,41.97182,4
L7-401,2.80574,41.97178,5
L7-401,2.80576,41.97178,6
L7-401,2.80618,41.97162,7
L7-401,2.80666,41.97234,8
L7-401,2.80711,41.97299,9
L7-401,2.80727,41.97323,10
L7-401,2.80742,41.97345,11
L7-401,2.80745,41.97351,12
L7-401,2.80771,41.97394,13
L7-401,2.80791,41.97427,14
L7-401,2.80803,41.97448,15
L7-401,2.80832,41.97502,16
L7-401,2.80855,41.97572,17
L7-401,2.80862,41.97601,18
L7-401,2.80863,41.97606,19
L7-401,2.80862,41.9761,20
L7-401,2.8086,41.97615,21
L7-401,2.80853,41.97627,22
L7-401,2.80887,41.97636,23
L7-401,2.80904,41.9764,24
L7-401,2.8093,41.97645,25
L7-401,2.80971,41.97652,26
L7-401,2.80973,41.97648,27
L7-401,2.80976,41.97646,28
L7-401,2.80978,41.97646,29
L7-401,2.80981,41.97645,30
L7-401,2.80983,41.97645,31
L7-401,2.80985,41.97645,32
L7-401,2.80988,41.97645,33
L7-401,2.80991,41.97646,34
L7-401,2.80994,41.97647,35
L7-401,2.81,41.97648,36
L7-401,2.81001,41.97649,37
L7-401,2.81002,41.97649,38
L7-401,2.81003,41.9765,39
L7-401,2.81004,41.97652,40
L7-401,2.81021,41.97655,41
L7-401,2.8103,41.97655,42
L7-401,2.81076,41.97655,43
L7-401,2.81098,41.97656,44
L7-401,2.81108,41.97656,45
L7-401,2.81115,41.97656,46
L7-401,2.81182,41.97655,47
L7-401,2.81214,41.97656,48
L7-401,2.81228,41.97657,49
L7-401,2.81275,41.97659,50
L7-401,2.81288,41.97659,51
L7-401,2.81313,41.97659,52
L7-401,2.81335,41.97659,53
L7-401,2.81337,41.97667,54
L7-401,2.81343,41.9768,55
L7-401,2.81348,41.97695,56
L7-401,2.8137,41.97759,57
L7-401,2.81374,41.97772,58
L7-401,2.81375,41.97774,59
L7-401,2.81377,41.9778,60
L7-401,2.81399,41.97835,61
L7-401,2.81408,41.97858,62
L7-401,2.81413,41.97869,63
L7-401,2.81413,41.97878,64
L7-401,2.81411,41.97888,65
L7-401,2.81409,41.97892,66
L7-401,2.81404,41.97901,67
L7-401,2.81399,41.97907,68
L7-401,2.81395,41.97913,69
L7-401,2.81388,41.97924,70
L7-401,2.81377,41.97942,71
L7-401,2.81373,41.97948,72
L7-401,2.81333,41.98,73
L7-401,2.81357,41.9801,74
L7-401,2.81416,41.98035,75
L7-401,2.81427,41.98039,76
L7-401,2.81505,41.98073,77
L7-401,2.8154,41.98086,78
L7-401,2.8156,41.98094,79
L7-401,2.81568,41.98092,80
L7-401,2.81575,41.98091,81
L7-401,2.81585,41.98088,82
L7-401,2.816,41.98085,83
L7-401,2.81606,41.98079,84
L7-401,2.81615,41.98073,85
L7-401,2.81621,41.98071,86
L7-401,2.81629,41.98069,87
L7-401,2.81636,41.98069,88
L7-401,2.81643,41.98069,89
L7-401,2.81673,41.98077,90
L7-401,2.81698,41.98084,91
L7-401,2.81711,41.98088,92
L7-401,2.81728,41.98091,93
L7-401,2.81742,41.98094,94
L7-401,2.81752,41.98095,95
L7-401,2.81778,41.98088,96
L7-401,2.81869,41.9807,97
L7-401,2.81928,41.9804,98
L7-401,2.81958,41.98024,99
L7-401,2.81972,41.98017,100
L7-401,2.81992,41.98007,101
L7-401,2.82013,41.97996,102
L7-401,2.82051,41.97977,103
L7-401,2.82093,41.97956,104
L7-401,2.82119,41.97942,105
L7-401,2.82124,41.97947,106
L7-401,2.82153,41.97977,107
L7-401,2.82181,41.98007,108
L7-401,2.82161,41.98019,109
L7-401,2.82096,41.98056,110
L7-401,2.82088,41.98061,111
L7-401,2.8208,41.98065,112
L7-401,2.82076,41.98067,113
L7-401,2.82062,41.98077,114
L7-401,2.82047,41.98088,115
L7-401,2.82046,41.9809,116
L7-401,2.82039,41.98097,117
L7-401,2.82035,41.98103,118
L7-401,2.82028,41.98117,119
L7-401,2.82024,41.98125,120
L7-401,2.82018,41.98139,121
L7-401,2.82046,41.98139,122
L7-401,2.82055,41.9814,123
L7-401,2.82097,41.98136,124
L7-401,2.82168,41.98128,125
L7-401,2.82279,41.98115,126
L7-401,2.82299,41.98119,127
L7-401,2.8232,41.98119,128
L7-401,2.82361,41.9812,129
L7-401,2.8238,41.98116,130
L7-401,2.82384,41.98113,131
L7-401,2.82389,41.98104,132
L7-401,2.82416,41.98063,133
L7-401,2.82425,41.98062,134
L7-401,2.8244,41.98063,135
L7-401,2.82481,41.98063,136
L7-401,2.82492,41.98064,137
L7-401,2.82498,41.98064,138
L7-401,2.82502,41.98061,139
L7-401,2.82513,41.98052,140
L7-401,2.82521,41.98046,141
L7-401,2.82527,41.98044,142
L7-401,2.8253,41.98044,143
L7-401,2.82534,41.98046,144
L7-401,2.82537,41.98047,145
L7-401,2.82564,41.98055,146
L7-401,2.82573,41.98057,147
L7-401,2.82582,41.98058,148
L7-401,2.82591,41.98058,149
L7-401,2.82596,41.98059,150
L7-401,2.82603,41.9806,151
L7-401,2.82612,41.98064,152
L7-401,2.82627,41.9807,153
L7-401,2.82631,41.98071,154
L7-401,2.82637,41.98073,155
L7-401,2.82645,41.98074,156
L7-401,2.82647,41.98079,157
L7-401,2.82648,41.98083,158
L7-401,2.82648,41.98087,159
L7-401,2.82648,41.98091,160
L7-401,2.82647,41.98095,161
L7-401,2.82646,41.98098,162
L7-401,2.82642,41.98106,163
L7-401,2.82632,41.98126,164
L7-401,2.82623,41.98144,165
L7-401,2.82621,41.98147,166
L7-401,2.8262,41.98152,167
L7-401,2.8262,41.98156,168
L7-401,2.82622,41.98162,169
L7-401,2.82639,41.98208,170
L7-401,2.82643,41.98217,171
L7-401,2.82645,41.9822,172
L7-401,2.82647,41.98224,173
L7-401,2.82652,41.98229,174
L7-401,2.82662,41.9824,175
L7-401,2.82687,41.98266,176
L7-401,2.82714,41.98295,177
L7-401,2.82718,41.98299,178
L7-401,2.82728,41.9831,179
L7-401,2.82799,41.98367,180
L7-401,2.8279,41.98382,181
L7-401,2.82785,41.9839,182
L7-401,2.82783,41.98395,183
L7-401,2.82782,41.98398,184
L7-401,2.82782,41.98402,185
L7-401,2.82804,41.98409,186
L7-401,2.82815,41.98411,187
L7-401,2.82824,41.98416,188
L7-401,2.82838,41.98424,189
L7-401,2.82854,41.9844,190
L7-401,2.8287,41.98456,191
L7-401,2.82874,41.9846,192
L7-401,2.82886,41.98473,193
L7-401,2.82887,41.98475,194
L7-401,2.829,41.98491,195
L7-401,2.82928,41.9854,196
L7-401,2.82937,41.98557,197
L7-401,2.82945,41.98577,198
L7-401,2.82951,41.98612,199
L7-401,2.82945,41.98577,200
L7-401,2.82937,41.98557,201
L7-401,2.82928,41.9854,202
L7-401,2.829,41.98491,203
L7-401,2.82887,41.98475,204
L7-401,2.82886,41.98473,205
L7-401,2.82874,41.9846,206
L7-401,2.8287,41.98456,207
L7-401,2.82854,41.9844,208
L7-401,2.82838,41.98424,209
L7-401,2.82824,41.98416,210
L7-401,2.82815,41.98411,211
L7-401,2.82804,41.98409,212
L7-401,2.82782,41.98402,213
L7-401,2.82782,41.98398,214
L7-401,2.82783,41.98395,215
L7-401,2.82785,41.9839,216
L7-401,2.8279,41.98382,217
L7-401,2.82799,41.98367,218
L7-401,2.82728,41.9831,219
L7-401,2.82718,41.98299,220
L7-401,2.82714,41.98295,221
L7-401,2.82687,41.98266,222
L7-401,2.82662,41.9824,223
L7-401,2.82652,41.98229,224
L7-401,2.82647,41.98224,225
L7-401,2.82645,41.9822,226
L7-401,2.82643,41.98217,227
L7-401,2.82639,41.98208,228
L7-401,2.82622,41.98162,229
L7-401,2.8262,41.98156,230
L7-401,2.8262,41.98152,231
L7-401,2.82621,41.98147,232
L7-401,2.82623,41.98144,233
L7-401,2.82632,41.98126,234
L7-401,2.82642,41.98106,235
L7-401,2.82646,41.98098,236
L7-401,2.82647,41.98095,237
L7-401,2.82648,41.98091,238
L7-401,2.82648,41.98087,239
L7-401,2.82648,41.98083,240
L7-401,2.82647,41.98079,241
L7-401,2.82645,41.98074,242
L7-401,2.82658,41.98074,243
L7-401,2.82667,41.98073,244
L7-401,2.82671,41.98073,245
L7-401,2.82683,41.98072,246
L7-401,2.82698,41.98072,247
L7-401,2.82711,41.98073,248
L7-401,2.82719,41.98073,249
L7-401,2.82729,41.98072,250
L7-401,2.82746,41.98071,251
L7-401,2.82761,41.98069,252
L7-401,2.82782,41.98034,253
L7-401,2.82784,41.98029,254
L7-401,2.82796,41.97985,255
L7-401,2.82799,41.97978,256
L7-401,2.82804,41.97969,257
L7-401,2.82806,41.97964,258
L7-401,2.82811,41.9796,259
L7-401,2.82816,41.97957,260
L7-401,2.82821,41.97956,261
L7-401,2.82825,41.97955,262
L7-401,2.82828,41.97955,263
L7-401,2.82846,41.97945,264
L7-401,2.82861,41.97941,265
L7-401,2.82871,41.9794,266
L7-401,2.82877,41.9794,267
L7-401,2.8289,41.9794,268
L7-401,2.82895,41.9794,269
L7-401,2.82914,41.97941,270
L7-401,2.82919,41.97942,271
L7-401,2.82923,41.97943,272
L7-401,2.82931,41.97945,273
L7-401,2.82946,41.97952,274
L7-401,2.82961,41.9796,275
L7-401,2.82978,41.97971,276
L7-401,2.82995,41.97982,277
L7-401,2.82997,41.97983,278
L7-401,2.83014,41.97996,279
L7-401,2.8303,41.9801,280
L7-401,2.83035,41.98014,281
L7-401,2.83044,41.98025,282
L7-401,2.8305,41.98034,283
L7-401,2.8306,41.98055,284
L7-401,2.83077,41.98092,285
L7-401,2.83085,41.98109,286
L7-401,2.83095,41.9813,287
L7-401,2.83112,41.98166,288
L7-401,2.83115,41.98166,289
L7-401,2.83121,41.98166,290
L7-401,2.83128,41.98166,291
L7-401,2.83138,41.98165,292
L7-401,2.83152,41.98161,293
L7-401,2.83161,41.98158,294
L7-401,2.8317,41.98156,295
L7-401,2.83183,41.98148,296
L7-401,2.83194,41.98141,297
L7-401,2.832,41.98138,298
L7-401,2.83214,41.98131,299
L7-401,2.83227,41.98126,300
L7-401,2.83234,41.98122,301
L7-401,2.8324,41.98118,302
L7-401,2.83241,41.98117,303
L7-401,2.83255,41.98107,304
L7-401,2.83271,41.98093,305
L7-401,2.83275,41.98088,306
L7-401,2.83282,41.98079,307
L7-401,2.83289,41.9807,308
L7-401,2.83293,41.98065,309
L7-401,2.83298,41.98061,310
L7-401,2.83298,41.9806,311
L7-401,2.83307,41.98054,312
L7-401,2.83317,41.98049,313
L7-401,2.83326,41.98045,314
L7-401,2.83339,41.98041,315
L7-401,2.83351,41.98036,316
L7-401,2.83356,41.98033,317
L7-401,2.83363,41.9803,318
L7-401,2.83368,41.98026,319
L7-401,2.83371,41.98021,320
L7-401,2.83372,41.98017,321
L7-401,2.83373,41.98011,322
L7-401,2.83377,41.97992,323
L7-401,2.83378,41.97982,324
L7-401,2.83378,41.9798,325
L7-401,2.83379,41.97966,326
L7-401,2.83379,41.97964,327
L7-401,2.83382,41.97953,328
L7-401,2.83386,41.97946,329
L7-401,2.83392,41.97939,330
L7-401,2.834,41.97932,331
L7-401,2.83404,41.97926,332
L7-401,2.83424,41.97892,333
L7-401,2.8344,41.97866,334
L7-401,2.83446,41.97858,335
L7-401,2.8345,41.97854,336
L7-401,2.83457,41.97846,337
L7-401,2.8347,41.97834,338
L7-401,2.83488,41.97818,339
L7-401,2.83495,41.97811,340
L7-401,2.83497,41.97808,341
L7-401,2.83502,41.97802,342
L7-401,2.8351,41.97788,343
L7-401,2.83512,41.97778,344
L7-401,2.83514,41.97766,345
L7-401,2.83515,41.9776,346
L7-401,2.83515,41.97759,347
L7-401,2.83514,41.97753,348
L7-401,2.83513,41.97749,349
L7-401,2.83512,41.97746,350
L7-401,2.83514,41.97753,351
L7-401,2.83515,41.97759,352
L7-401,2.83515,41.9776,353
L7-401,2.83514,41.97766,354
L7-401,2.83512,41.97778,355
L7-401,2.8351,41.97788,356
L7-401,2.83502,41.97802,357
L7-401,2.83497,41.97808,358
L7-401,2.83495,41.97811,359
L7-401,2.83488,41.97818,360
L7-401,2.8347,41.97834,361
L7-401,2.83457,41.97846,362
L7-401,2.8345,41.97854,363
L7-401,2.83446,41.97858,364
L7-401,2.8344,41.97866,365
L7-401,2.83424,41.97892,366
L7-401,2.83404,41.97926,367
L7-401,2.834,41.97932,368
L7-401,2.83392,41.97939,369
L7-401,2.83386,41.97946,370
L7-401,2.83382,41.97953,371
L7-401,2.83379,41.97964,372
L7-401,2.83379,41.97966,373
L7-401,2.83378,41.9798,374
L7-401,2.83378,41.97982,375
L7-401,2.83377,41.97992,376
L7-401,2.83373,41.98011,377
L7-401,2.83372,41.98017,378
L7-401,2.83371,41.98021,379
L7-401,2.83368,41.98026,380
L7-401,2.83363,41.9803,381
L7-401,2.83356,41.98033,382
L7-401,2.83351,41.98036,383
L7-401,2.83339,41.98041,384
L7-401,2.83326,41.98045,385
L7-401,2.83317,41.98049,386
L7-401,2.83307,41.98054,387
L7-401,2.83298,41.9806,388
L7-401,2.83298,41.98061,389
L7-401,2.83293,41.98065,390
L7-401,2.83289,41.9807,391
L7-401,2.83282,41.98079,392
L7-401,2.83275,41.98088,393
L7-401,2.83271,41.98093,394
L7-401,2.83255,41.98107,395
L7-401,2.83241,41.98117,396
L7-401,2.8324,41.98118,397
L7-401,2.83234,41.98122,398
L7-401,2.83227,41.98126,399
L7-401,2.83214,41.98131,400
L7-401,2.832,41.98138,401
L7-401,2.83194,41.98141,402
L7-401,2.83183,41.98148,403
L7-401,2.8317,41.98156,404
L7-401,2.83161,41.98158,405
L7-401,2.83152,41.98161,406
L7-401,2.83138,41.98165,407
L7-401,2.83128,41.98166,408
L7-401,2.83121,41.98166,409
L7-401,2.83115,41.98166,410
L7-401,2.8311,41.98166,411
L7-401,2.83105,41.98166,412
L7-401,2.831,41.98168,413
L7-401,2.83086,41.98173,414
L7-401,2.8308,41.98175,415
L7-401,2.83074,41.98179,416
L7-401,2.83071,41.98182,417
L7-401,2.83069,41.98185,418
L7-401,2.83069,41.9819,419
L7-401,2.83072,41.98195,420
L7-401,2.83078,41.982,421
L7-401,2.83088,41.98204,422
L7-401,2.831,41.98205,423
L7-401,2.83116,41.98206,424
L7-401,2.83122,41.98206,425
L7-401,2.83137,41.98205,426
L7-401,2.83146,41.98204,427
L7-401,2.83154,41.98203,428
L7-401,2.8316,41.98202,429
L7-401,2.83165,41.98202,430
L7-401,2.83171,41.98203,431
L7-401,2.83175,41.98204,432
L7-401,2.8318,41.98205,433
L7-401,2.83183,41.98207,434
L7-401,2.83192,41.9821,435
L7-401,2.83204,41.98215,436
L7-401,2.83221,41.9822,437
L7-401,2.83235,41.98224,438
L7-401,2.83236,41.98224,439
L7-401,2.83267,41.98234,440
L7-401,2.8328,41.98239,441
L7-401,2.83286,41.98241,442
L7-401,2.83299,41.98247,443
L7-401,2.83302,41.98248,444
L7-401,2.83305,41.9825,445
L7-401,2.83308,41.98253,446
L7-401,2.83313,41.98257,447
L7-401,2.83316,41.98261,448
L7-401,2.83321,41.98268,449
L7-401,2.83327,41.98278,450
L7-401,2.83335,41.98292,451
L7-401,2.83339,41.98304,452
L7-401,2.83341,41.98312,453
L7-401,2.83343,41.98319,454
L7-401,2.83345,41.98327,455
L7-401,2.83346,41.98332,456
L7-401,2.83348,41.98337,457
L7-401,2.83349,41.98343,458
L7-401,2.83349,41.98347,459
L7-401,2.83348,41.98351,460
L7-401,2.83347,41.98355,461
L7-401,2.83345,41.9836,462
L7-401,2.83342,41.98365,463
L7-401,2.83329,41.98396,464
L7-401,2.83325,41.98415,465
L7-401,2.8332,41.98424,466
L7-401,2.83317,41.98431,467
L7-401,2.83313,41.98436,468
L7-401,2.83287,41.98449,469
L7-401,2.83259,41.98465,470
L7-401,2.83248,41.98471,471
L7-401,2.8324,41.98476,472
L7-401,2.83229,41.98483,473
L12-102,2.821973562240601,41.98622725534188,2
L12-102,2.8223383426666264,41.98604383457519,3
L12-102,2.8224992752075195,41.985908262364525,4
L12-102,2.8232610225677495,41.98609965834274,5
L12-102,2.823475599288941,41.98532609606067,6
L12-102,2.8234541416168217,41.98508684809103,7
L12-102,2.8234648704528813,41.984815699305265,8
L12-102,2.823421955108643,41.9845844244284,9
L12-102,2.8233361244201665,41.98433719863102,10
L12-102,2.82325029373169,41.98401022110195,11
L12-102,2.8231430053710938,41.98377894329917,12
L12-102,2.823057174682617,41.9834918386511,13
L12-102,2.8229391574859624,41.98318878234029,14
L12-102,2.822853326797486,41.9828777493635,15
L12-102,2.822799682617188,41.98266241795104,16
L12-102,2.8227353096008305,41.98235138240297,17
L12-102,2.8226816654205327,41.982239728245865,18
L12-102,2.8230679035186768,41.98215199984224,19
L12-102,2.8231000900268555,41.98183298644644,20
L12-102,2.8231215476989746,41.98152992224002,21
L12-102,2.823164463043213,41.9812906600055,22
L12-102,2.823207378387451,41.98117102855108,23
L12-102,2.82373309135437,41.98122685659113,24
L12-102,2.823668718338013,41.98141826664246,25
L12-102,2.823647260665894,41.981625626882085,26
L12-102,2.823625802993775,41.981825011091075,27
L12-102,2.823647260665894,41.98203237000612,28
L12-102,2.8236794471740723,41.9822477035493,29
L12-102,2.823765277862549,41.98246303636428,30
L12-102,2.8238189220428467,41.98266241795104,31
L12-102,2.8238189220428467,41.98275014565141,32
L12-102,2.824323177337647,41.98274217041092,33
L12-102,2.824462652206421,41.982869774138976,34
L12-102,2.824623584747315,41.983109030439806,35
L12-102,2.824816703796387,41.98327650931544,36
L12-102,2.8251492977142334,41.98372311749679,37
L12-102,2.8254282474517827,41.98414579735439,38
L12-102,2.825567722320557,41.98438504886029,39
L12-102,2.825642824172974,41.98456847440592,40
L12-102,2.825685739517212,41.98470404946962,41
L12-102,2.8250420093536377,41.984815699305265,42
L12-102,2.8250205516815186,41.98505494829382,43
L12-102,2.8249883651733403,41.98530217130415,44
L12-102,2.824945449829102,41.985581292903966,45
L12-102,2.8249776363372807,41.98576471500325,46
L12-102,2.824816703796387,41.98602788491835,47
L12-102,2.8247630596160893,41.986251179750745,48
L12-102,2.824623584747315,41.98652232242295,49
L12-102,2.824505567550659,41.98674561552119,50
L12-102,2.824387550354004,41.986897135391814,51
L12-102,2.824323177337647,41.987072579002024,52
L12-102,2.8242802619934086,41.98728789549916,53
L12-102,2.824172973632813,41.98742346477191,54
L12-102,2.8241622447967534,41.987622830825046,55
L12-102,2.8241622447967534,41.9878062470425,56
L12-102,2.82424807548523,41.987973713562106,57
L12-102,2.8241086006164555,41.98807738309159,58
L12-102,2.8239583969116215,41.98817307789202,59
L12-102,2.823947668075562,41.988412314263805,60
L12-102,2.823969125747681,41.98868344773159,61
L12-102,2.8239905834198002,41.98885888641891,62
L12-102,2.8240656852722172,41.989050273526395,63
L12-102,2.8242158889770512,41.98924166005846,64
L12-102,2.8243446350097656,41.98932140427702,65
L12-102,2.8245270252227783,41.98944102041752,66
L12-102,2.8248381614685063,41.98928153218022,67
L12-102,2.8250205516815186,41.989185839046044,68
L12-102,2.8252780437469487,41.98920178791174,69
L12-102,2.8254282474517827,41.98907419687436,70
L12-102,2.8256535530090336,41.98895458004457,71
L12-102,2.825921773910523,41.98893065665165,72
L12-102,2.8261363506317143,41.988938631116966,73
L12-102,2.8263401985168457,41.98901040125978,74
L12-102,2.826565504074097,41.98905824797673,75
L12-102,2.8267371654510502,41.98895458004457,76
L12-102,2.826865911483765,41.98878711610526,77
L12-102,2.8271448612213135,41.98863560073295,78
L12-102,2.8272494673728947,41.9885897473255,79
L12-102,2.82748818397522,41.988543893885044,80
L12-102,2.8276249766349792,41.98852595122541,81
L12-102,2.8277537226676945,41.988490065891035,82
L12-102,2.8279334306716923,41.98844421237875,83
L12-102,2.82811313867569,41.988412314263805,84
L12-102,2.8282526135444646,41.9883744352315,85
L12-102,2.8283438086509705,41.98833456254159,86
L12-102,2.8284215927124023,41.9882986770993,87
L12-102,2.8285261988639836,41.988238867983895,88
L12-102,2.8286549448966984,41.98823687434574,89
L12-102,2.8287917375564575,41.9882488361737,90
L12-102,2.828920483589173,41.98825481708684,91
L12-102,2.829070687294007,41.98825481708684,92
L12-102,2.8292021155357365,41.988256810724415,93
L12-102,2.829325497150421,41.988238867983895,94
L12-102,2.829443514347077,41.98822690615407,95
L12-102,2.8295803070068364,41.988197001569674,96
L12-102,2.829711735248566,41.98817307789202,97
L12-102,2.829827070236206,41.988141179641204,98
L12-102,2.829939723014832,41.98811725594259,99
L12-102,2.8300470113754272,41.98810529408991,100
L12-102,2.8301677107810974,41.9881092813744,101
L12-102,2.8302803635597233,41.98813121143455,102
L12-102,2.830368876457215,41.98816909061156,103
L12-102,2.83048152923584,41.988250829811484,104
L12-102,2.830586135387421,41.98834453071641,105
L12-102,2.830688059329987,41.9884083269983,106
L12-102,2.830784618854523,41.9884960467815,107
L12-102,2.8308704495429997,41.98855585565531,108
L12-102,2.8309482336044316,41.98859772183351,109
L12-102,2.8310528397560124,41.988633607107225,110
L12-102,2.831203043460846,41.98864756248598,111
L12-102,2.831307649612427,41.98864556886062,112
L12-102,2.831417620182038,41.98863161348143,113
L12-102,2.8315249085426335,41.98860968359367,114
L12-102,2.83174216747284,41.98857579193407,115
L12-102,2.8319245576858525,41.98854190025645,116
L12-102,2.8321257233619694,41.9884960467815,117
L12-102,2.832187414169312,41.988482091369534,118
L12-102,2.8329169750213627,41.98821095704415,119
L12-102,2.8337672352790837,41.98787801846199,120
L12-102,2.833836972713471,41.98817108425183,121
L12-102,2.833882570266724,41.98831263255149,122
L12-102,2.833930850028992,41.98864357523521,123
L12-102,2.8339254856109624,41.98867148598529,124
L12-102,2.8338235616683964,41.98872930107153,125
L12-102,2.8336974978446965,41.98870737121741,126
L12-102,2.8331100940704346,41.988663511486536,127
L12-102,2.8329893946647644,41.98867746685873,128
L12-102,2.832385897636414,41.98879708420922,129
L12-102,2.8323188424110417,41.988773160757106,130
L12-102,2.832289338111878,41.98873129469425,131
L12-102,2.83223569393158,41.98862164535157,132
L12-102,2.8321766853332524,41.988531932112515,133
L12-102,2.8321471810340886,41.9884681359545,134
L12-102,2.8320103883743286,41.988517976708415,135
L12-102,2.831809222698212,41.988559842911556,136
L12-102,2.8316214680671696,41.98859373457963,137
L12-102,2.83147394657135,41.98862164535157,138
L12-102,2.8313693404197697,41.9886395879842,139
L12-102,2.8312540054321294,41.98864955611127,140
L12-102,2.831146717071533,41.98864357523521,141
L12-102,2.831007242202759,41.98862363897767,142
L12-102,2.830897271633148,41.98858376644384,143
L12-102,2.8308328986167908,41.98852595122541,144
L12-102,2.830741703510285,41.98845218690501,145
L12-102,2.8306370973587036,41.98838240976648,146
L12-102,2.830527126789093,41.988294689826695,147
L12-102,2.8304225206375127,41.9882129506831,148
L12-102,2.8303232789039616,41.98814716056444,149
L12-102,2.8302213549613953,41.98812124322631,150
L12-102,2.8301033377647404,41.98811127501653,151
L12-102,2.829979956150055,41.98811725594259,152
L12-102,2.8298780322074895,41.988139185999984,153
L12-102,2.829768061637879,41.98816310969038,154
L12-102,2.829502522945404,41.98821893159959,155
L12-102,2.829395234584809,41.988238867983895,156
L12-102,2.8292718529701233,41.98825481708684,157
L12-102,2.829137742519379,41.988256810724415,158
L12-102,2.828992903232575,41.9882488361737,159
L12-102,2.8288534283638005,41.988256810724415,160
L12-102,2.8287246823310856,41.98823687434574,161
L12-102,2.8286039829254155,41.98824285526001,162
L12-102,2.8284725546836857,41.988262791636814,163
L12-102,2.828295528888703,41.98835051162057,164
L12-102,2.8281775116920476,41.98839835883347,165
L12-102,2.8280326724052434,41.98843225058752,166
L12-102,2.8278449177742004,41.98847212321626,167
L12-102,2.827681303024292,41.98851000219043,168
L12-102,2.82737284898758,41.98856781742331,169
L12-102,2.827040255069733,41.98867347960984,170
L12-102,2.8269329667091374,41.98873926918455,171
L12-102,2.826814949512482,41.98883695660944,172
L12-102,2.8267586231231694,41.98891470771804,173
L12-102,2.8266674280166626,41.989006414031756,174
L12-102,2.82661110162735,41.98905625436424,175
L12-102,2.8264769911766057,41.98905625436424,176
L12-102,2.8262946009635925,41.98895856727586,177
L12-102,2.8262194991111755,41.988950592813055,178
L12-102,2.826039791107178,41.98895458004457,179
L12-102,2.825827896595001,41.98892666941863,180
L12-102,2.8257259726524357,41.98893065665165,181
L12-102,2.825567722320557,41.98899445234615,182
L12-102,2.8253665566444397,41.98912204354335,183
L12-102,2.825146615505219,41.989227704809956,184
L12-102,2.824985682964325,41.98918384543755,185
L12-102,2.8245109319686894,41.98942108440969,186
L12-102,2.824172973632813,41.98964436734053,187
L12-102,2.8239288926124573,41.989566617123124,188
L12-102,2.823719680309296,41.98950680919898,189
L12-102,2.8228130936622624,41.98946693721833,190
L12-102,2.822595834732056,41.98941510360615,191
L12-102,2.8225448727607727,41.98940114839566,192
L12-102,2.8224778175354004,41.989472918017015,193
L12-102,2.82237321138382,41.98952674517994,194
L12-102,2.8222846984863286,41.98954668115466,195
L12-102,2.8221318125724797,41.989566617123124,196
L12-102,2.82200038433075,41.989528738777686,197
L12-102,2.821871638298035,41.98947491161645,198
L12-102,2.821826040744782,41.989377225170536,199
L12-102,2.821799218654633,41.989273557757855,200
L12-102,2.821828722953797,41.9891579285215,201
L12-102,2.8218930959701543,41.989094132990815,202
L12-102,2.8219896554946904,41.989024356555944,203
L12-102,2.8220593929290776,41.988982490658294,204
L12-102,2.82212644815445,41.98893065665165,205
L12-102,2.822169363498688,41.98877914162098,206
L12-102,2.8222069144248962,41.98858376644384,207
L12-102,2.8222578763961796,41.988396365200295,208
L12-102,2.822295427322388,41.98822690615407,209
L12-102,2.822260558605194,41.988087351306696,210
L12-102,2.8222337365150456,41.98799763731466,211
L12-102,2.8221157193183903,41.987852101014276,212
L12-102,2.8219011425971985,41.98764675470946,213
L12-102,2.8216704726219177,41.98743742041595,214
L12-102,2.8215685486793523,41.987315806843625,215
L12-102,2.8213942050933842,41.987146344921,216
L12-102,2.821324467658997,41.98700479402812,217
L12-102,2.821174263954163,41.98689314803143,218
L12-102,2.821040153503418,41.98677950815513,219
L12-102,2.820919454097748,41.98663396906995,220
L12-102,2.8208926320075993,41.986514347654946,221
L12-102,2.8209650516510014,41.98640070710252,222
L12-102,2.821120619773865,41.9863588394794,223
L12-102,2.821270823478699,41.9863668142669,224
L12-102,2.8214210271835327,41.986430612530704,225
L12-102,2.821579277515412,41.98643260622542,226
L12-102,2.821799218654633,41.98632295292344,227
L12-102,2.8219091892242436,41.98627111675129,228
L12-102,2.8221130371093754,41.98616943798335,229
L12-102,2.8223115205764775,41.98608370869986,230
L12-102,2.8224295377731328,41.98597006737873,231
L12-102,2.8226199746131897,41.985920224630014,232
L12-102,2.8226977586746216,41.98599997300922,233
L12-102,2.822748720645905,41.98607374017103,234
L12-102,2.8226977586746216,41.98614152613628,235
L12-102,2.822512686252594,41.98618937500946,236
L12-102,2.8223490715026855,41.98628507264794,237
L12-102,2.8220915794372563,41.98641266927549,238
L12-102,2.821927964687348,41.986484442266075,239
L12-102,2.8217267990112305,41.98659808266905,240
L12-102,2.8216624259948735,41.98666586807602,241
L12-102,2.821691930294037,41.98680741972249,242
L12-102,2.8217053413391113,41.986897135391814,243
L12-102,2.8215819597244267,41.98702473079263,244
L12-102,2.8215363621711735,41.987130395540355,245
L12-102,2.8215739130973816,41.98723805378219,246
L12-102,2.822086215019226,41.987698589761514,247
L12-102,2.8222632408142094,41.987874031163024,248
L12-102,2.8223168849945073,41.98797770085481,249
L12-102,2.822359800338745,41.98807140216179,250
L12-102,2.8223812580108643,41.988165103330836,251
L12-102,2.822389304637909,41.98829070255383,252
L12-102,2.822351753711701,41.988412314263805,253
L12-102,2.822292745113373,41.988665505111314,254
L12-102,2.822273969650269,41.98877914162098,255
L12-102,2.8222846984863286,41.98890075239785,256
L12-102,2.8223544359207158,41.98900442041764,257
L12-102,2.82248854637146,41.98912204354335,258
L12-102,2.8225636482238774,41.98922172398822,259
L12-102,2.8225529193878174,41.989339346712406,260
L12-102,2.822526097297669,41.98944102041752,261
L12-102,2.8224295377731328,41.9895187707883,262
L12-102,2.8222095966339116,41.989570604316064,263
L12-102,2.8220567107200627,41.989554655542804,264
L12-102,2.821965515613556,41.989558642736505,265
L12-102,2.8208953142166138,41.990013181180636,266
L12-102,2.820801436901093,41.99010687949153,267
L12-102,2.8207236528396606,41.99035208931191,268
L12-102,2.8205573558807373,41.99079665430114,269
L12-102,2.8203347325325017,41.991396712434586,270
L12-102,2.819929718971253,41.992479195026156,271
L12-102,2.8195381164550786,41.99334038349699,272
L12-102,2.8195059299469,41.993683260848655,273
L12-102,2.8193664550781254,41.99530990962781,274
L12-102,2.819355726242066,41.99748668339069,275
L12-102,2.8191304206848145,41.99814049833224,276
L12-102,2.818626165390015,41.99891390489517,277
L12-102,2.8180682659149174,41.999336483891554,278
L12-102,2.817842960357666,41.99967932893987,279
L12-102,2.8178000450134277,41.99997433366571,280
L12-102,2.817553281784058,42.00009392978658,281
L12-102,2.817199230194092,41.99991054897601,282
L12-102,2.8172957897186284,41.999591624568446,283
L12-102,2.816566228866577,41.99780561834767,284
L12-102,2.8160190582275395,41.99646608078714,285
L12-102,2.815686464309693,41.99606740344962,286
L12-102,2.814635038375855,41.99499893586957,287
L12-102,2.814549207687378,41.99545343546528,288
L12-102,2.8158044815063477,41.9967212329725,289
L12-102,2.8158152103424072,41.99686475562717,290
L12-102,2.815632820129395,41.997016251411566,291
L12-102,2.8153216838836674,41.9969843575922,292
L12-102,2.8150856494903564,41.99662555102285,293
L12-102,2.8147959709167485,41.99609929772852,294
L12-102,2.8142702579498295,41.995836169449525,295
L12-102,2.8140127658844,41.995445461816146,296
L12-102,2.81325101852417,41.995413567209575,297
L12-102,2.812811136245728,41.995676697235815,298
L12-102,2.812789678573609,41.99617105979764,299
L12-102,2.8131651878356934,41.99663352452416,300
L12-102,2.813873291015625,41.996832861731875,301
L12-102,2.81425952911377,41.996928543369826,302
L12-102,2.8144097328186035,41.99686076889114,303
L12-102,2.8146457672119145,41.996848808681534,304
L12-102,2.8146243095397954,41.9969843575922,305
L12-102,2.8143453598022465,41.99702023813786,306
L12-102,2.8140664100646977,41.996940503564446,307
L12-102,2.813283205032349,41.99664149802444,308
L12-102,2.8129345178604126,41.99643418669205,309
L12-102,2.8127789497375493,41.99590793181533,310
L12-102,2.812945246696472,41.99554911917713,311
L12-102,2.8131169080734257,41.995425527688916,312
L12-102,2.813428044319153,41.9953617384398,313
L12-102,2.8137660026550293,41.995381672587,314
L12-102,2.814205884933472,41.99561689505264,315
L12-102,2.8143185377120976,41.99589198462993,316
L12-102,2.8148710727691655,41.996202954024604,317
L12-102,2.8150266408920293,41.99647804106867,318
L12-102,2.8152197599411015,41.9968408352072,319
L12-102,2.815278768539429,41.99695645048713,320
L12-102,2.815420925617218,41.996990337684544,321
L12-102,2.8155550360679626,41.997012264685026,322
L12-102,2.815715968608856,41.9969624305821,323
L12-102,2.8157642483711247,41.996924556637765,324
L12-102,2.815828621387482,41.99679897445063,325
L12-102,2.8157669305801396,41.996673392015666,326
L12-102,2.8155469894409184,41.9964401668361,327
L12-102,2.815072238445282,41.99598567428696,328
L12-102,2.814962267875672,41.99586208364651,329
L12-102,2.814602851867676,41.99549529710691,330
L12-102,2.8145518898963933,41.995403600141735,331
L12-102,2.8145653009414677,41.995234159749764,332
L12-102,2.8145813941955566,41.995086646570606,333
L12-102,2.8146162629127502,41.99495109361804,334
L12-102,2.815254628658295,41.995561079631,335
L12-102,2.815715968608856,41.996025542184285,336
L12-102,2.8158366680145264,41.99621292096723,337
L12-102,2.816099524497986,41.99674316006567,338
L12-102,2.816351652145386,41.99730728177495,339
L12-102,2.8165340423583984,41.99772389141725,340
L12-102,2.8167673945426945,41.99818833818616,341
L12-102,2.816992700099945,41.99869264779195,342
L12-102,2.8172367811203007,41.999167053970574,343
L12-102,2.8173923492431645,41.9994780073621,344
L12-102,2.817507684230805,41.999553752188866,345
L12-102,2.817609608173371,41.99957767158912,346
L12-102,2.81774640083313,41.99956172532328,347
L12-102,2.8179073333740234,41.9994780073621,348
L12-102,2.818191647529602,41.99922685281773,349
L12-102,2.818344533443451,41.99908931538527,350
L12-102,2.8186637163162236,41.99878633332597,351
L12-102,2.818827331066132,41.99858899555107,352
L12-102,2.8190016746521,41.99832189092142,353
L12-102,2.819103598594666,41.998102625089025,354
L12-102,2.819202840328217,41.997767744905154,355
L12-102,2.819277942180634,41.99729930835807,356
L12-102,2.8192859888076787,41.99712389293394,357
L12-102,2.8192967176437382,41.99658169674788,358
L12-102,2.819302082061768,41.99626275565706,359
L12-102,2.8192055225372314,41.99579630143356,360
L12-102,2.818926572799683,41.99456436743133,361
L12-102,2.8186637163162236,41.993531757130334,362
L12-102,2.8183954954147343,41.99243932490733,363
L12-102,2.818277478218079,41.99231572738029,364
L12-102,2.818057537078858,41.99224794798935,365
L12-102,2.8181111812591557,41.992120363057694,366
L12-102,2.81825065612793,41.992068531606144,367
L12-102,2.818443775177002,41.991988790829055,368
L12-102,2.8186154365539555,41.99144655089553,369
L12-102,2.819023132324219,41.990525529834024,370
L12-102,2.8193342685699467,41.98980385466875,371
L12-102,2.8196132183074956,41.989795880311824,372
L12-102,2.8200101852416997,41.989819803379596,373
L12-102,2.8204447031021123,41.98983575208647,374
L12-102,2.820627093315125,41.98983176491012,375
L12-102,2.821678519248963,41.98935330193644,376
L12-102,2.821820676326752,41.98930146823174,377
L12-102,2.821820676326752,41.98921175595077,378
L12-102,2.8218555450439453,41.98912403715377,379
L12-102,2.8219547867774963,41.98903233100951,380
L12-102,2.8220567107200627,41.98901040125978,381
L12-102,2.8221130371093754,41.988962554506884,382
L12-102,2.8221586346626286,41.98882100765234,383
L12-102,2.822182774543762,41.98867347960984,384
L12-102,2.8222256898880005,41.98848009773901,385
L12-102,2.8222820162773132,41.98831063891564,386
L12-102,2.822273969650269,41.98813320507601,387
L12-102,2.822185456752777,41.98792785967793,388
L12-102,2.8219923377037053,41.987730488234114,389
L12-102,2.8217643499374394,41.98753510983858,390
L12-102,2.82161682844162,41.98737561682628,391
L12-102,2.8214746713638306,41.9872260917643,392
L12-102,2.821372747421265,41.987072579002024,393
L12-102,2.821227908134461,41.98694099633969,394
L2-102,2.81398,41.99691,2
L2-102,2.81357,41.99674,3
L2-102,2.81328,41.99662,4
L2-102,2.81315,41.99656,5
L2-102,2.81302,41.99646,6
L2-102,2.81292,41.99636,7
L2-102,2.81287,41.99629,8
L2-102,2.81284,41.9962,9
L2-102,2.8128,41.99597,10
L2-102,2.81279,41.99584,11
L2-102,2.81279,41.99581,12
L2-102,2.8128,41.99578,13
L2-102,2.81281,41.99573,14
L2-102,2.81283,41.99567,15
L2-102,2.81285,41.99564,16
L2-102,2.81289,41.99559,17
L2-102,2.81307,41.99549,18
L2-102,2.81315,41.99546,19
L2-102,2.81322,41.99544,20
L2-102,2.81328,41.99543,21
L2-102,2.81336,41.99541,22
L2-102,2.81344,41.9954,23
L2-102,2.81348,41.9954,24
L2-102,2.81354,41.9954,25
L2-102,2.81366,41.99541,26
L2-102,2.81381,41.99542,27
L2-102,2.81386,41.99542,28
L2-102,2.8139,41.99543,29
L2-102,2.81392,41.99544,30
L2-102,2.81395,41.99545,31
L2-102,2.81397,41.99546,32
L2-102,2.814,41.99548,33
L2-102,2.81407,41.99556,34
L2-102,2.8141,41.99562,35
L2-102,2.81418,41.99575,36
L2-102,2.81423,41.99581,37
L2-102,2.81431,41.99587,38
L2-102,2.81441,41.99593,39
L2-102,2.8146,41.99604,40
L2-102,2.81479,41.99615,41
L2-102,2.81483,41.99618,42
L2-102,2.8149,41.99623,43
L2-102,2.81495,41.99629,44
L2-102,2.81501,41.99641,45
L2-102,2.81506,41.99653,46
L2-102,2.81518,41.99682,47
L2-102,2.81521,41.99688,48
L2-102,2.81525,41.99694,49
L2-102,2.81529,41.99697,50
L2-102,2.81533,41.99699,51
L2-102,2.81536,41.99701,52
L2-102,2.81541,41.99702,53
L2-102,2.81545,41.99702,54
L2-102,2.8155,41.99702,55
L2-102,2.81556,41.99701,56
L2-102,2.81561,41.997,57
L2-102,2.81565,41.99698,58
L2-102,2.81569,41.99696,59
L2-102,2.81572,41.99694,60
L2-102,2.81575,41.99691,61
L2-102,2.81578,41.99687,62
L2-102,2.81579,41.99683,63
L2-102,2.81579,41.9968,64
L2-102,2.81579,41.99677,65
L2-102,2.81575,41.9967,66
L2-102,2.81569,41.99662,67
L2-102,2.81563,41.99656,68
L2-102,2.81556,41.99648,69
L2-102,2.81505,41.99599,70
L2-102,2.81484,41.99576,71
L2-102,2.81466,41.9956,72
L2-102,2.81459,41.99548,73
L2-102,2.81457,41.99544,74
L2-102,2.81456,41.99539,75
L2-102,2.81456,41.99531,76
L2-102,2.81457,41.99523,77
L2-102,2.81458,41.99515,78
L2-102,2.8146,41.99498,79
L2-102,2.81475,41.99511,80
L2-102,2.81508,41.99541,81
L2-102,2.81539,41.9957,82
L2-102,2.8155,41.9958,83
L2-102,2.81559,41.99589,84
L2-102,2.81568,41.996,85
L2-102,2.81574,41.99608,86
L2-102,2.81583,41.9962,87
L2-102,2.81584,41.99626,88
L2-102,2.81587,41.99631,89
L2-102,2.81592,41.99639,90
L2-102,2.81604,41.99665,91
L2-102,2.81619,41.99698,92
L2-102,2.81641,41.99748,93
L2-102,2.81645,41.99758,94
L2-102,2.81655,41.99778,95
L2-102,2.81667,41.99802,96
L2-102,2.81671,41.99811,97
L2-102,2.81732,41.99942,98
L2-102,2.8174,41.99947,99
L2-102,2.81747,41.99955,100
L2-102,2.8175,41.99961,101
L2-102,2.81753,41.99961,102
L2-102,2.81755,41.99961,103
L2-102,2.81757,41.99962,104
L2-102,2.81759,41.99962,105
L2-102,2.81763,41.99963,106
L2-102,2.81767,41.99965,107
L2-102,2.8177,41.99966,108
L2-102,2.81772,41.99967,109
L2-102,2.81773,41.99969,110
L2-102,2.81776,41.99971,111
L2-102,2.81777,41.99973,112
L2-102,2.81788,41.9996,113
L2-102,2.8179,41.99956,114
L2-102,2.81792,41.99954,115
L2-102,2.81793,41.99951,116
L2-102,2.81795,41.99947,117
L2-102,2.81813,41.99932,118
L2-102,2.81832,41.99915,119
L2-102,2.81845,41.99903,120
L2-102,2.81856,41.99893,121
L2-102,2.81865,41.99884,122
L2-102,2.81876,41.99871,123
L2-102,2.81886,41.99859,124
L2-102,2.81894,41.99847,125
L2-102,2.81903,41.99834,126
L2-102,2.81909,41.99822,127
L2-102,2.81912,41.99814,128
L2-102,2.81916,41.99807,129
L2-102,2.81921,41.99792,130
L2-102,2.81924,41.99784,131
L2-102,2.81926,41.99776,132
L2-102,2.81928,41.99766,133
L2-102,2.8193,41.99755,134
L2-102,2.81931,41.99735,135
L2-102,2.81932,41.99716,136
L2-102,2.81935,41.99671,137
L2-102,2.81934,41.99652,138
L2-102,2.81935,41.99639,139
L2-102,2.81935,41.99638,140
L2-102,2.81931,41.99606,141
L2-102,2.81927,41.99586,142
L2-102,2.81924,41.99571,143
L2-102,2.81906,41.99496,144
L2-102,2.81901,41.99477,145
L2-102,2.81892,41.99455,146
L2-102,2.8188,41.99405,147
L2-102,2.81873,41.99379,148
L2-102,2.81866,41.99351,149
L2-102,2.81862,41.9933,150
L2-102,2.81861,41.99327,151
L2-102,2.81842,41.99249,152
L2-102,2.81831,41.99232,153
L2-102,2.81829,41.99232,154
L2-102,2.81828,41.99232,155
L2-102,2.81827,41.99232,156
L2-102,2.81826,41.99232,157
L2-102,2.81825,41.99232,158
L2-102,2.81824,41.99232,159
L2-102,2.81823,41.99232,160
L2-102,2.81822,41.99232,161
L2-102,2.81821,41.99231,162
L2-102,2.8182,41.99231,163
L2-102,2.81819,41.99231,164
L2-102,2.81818,41.9923,165
L2-102,2.81816,41.99229,166
L2-102,2.81814,41.99228,167
L2-102,2.81814,41.99227,168
L2-102,2.81813,41.99227,169
L2-102,2.81813,41.99226,170
L2-102,2.81813,41.99225,171
L2-102,2.81812,41.99225,172
L2-102,2.81812,41.99224,173
L2-102,2.81812,41.99223,174
L2-102,2.81811,41.99222,175
L2-102,2.81811,41.99221,176
L2-102,2.81811,41.9922,177
L2-102,2.81811,41.99219,178
L2-102,2.81812,41.99219,179
L2-102,2.81812,41.99218,180
L2-102,2.81812,41.99217,181
L2-102,2.81813,41.99215,182
L2-102,2.81815,41.99213,183
L2-102,2.81816,41.99213,184
L2-102,2.81816,41.99212,185
L2-102,2.81817,41.99212,186
L2-102,2.81818,41.99211,187
L2-102,2.81819,41.99211,188
L2-102,2.8182,41.99211,189
L2-102,2.8182,41.9921,190
L2-102,2.81821,41.9921,191
L2-102,2.81822,41.9921,192
L2-102,2.81823,41.9921,193
L2-102,2.81824,41.99209,194
L2-102,2.81825,41.99209,195
L2-102,2.81826,41.99209,196
L2-102,2.81827,41.99209,197
L2-102,2.8183,41.99209,198
L2-102,2.81836,41.99195,199
L2-102,2.81843,41.99185,200
L2-102,2.81847,41.99177,201
L2-102,2.81859,41.99152,202
L2-102,2.81868,41.99135,203
L2-102,2.8187,41.99129,204
L2-102,2.8188,41.99104,205
L2-102,2.81886,41.99091,206
L2-102,2.81899,41.99058,207
L2-102,2.81922,41.99005,208
L2-102,2.81926,41.98996,209
L2-102,2.81928,41.98992,210
L2-102,2.81933,41.98984,211
L2-102,2.81938,41.98982,212
L2-102,2.81946,41.98982,213
L2-102,2.81981,41.98984,214
L2-102,2.82018,41.98985,215
L2-102,2.82038,41.98985,216
L2-102,2.82048,41.98985,217
L2-102,2.82052,41.98984,218
L2-102,2.82061,41.98984,219
L2-102,2.82081,41.98976,220
L2-102,2.82165,41.98935,221
L2-102,2.82178,41.98929,222
L2-102,2.82178,41.98925,223
L2-102,2.82179,41.98921,224
L2-102,2.82181,41.98917,225
L2-102,2.82183,41.98914,226
L2-102,2.82186,41.9891,227
L2-102,2.82189,41.98907,228
L2-102,2.82193,41.98904,229
L2-102,2.82198,41.98902,230
L2-102,2.82203,41.989,231
L2-102,2.82212,41.98898,232
L2-102,2.82215,41.98884,233
L2-102,2.82225,41.98845,234
L2-102,2.82229,41.98824,235
L2-102,2.82228,41.98816,236
L2-102,2.82226,41.98807,237
L2-102,2.82223,41.98801,238
L2-102,2.82219,41.98794,239
L2-102,2.8221,41.98784,240
L2-102,2.82195,41.98771,241
L2-102,2.8215,41.98727,242
L2-102,2.82142,41.98704,243
L2-102,2.82137,41.98701,244
L2-102,2.82124,41.98695,245
L2-102,2.82112,41.98688,246
L2-102,2.82105,41.98681,247
L2-102,2.82098,41.98672,248
L2-102,2.82094,41.98662,249
L2-102,2.82093,41.98659,250
L2-102,2.82092,41.98649,251
L2-102,2.82093,41.98644,252
L2-102,2.82095,41.98641,253
L2-102,2.82097,41.98639,254
L2-102,2.82103,41.98637,255
L2-102,2.82112,41.98634,256
L2-102,2.82118,41.98634,257
L2-102,2.82123,41.98635,258
L2-102,2.82126,41.98636,259
L2-102,2.82132,41.98639,260
L2-102,2.82146,41.98649,261
L2-102,2.82152,41.98647,262
L2-102,2.82171,41.98641,263
L2-102,2.82181,41.98637,264
L2-102,2.82185,41.98635,265
L2-102,2.82232,41.98614,266
L2-102,2.82241,41.98609,267
L2-102,2.82241,41.98607,268
L2-102,2.82241,41.98606,269
L2-102,2.82241,41.98605,270
L2-102,2.82241,41.98604,271
L2-102,2.82242,41.98603,272
L2-102,2.82242,41.98602,273
L2-102,2.82243,41.98601,274
L2-102,2.82244,41.98599,275
L2-102,2.82238,41.9859,276
L2-102,2.82232,41.98584,277
L2-102,2.82218,41.98572,278
L2-102,2.82212,41.98566,279
L2-102,2.82142,41.98515,280
L2-102,2.82136,41.98512,281
L2-102,2.82134,41.98509,282
L2-102,2.82112,41.98491,283
L2-102,2.821,41.98481,284
L2-102,2.82072,41.98458,285
L2-102,2.82061,41.98449,286
L2-102,2.82054,41.98443,287
L2-102,2.82038,41.98426,288
L2-102,2.81993,41.98378,289
L2-102,2.81977,41.98361,290
L2-102,2.81973,41.98352,291
L2-102,2.81972,41.98344,292
L2-102,2.81974,41.9833,293
L2-102,2.81975,41.9832,294
L2-102,2.81976,41.98315,295
L2-102,2.81983,41.98272,296
L2-102,2.81984,41.98268,297
L2-102,2.81956,41.98255,298
L2-102,2.8191,41.98235,299
L2-102,2.81908,41.98235,300
L2-102,2.81903,41.98235,301
L2-102,2.81898,41.98233,302
L2-102,2.81894,41.98231,303
L2-102,2.81884,41.98227,304
L2-102,2.81905,41.98171,305
L2-102,2.81906,41.98162,306
L2-102,2.81902,41.98151,307
L2-102,2.81885,41.9811,308
L2-102,2.8188,41.98096,309
L2-102,2.81869,41.9807,310
L2-102,2.81859,41.98044,311
L2-102,2.81839,41.98002,312
L2-102,2.8182,41.97954,313
L2-102,2.81814,41.97936,314
L2-102,2.81811,41.97928,315
L2-102,2.81801,41.97901,316
L2-102,2.81798,41.97895,317
L2-102,2.81782,41.97854,318
L2-102,2.81768,41.97822,319
L2-102,2.81762,41.97809,320
L2-102,2.81741,41.97754,321
L2-102,2.8174,41.97751,322
L2-102,2.81713,41.97686,323
L2-102,2.81703,41.97659,324
L2-102,2.81696,41.97643,325
L2-102,2.81671,41.97582,326
L2-102,2.81667,41.97573,327
L2-102,2.81665,41.97567,328
L2-102,2.81661,41.97558,329
L2-102,2.81655,41.97543,330
L2-102,2.81648,41.97526,331
L2-102,2.81636,41.97497,332
L2-102,2.81625,41.97468,333
L2-102,2.816,41.97405,334
L2-102,2.81599,41.97403,335
L2-102,2.81591,41.97382,336
L2-102,2.81584,41.97366,337
L2-102,2.81575,41.97344,338
L2-102,2.81556,41.97299,339
L2-102,2.81551,41.97288,340
L2-102,2.81531,41.97236,341
L2-102,2.81514,41.97193,342
L2-102,2.81492,41.9714,343
L2-102,2.81487,41.97127,344
L2-102,2.81473,41.97093,345
L2-102,2.81465,41.97073,346
L2-102,2.81465,41.97072,347
L2-102,2.81452,41.9704,348
L2-102,2.81446,41.97025,349
L2-102,2.81441,41.97012,350
L2-102,2.8144,41.97011,351
L2-102,2.81437,41.97004,352
L2-102,2.81436,41.97001,353
L2-102,2.81428,41.96982,354
L2-102,2.81422,41.96965,355
L2-102,2.81419,41.96958,356
L2-102,2.81404,41.96922,357
L2-102,2.81392,41.9689,358
L2-102,2.81384,41.96871,359
L2-102,2.81375,41.9685,360
L2-102,2.81364,41.96824,361
L2-102,2.81356,41.96804,362
L2-102,2.81339,41.96762,363
L2-102,2.81333,41.96747,364
L2-102,2.81325,41.96726,365
L2-102,2.81305,41.96677,366
L2-102,2.81285,41.96627,367
L2-102,2.81279,41.96614,368
L2-102,2.81274,41.96599,369
L2-102,2.81238,41.96512,370
L2-102,2.81205,41.96431,371
L2-102,2.81197,41.9641,372
L2-102,2.81183,41.96376,373
L2-102,2.81182,41.96374,374
L2-102,2.81178,41.96363,375
L2-102,2.81149,41.9629,376
L2-102,2.8113,41.96243,377
L2-102,2.81126,41.96233,378
L2-102,2.81117,41.96211,379
L2-102,2.81104,41.9618,380
L2-102,2.811,41.9617,381
L2-102,2.81087,41.96157,382
L2-102,2.81076,41.96146,383
L2-102,2.8106,41.96134,384
L2-102,2.81049,41.96128,385
L2-102,2.81042,41.96123,386
L2-102,2.81036,41.96117,387
L2-102,2.81031,41.96109,388
L2-102,2.81026,41.961,389
L2-102,2.81024,41.96091,390
L2-102,2.81022,41.96082,391
L2-102,2.81023,41.96071,392
L2-102,2.81024,41.96068,393
L2-102,2.8103,41.96046,394
L2-102,2.81033,41.96034,395
L2-102,2.81036,41.96013,396
L2-102,2.81035,41.96009,397
L2-102,2.81029,41.95994,398
L2-102,2.81007,41.95939,399
L2-102,2.8099,41.95896,400
L2-102,2.80983,41.95876,401
L2-102,2.80979,41.9586,402
L2-102,2.80978,41.95856,403
L2-102,2.80976,41.95841,404
L2-102,2.80975,41.95827,405
L2-102,2.80975,41.95814,406
L2-102,2.80977,41.95799,407
L2-102,2.80977,41.95794,408
L2-102,2.80979,41.95784,409
L2-102,2.80982,41.95773,410
L2-102,2.80986,41.9576,411
L2-102,2.80995,41.95739,412
L2-102,2.81012,41.95701,413
L2-102,2.81014,41.95696,414
L2-102,2.81018,41.95681,415
L2-102,2.81013,41.95682,416
L2-102,2.81011,41.95682,417
L2-102,2.81008,41.95682,418
L2-102,2.81006,41.95682,419
L2-102,2.81004,41.95681,420
L2-102,2.81,41.95681,421
L2-102,2.80993,41.95679,422
L2-102,2.80987,41.95677,423
L2-102,2.80983,41.95675,424
L2-102,2.8098,41.95673,425
L2-102,2.80976,41.95669,426
L2-102,2.80972,41.95665,427
L2-102,2.8097,41.95662,428
L2-102,2.80968,41.95658,429
L2-102,2.80967,41.95654,430
L2-102,2.80966,41.9565,431
L2-102,2.80966,41.95646,432
L2-102,2.80966,41.95642,433
L2-102,2.80967,41.95638,434
L2-102,2.80968,41.95634,435
L2-102,2.8097,41.95629,436
L2-102,2.80972,41.95626,437
L2-102,2.80973,41.95624,438
L2-102,2.80973,41.9562,439
L2-102,2.80972,41.95617,440
L2-102,2.8097,41.95614,441
L2-102,2.80968,41.9561,442
L2-102,2.80966,41.95607,443
L2-102,2.80962,41.95604,444
L2-102,2.80956,41.95598,445
L2-102,2.80934,41.95587,446
L2-102,2.80901,41.95569,447
L2-102,2.80895,41.95566,448
L2-102,2.80886,41.95561,449
L2-102,2.80881,41.95557,450
L2-102,2.80876,41.95554,451
L2-102,2.8087,41.9555,452
L2-102,2.80861,41.95543,453
L2-102,2.80856,41.95538,454
L2-102,2.80852,41.95533,455
L2-102,2.80843,41.95522,456
L2-102,2.80839,41.95515,457
L2-102,2.80836,41.95511,458
L2-102,2.80831,41.95502,459
L2-102,2.8082,41.95477,460
L2-102,2.80813,41.9546,461
L2-102,2.80808,41.95447,462
L2-102,2.80796,41.95417,463
L2-102,2.80767,41.95346,464
L2-102,2.80765,41.95341,465
L2-102,2.80734,41.95264,466
L2-102,2.80724,41.95239,467
L2-102,2.80687,41.95152,468
L2-102,2.80694,41.9515,469
L2-102,2.80754,41.95134,470
L5-1,2.79887,41.9709,2
L5-1,2.79886,41.9709,3
L5-1,2.79879,41.9709,4
L5-1,2.79872,41.97089,5
L5-1,2.79864,41.97088,6
L5-1,2.79856,41.97087,7
L5-1,2.79849,41.97086,8
L5-1,2.79828,41.97082,9
L5-1,2.79833,41.97072,10
L5-1,2.79851,41.97028,11
L5-1,2.79878,41.96964,12
L5-1,2.79895,41.9689,13
L5-1,2.798868863981288,41.96885855838919,14
L5-1,2.798808596073243,41.968836281776,15
L5-1,2.798760598697589,41.96880674799985,16
L5-1,2.798696866340438,41.96865142030707,17
L5-1,2.798761552743012,41.9684871669721,18
L5-1,2.798958862022067,41.96838798252873,19
L5-1,2.799196280720429,41.96840560105834,20
L5-1,2.799300189170533,41.9684655917501,21
L5-1,2.799356299538824,41.96851084368275,22
L5-1,2.7996746429205,41.96858966955193,23
L5-1,2.799944148095817,41.96855087352217,24
L5-1,2.800033942836899,41.96854667893654,25
L5-1,2.80033,41.9685,26
L5-1,2.80081,41.9684,27
L5-1,2.80112,41.96832,28
L5-1,2.80151,41.9682,29
L5-1,2.80158,41.96817,30
L5-1,2.80165,41.96815,31
L5-1,2.80182,41.96809,32
L5-1,2.80254,41.96783,33
L5-1,2.80379,41.96737,34
L5-1,2.80523,41.96681,35
L5-1,2.80552,41.9667,36
L5-1,2.80577,41.96657,37
L5-1,2.80641,41.96623,38
L5-1,2.80676,41.96603,39
L5-1,2.8071,41.96585,40
L5-1,2.80752,41.96561,41
L5-1,2.80747,41.96555,42
L5-1,2.80745,41.96551,43
L5-1,2.80744,41.96547,44
L5-1,2.80743,41.96543,45
L5-1,2.80744,41.96539,46
L5-1,2.80745,41.96535,47
L5-1,2.80746,41.96531,48
L5-1,2.80749,41.96527,49
L5-1,2.80752,41.96523,50
L5-1,2.80756,41.9652,51
L5-1,2.8076,41.96518,52
L5-1,2.80765,41.96515,53
L5-1,2.8077,41.96513,54
L5-1,2.80775,41.96512,55
L5-1,2.8078,41.96512,56
L5-1,2.80785,41.96511,57
L5-1,2.8079,41.96512,58
L5-1,2.80795,41.96512,59
L5-1,2.808,41.96514,60
L5-1,2.80805,41.96515,61
L5-1,2.80809,41.96517,62
L5-1,2.80813,41.9652,63
L5-1,2.80818,41.96524,64
L5-1,2.80821,41.96528,65
L5-1,2.80823,41.96532,66
L5-1,2.80825,41.96536,67
L5-1,2.80826,41.9654,68
L5-1,2.80826,41.96544,69
L5-1,2.80825,41.96548,70
L5-1,2.80824,41.96552,71
L5-1,2.80821,41.96556,72
L5-1,2.80819,41.96559,73
L5-1,2.80817,41.96562,74
L5-1,2.80813,41.96564,75
L5-1,2.8081,41.96566,76
L5-1,2.80806,41.96568,77
L5-1,2.80802,41.9657,78
L5-1,2.80798,41.96571,79
L5-1,2.80794,41.96572,80
L5-1,2.80795,41.9659,81
L5-1,2.80796,41.96607,82
L5-1,2.80796,41.96624,83
L5-1,2.80786,41.96712,84
L5-1,2.80783,41.96745,85
L5-1,2.807904699745063,41.96794693719012,86
L5-1,2.807987239258687,41.96833296556008,87
L5-1,2.80811972465556,41.96871891087179,88
L5-1,2.808396699477218,41.96965355834248,89
L5-1,2.808694642919616,41.9704964534681,90
L5-1,2.808745399262884,41.97092427420176,91
L5-1,2.808845341738999,41.97094652624983,92
L5-1,2.808961410036552,41.9710060947591,93
L5-1,2.809018744748251,41.97108104274049,94
L5-1,2.80902,41.97117,95
L5-1,2.80901,41.9712,96
L5-1,2.809,41.97122,97
L5-1,2.80899,41.97124,98
L5-1,2.80897,41.97125,99
L5-1,2.80896,41.97127,100
L5-1,2.80894,41.97128,101
L5-1,2.80892,41.9713,102
L5-1,2.8089,41.97131,103
L5-1,2.80887,41.97132,104
L5-1,2.80887,41.97228,105
L5-1,2.80887,41.97282,106
L5-1,2.80888,41.97294,107
L5-1,2.80889,41.97322,108
L5-1,2.80966,41.97299,109
L5-1,2.80979,41.97295,110
L5-1,2.80983,41.97301,111
L5-1,2.80985,41.97304,112
L5-1,2.80987,41.97306,113
L5-1,2.80995,41.9731,114
L5-1,2.81013,41.97319,115
L5-1,2.81016,41.97326,116
L5-1,2.81017,41.9733,117
L5-1,2.81027,41.97358,118
L5-1,2.81032,41.97368,119
L5-1,2.81036,41.97379,120
L5-1,2.81045,41.97398,121
L5-1,2.8104,41.97404,122
L5-1,2.81019,41.97437,123
L5-1,2.81011,41.9745,124
L5-1,2.8101,41.9745,125
L5-1,2.81002,41.97457,126
L5-1,2.80997,41.97464,127
L5-1,2.80982,41.9748,128
L5-1,2.80975,41.97491,129
L5-1,2.80974,41.975,130
L5-1,2.80973,41.97507,131
L5-1,2.80972,41.97511,132
L5-1,2.80973,41.97515,133
L5-1,2.80973,41.9752,134
L5-1,2.80976,41.97529,135
L5-1,2.80979,41.97537,136
L5-1,2.80979,41.97538,137
L5-1,2.80985,41.9755,138
L5-1,2.80994,41.9756,139
L5-1,2.80997,41.97562,140
L5-1,2.81003,41.97568,141
L5-1,2.81016,41.97576,142
L5-1,2.81022,41.97579,143
L5-1,2.81034,41.97584,144
L5-1,2.81037,41.9758,145
L5-1,2.81052,41.97561,146
L5-1,2.81065,41.97542,147
L5-1,2.81068,41.97538,148
L5-1,2.81086,41.97513,149
L5-1,2.81104,41.9749,150
L5-1,2.81179,41.9752,151
L5-1,2.81198,41.97528,152
L5-1,2.8118,41.97554,153
L5-1,2.81265,41.97587,154
L5-1,2.81273,41.9759,155
L5-1,2.81282,41.97594,156
L5-1,2.81317,41.97609,157
L5-1,2.81318,41.97608,158
L5-1,2.81318,41.97607,159
L5-1,2.81319,41.97607,160
L5-1,2.8132,41.97607,161
L5-1,2.8132,41.97606,162
L5-1,2.81321,41.97606,163
L5-1,2.81322,41.97606,164
L5-1,2.81323,41.97606,165
L5-1,2.81324,41.97606,166
L5-1,2.81325,41.97606,167
L5-1,2.81326,41.97606,168
L5-1,2.81327,41.97606,169
L5-1,2.81327,41.97607,170
L5-1,2.81328,41.97607,171
L5-1,2.81329,41.97607,172
L5-1,2.81329,41.97608,173
L5-1,2.8133,41.97608,174
L5-1,2.8133,41.97609,175
L5-1,2.8133,41.9761,176
L5-1,2.8133,41.97611,177
L5-1,2.8133,41.97612,178
L5-1,2.8133,41.97613,179
L5-1,2.81329,41.97613,180
L5-1,2.81329,41.97614,181
L5-1,2.81328,41.97614,182
L5-1,2.81328,41.97615,183
L5-1,2.81327,41.97615,184
L5-1,2.81326,41.97615,185
L5-1,2.81325,41.97616,186
L5-1,2.81324,41.97616,187
L5-1,2.81323,41.97616,188
L5-1,2.81322,41.97616,189
L5-1,2.81328,41.97637,190
L5-1,2.81329,41.97639,191
L5-1,2.81334,41.97655,192
L5-1,2.81338,41.97663,193
L5-1,2.81343,41.9768,194
L5-1,2.81348,41.97695,195
L5-1,2.8137,41.97759,196
L5-1,2.81374,41.97772,197
L5-1,2.81375,41.97774,198
L5-1,2.81377,41.9778,199
L5-1,2.81399,41.97835,200
L5-1,2.81408,41.97858,201
L5-1,2.81413,41.97869,202
L5-1,2.81413,41.97878,203
L5-1,2.81411,41.97888,204
L5-1,2.81409,41.97892,205
L5-1,2.81404,41.97901,206
L5-1,2.81399,41.97907,207
L5-1,2.81395,41.97913,208
L5-1,2.81388,41.97924,209
L5-1,2.81377,41.97942,210
L5-1,2.81373,41.97948,211
L5-1,2.81333,41.98,212
L5-1,2.81357,41.9801,213
L5-1,2.81416,41.98035,214
L5-1,2.81427,41.98039,215
L5-1,2.81505,41.98073,216
L5-1,2.8154,41.98086,217
L5-1,2.8156,41.98094,218
L5-1,2.81569,41.98092,219
L5-1,2.81577,41.9809,220
L5-1,2.81589,41.98087,221
L5-1,2.81606,41.98082,222
L5-1,2.8162,41.98073,223
L5-1,2.81625,41.9807,224
L5-1,2.81633,41.98069,225
L5-1,2.81639,41.98068,226
L5-1,2.81646,41.98069,227
L5-1,2.81711,41.98088,228
L5-1,2.81728,41.98091,229
L5-1,2.81742,41.98094,230
L5-1,2.81752,41.98095,231
L5-1,2.81778,41.98088,232
L5-1,2.81787,41.98086,233
L5-1,2.81869,41.9807,234
L5-1,2.81928,41.9804,235
L5-1,2.81958,41.98024,236
L5-1,2.81972,41.98017,237
L5-1,2.81992,41.98007,238
L5-1,2.82013,41.97996,239
L5-1,2.82051,41.97977,240
L5-1,2.82093,41.97956,241
L5-1,2.82119,41.97942,242
L5-1,2.82124,41.97947,243
L5-1,2.82153,41.97977,244
L5-1,2.82181,41.98007,245
L5-1,2.82161,41.98019,246
L5-1,2.82096,41.98056,247
L5-1,2.82088,41.98061,248
L5-1,2.82076,41.98067,249
L5-1,2.82062,41.98077,250
L5-1,2.82049,41.98086,251
L5-1,2.82046,41.98089,252
L5-1,2.82046,41.9809,253
L5-1,2.82039,41.98097,254
L5-1,2.82035,41.98103,255
L5-1,2.82028,41.98117,256
L5-1,2.82024,41.98125,257
L5-1,2.82018,41.98139,258
L5-1,2.82014,41.9815,259
L5-1,2.82006,41.98175,260
L5-1,2.81991,41.98234,261
L5-1,2.81989,41.98244,262
L5-1,2.81986,41.9826,263
L5-1,2.81984,41.98268,264
L5-1,2.81983,41.98272,265
L5-1,2.81978,41.98301,266
L5-1,2.81976,41.98315,267
L5-1,2.81975,41.9832,268
L5-1,2.81974,41.9833,269
L5-1,2.81972,41.98344,270
L5-1,2.81973,41.98352,271
L5-1,2.81977,41.98361,272
L5-1,2.82038,41.98426,273
L5-1,2.82054,41.98443,274
L5-1,2.82055,41.98444,275
L5-1,2.82061,41.98449,276
L5-1,2.82072,41.98458,277
L5-1,2.821,41.98481,278
L5-1,2.82112,41.98491,279
L5-1,2.82134,41.98509,280
L5-1,2.82136,41.98512,281
L5-1,2.82142,41.98515,282
L5-1,2.82212,41.98565,283
L5-1,2.82212,41.98566,284
L5-1,2.82222,41.98569,285
L5-1,2.82237,41.98579,286
L5-1,2.82246,41.98585,287
L5-1,2.82251,41.98589,288
L5-1,2.82257,41.98595,289
L5-1,2.82259,41.98596,290
L5-1,2.8226,41.98596,291
L5-1,2.82261,41.98596,292
L5-1,2.82262,41.98596,293
L5-1,2.82262,41.98597,294
L5-1,2.82263,41.98597,295
L5-1,2.82264,41.98597,296
L5-1,2.82265,41.98598,297
L5-1,2.82266,41.98598,298
L5-1,2.82266,41.98599,299
L5-1,2.82267,41.98599,300
L5-1,2.82267,41.986,301
L5-1,2.82268,41.986,302
L5-1,2.82268,41.98601,303
L5-1,2.82269,41.98601,304
L5-1,2.82269,41.98602,305
L5-1,2.82269,41.98603,306
L5-1,2.8227,41.98603,307
L5-1,2.8227,41.98604,308
L5-1,2.8227,41.98605,309
L5-1,2.8227,41.98606,310
L5-1,2.8227,41.98607,311
L5-1,2.8227,41.98608,312
L5-1,2.8227,41.98609,313
L5-1,2.82269,41.9861,314
L5-1,2.82269,41.98611,315
L5-1,2.82268,41.98611,316
L5-1,2.82268,41.98612,317
L5-1,2.82267,41.98613,318
L5-1,2.82266,41.98614,319
L5-1,2.82265,41.98614,320
L5-1,2.82265,41.98615,321
L5-1,2.82264,41.98615,322
L5-1,2.82263,41.98615,323
L5-1,2.82262,41.98616,324
L5-1,2.82261,41.98616,325
L5-1,2.8226,41.98616,326
L5-1,2.82259,41.98617,327
L5-1,2.82258,41.98617,328
L5-1,2.82257,41.98617,329
L5-1,2.82256,41.98617,330
L5-1,2.82255,41.98617,331
L5-1,2.82254,41.98617,332
L5-1,2.82253,41.98617,333
L5-1,2.82242,41.98622,334
L5-1,2.82197,41.98646,335
L5-1,2.82193,41.98648,336
L5-1,2.82183,41.98653,337
L5-1,2.82164,41.9866,338
L5-1,2.82159,41.98662,339
L5-1,2.82164,41.98668,340
L5-1,2.82168,41.98675,341
L5-1,2.82173,41.98686,342
L5-1,2.8217,41.98692,343
L5-1,2.82166,41.98695,344
L5-1,2.82164,41.98697,345
L5-1,2.82161,41.98699,346
L5-1,2.82158,41.98701,347
L5-1,2.82154,41.98703,348
L5-1,2.82159,41.98722,349
L5-1,2.82192,41.98755,350
L5-1,2.8221,41.98771,351
L5-1,2.82234,41.98799,352
L5-1,2.82236,41.98808,353
L5-1,2.82238,41.9882,354
L5-1,2.82237,41.98836,355
L5-1,2.82235,41.9885,356
L5-1,2.82231,41.98863,357
L5-1,2.82228,41.9888,358
L5-1,2.82228,41.9889,359
L5-1,2.82229,41.98899,360
L5-1,2.82232,41.98899,361
L5-1,2.82236,41.989,362
L5-1,2.82239,41.98901,363
L5-1,2.82242,41.98903,364
L5-1,2.82245,41.98904,365
L5-1,2.82247,41.98906,366
L5-1,2.8225,41.98908,367
L5-1,2.82252,41.9891,368
L5-1,2.82252,41.98911,369
L5-1,2.82253,41.98911,370
L5-1,2.82253,41.98912,371
L5-1,2.82254,41.98912,372
L5-1,2.82254,41.98913,373
L5-1,2.82255,41.98914,374
L5-1,2.82256,41.98917,375
L5-1,2.82257,41.9892,376
L5-1,2.82258,41.98923,377
L5-1,2.82259,41.98926,378
L5-1,2.82259,41.98929,379
L5-1,2.82259,41.98932,380
L5-1,2.82258,41.98935,381
L5-1,2.82257,41.98938,382
L5-1,2.82257,41.98939,383
L5-1,2.82256,41.9894,384
L5-1,2.82255,41.98941,385
L5-1,2.82255,41.98942,386
L5-1,2.82254,41.98943,387
L5-1,2.82253,41.98944,388
L5-1,2.82253,41.98945,389
L5-1,2.82252,41.98945,390
L5-1,2.82251,41.98946,391
L5-1,2.8225,41.98947,392
L5-1,2.8225,41.98948,393
L5-1,2.82249,41.98948,394
L5-1,2.82248,41.98949,395
L5-1,2.82242,41.98953,396
L5-1,2.82237,41.98955,397
L5-1,2.82232,41.98957,398
L5-1,2.82226,41.98958,399
L5-1,2.82221,41.98958,400
L5-1,2.82215,41.98958,401
L5-1,2.82209,41.98957,402
L5-1,2.82204,41.98956,403
L5-1,2.82199,41.98954,404
L5-1,2.82081,41.99008,405
L5-1,2.82077,41.99022,406
L5-1,2.82067,41.9905,407
L5-1,2.82052,41.99088,408
L5-1,2.82047,41.99102,409
L5-1,2.82039,41.99124,410
L5-1,2.82011,41.99204,411
L5-1,2.81997,41.99242,412
L5-1,2.81996,41.99244,413
L5-1,2.81993,41.99251,414
L5-1,2.81993,41.99252,415
L5-1,2.81992,41.99255,416
L5-1,2.8199,41.99259,417
L5-1,2.81977,41.99296,418
L5-1,2.81973,41.99309,419
L5-1,2.8197,41.99317,420
L5-1,2.81966,41.99327,421
L5-1,2.8196,41.99345,422
L5-1,2.81958,41.99353,423
L5-1,2.81955,41.99363,424
L5-1,2.81953,41.99371,425
L5-1,2.8195,41.99381,426
L5-1,2.81947,41.99399,427
L5-1,2.81945,41.99416,428
L5-1,2.81944,41.99424,429
L5-1,2.81942,41.99436,430
L5-1,2.81942,41.99449,431
L5-1,2.81941,41.99462,432
L5-1,2.81938,41.99465,433
L5-1,2.81935,41.99471,434
L5-1,2.81931,41.99479,435
L5-1,2.81927,41.99482,436
L5-1,2.81921,41.99485,437
L5-1,2.81918,41.99485,438
L5-1,2.81912,41.99484,439
L5-1,2.81908,41.99482,440
L5-1,2.81905,41.9948,441
L5-1,2.81898,41.99474,442
L5-1,2.81892,41.99455,443
L5-1,2.8188,41.99405,444
L5-1,2.81873,41.99379,445
L5-1,2.81866,41.99351,446
L5-1,2.81862,41.9933,447
L5-1,2.81861,41.99327,448
L5-1,2.81842,41.99249,449
L5-1,2.81831,41.99232,450
L5-1,2.8183,41.99232,451
L5-1,2.81829,41.99232,452
L5-1,2.81828,41.99232,453
L5-1,2.81827,41.99232,454
L5-1,2.81826,41.99232,455
L5-1,2.81825,41.99232,456
L5-1,2.81824,41.99232,457
L5-1,2.81823,41.99232,458
L5-1,2.81822,41.99232,459
L5-1,2.81821,41.99231,460
L5-1,2.8182,41.99231,461
L5-1,2.81819,41.99231,462
L5-1,2.81818,41.9923,463
L5-1,2.81817,41.9923,464
L5-1,2.81816,41.99229,465
L5-1,2.81768,41.99226,466
L5-1,2.81759,41.99226,467
L5-1,2.81751,41.99227,468
L5-1,2.81712,41.99227,469
L5-1,2.81704,41.99227,470
L5-1,2.81693,41.99227,471
L5-1,2.81645,41.99227,472
L5-1,2.81559,41.9923,473
L5-1,2.81483,41.99231,474
L5-1,2.81479,41.99231,475
L5-1,2.81472,41.99231,476
L5-1,2.81385,41.99232,477
L5-1,2.81299,41.99236,478
L5-1,2.81244,41.99237,479
L5-1,2.81198,41.99236,480
L5-1,2.81197,41.99237,481
L5-1,2.81197,41.99238,482
L5-1,2.81197,41.99239,483
L5-1,2.81196,41.99239,484
L5-1,2.81196,41.9924,485
L5-1,2.81195,41.99241,486
L5-1,2.81195,41.99242,487
L5-1,2.81194,41.99243,488
L5-1,2.8119,41.99247,489
L5-1,2.81188,41.99248,490
L5-1,2.81185,41.9925,491
L5-1,2.81182,41.99251,492
L5-1,2.81179,41.99252,493
L5-1,2.81176,41.99253,494
L5-1,2.81173,41.99254,495
L5-1,2.81169,41.99254,496
L5-1,2.81159,41.99252,497
L5-1,2.81153,41.9925,498
L5-1,2.81151,41.99249,499
L5-1,2.81148,41.99248,500
L5-1,2.81144,41.99245,501
L5-1,2.81139,41.9924,502
L5-1,2.81134,41.99237,503
L5-1,2.81131,41.99235,504
L5-1,2.81125,41.99233,505
L5-1,2.81121,41.99231,506
L5-1,2.81111,41.99228,507
L5-1,2.81102,41.99227,508
L5-1,2.81078,41.99226,509
L5-1,2.81069,41.99226,510
L5-1,2.81061,41.99226,511
L5-1,2.8102,41.99226,512
L5-1,2.80984,41.99227,513
L5-1,2.80956,41.99226,514
L5-1,2.80949,41.99227,515
L5-1,2.80944,41.99228,516
L5-1,2.80938,41.9923,517
L5-1,2.80933,41.99231,518
L5-1,2.80929,41.99232,519
L5-1,2.80926,41.99234,520
L5-1,2.80923,41.99236,521
L5-1,2.8092,41.99239,522
L5-1,2.80919,41.9924,523
L5-1,2.80918,41.99241,524
L5-1,2.80916,41.99242,525
L5-1,2.80915,41.99243,526
L5-1,2.80913,41.99244,527
L5-1,2.80911,41.99244,528
L5-1,2.8091,41.99245,529
L5-1,2.80908,41.99245,530
L5-1,2.80906,41.99246,531
L5-1,2.80904,41.99246,532
L5-1,2.80899,41.99251,533
L5-1,2.80896,41.99254,534
L5-1,2.80892,41.99257,535
L5-1,2.80889,41.99262,536
L5-1,2.80886,41.99267,537
L5-1,2.80884,41.99269,538
L5-1,2.80884,41.9927,539
L5-1,2.80864,41.99322,540
L5-1,2.80862,41.99326,541
L5-1,2.80856,41.99345,542
L5-1,2.80854,41.99349,543
L5-1,2.8084,41.9937,544
L5-1,2.80836,41.99376,545
L5-1,2.80828,41.99384,546
L5-1,2.80824,41.99387,547
L5-1,2.80817,41.99391,548
L5-1,2.80807,41.99397,549
L5-1,2.80801,41.99399,550
L5-1,2.80791,41.99403,551
L5-1,2.80785,41.99404,552
L5-1,2.80779,41.99406,553
L5-1,2.80772,41.99407,554
L5-1,2.80749,41.99408,555
L5-1,2.80735,41.99409,556
L5-1,2.80729,41.9941,557
L5-1,2.80719,41.99405,558
L5-1,2.80653,41.99369,559
L5-1,2.80589,41.99334,560
L5-1,2.80563,41.9932,561
L5-1,2.80535,41.99303,562
L5-1,2.80519,41.99294,563
L5-1,2.805,41.99282,564
L5-1,2.80469,41.99265,565
L5-1,2.80449,41.99254,566
L5-1,2.80438,41.9925,567
L5-1,2.80431,41.99248,568
L5-1,2.80415,41.99243,569
L5-1,2.80338,41.99231,570
L5-1,2.80262,41.99219,571
L5-1,2.80187,41.99205,572
L5-1,2.80148,41.99334,573
L5-1,2.80149,41.99335,574
L5-1,2.8015,41.99336,575
L5-1,2.80151,41.99337,576
L5-1,2.80152,41.99338,577
L5-1,2.80153,41.99339,578
L5-1,2.80154,41.9934,579
L5-1,2.80155,41.99341,580
L5-1,2.80155,41.99342,581
L5-1,2.80156,41.99344,582
L5-1,2.80156,41.99345,583
L5-1,2.80156,41.99346,584
L5-1,2.80156,41.99347,585
L5-1,2.80156,41.99349,586
L5-1,2.80156,41.9935,587
L5-1,2.80156,41.99351,588
L5-1,2.80155,41.99353,589
L5-1,2.80155,41.99354,590
L5-1,2.80154,41.99355,591
L5-1,2.80153,41.99356,592
L5-1,2.80152,41.99357,593
L5-1,2.80194,41.99417,594
L5-1,2.80196,41.99417,595
L5-1,2.80204,41.99416,596
L5-1,2.80214,41.99415,597
L5-1,2.80225,41.99416,598
L5-1,2.80232,41.99417,599
L5-1,2.8024,41.9942,600
L5-1,2.80249,41.99423,601
L5-1,2.80256,41.99427,602
L5-1,2.80262,41.99431,603
L5-1,2.80268,41.99436,604
L5-1,2.80274,41.99444,605
L5-1,2.80279,41.99455,606
L5-1,2.80284,41.99469,607
L5-1,2.80328,41.99463,608
L5-1,2.8034,41.99462,609
L5-1,2.80361,41.99459,610
L5-1,2.80374,41.99457,611
L5-1,2.8038,41.99456,612
L5-1,2.80402,41.99453,613
L5-1,2.80401,41.99466,614
L5-1,2.80401,41.99473,615
L5-1,2.80398,41.99484,616
L5-1,2.80391,41.99513,617
L5-1,2.80389,41.99527,618
L5-1,2.80387,41.99533,619
L5-1,2.80385,41.99539,620
L5-1,2.80378,41.99551,621
L5-1,2.80374,41.99555,622
L5-1,2.8037,41.9956,623
L5-1,2.80366,41.99563,624
L5-1,2.8036,41.99568,625
L5-1,2.80354,41.99572,626
L5-1,2.80333,41.99584,627
L5-1,2.80317,41.99594,628
L5-1,2.80301,41.99603,629
L5-1,2.80295,41.99606,630
L5-1,2.80292,41.99608,631
L5-1,2.80291,41.99608,632
L5-1,2.80281,41.99614,633
L5-1,2.80268,41.99624,634
L5-1,2.802620023625033,41.99634277412309,635
L5-1,2.802563324542364,41.99641901151223,636
L5-1,2.802469821143361,41.99656234072099,637
L5-1,2.80238122064842,41.99673209465673,638
L5-1,2.802283060171613,41.99684725307821,639
L5-301,2.76032,41.93799,2
L5-301,2.76023,41.93796,3
L5-301,2.76019,41.93795,4
L5-301,2.76031,41.9377,5
L5-301,2.76047,41.93746,6
L5-301,2.76068,41.9371,7
L5-301,2.76097,41.9372,8
L5-301,2.76104,41.93723,9
L5-301,2.76106,41.93724,10
L5-301,2.76114,41.93728,11
L5-301,2.76165,41.93744,12
L5-301,2.76205,41.93759,13
L5-301,2.76217,41.93763,14
L5-301,2.76272,41.93781,15
L5-301,2.76319,41.93798,16
L5-301,2.76334,41.93804,17
L5-301,2.76345,41.93804,18
L5-301,2.7636,41.93809,19
L5-301,2.7638,41.93816,20
L5-301,2.76409,41.93826,21
L5-301,2.76422,41.93831,22
L5-301,2.76484,41.9385,23
L5-301,2.76495,41.93851,24
L5-301,2.76498,41.93851,25
L5-301,2.76524,41.93853,26
L5-301,2.76524,41.93852,27
L5-301,2.76525,41.93851,28
L5-301,2.76526,41.93851,29
L5-301,2.76527,41.9385,30
L5-301,2.76527,41.93849,31
L5-301,2.76528,41.93849,32
L5-301,2.76529,41.93848,33
L5-301,2.7653,41.93848,34
L5-301,2.76531,41.93847,35
L5-301,2.76532,41.93847,36
L5-301,2.76533,41.93847,37
L5-301,2.76534,41.93846,38
L5-301,2.76536,41.93846,39
L5-301,2.76537,41.93846,40
L5-301,2.76538,41.93846,41
L5-301,2.76539,41.93846,42
L5-301,2.7654,41.93846,43
L5-301,2.76541,41.93846,44
L5-301,2.76543,41.93846,45
L5-301,2.76544,41.93846,46
L5-301,2.76545,41.93846,47
L5-301,2.76546,41.93847,48
L5-301,2.76547,41.93847,49
L5-301,2.76548,41.93847,50
L5-301,2.76549,41.93848,51
L5-301,2.7655,41.93848,52
L5-301,2.76551,41.93849,53
L5-301,2.76552,41.93849,54
L5-301,2.76553,41.9385,55
L5-301,2.76554,41.9385,56
L5-301,2.76554,41.93851,57
L5-301,2.76555,41.93852,58
L5-301,2.76556,41.93852,59
L5-301,2.76556,41.93853,60
L5-301,2.76557,41.93854,61
L5-301,2.76557,41.93855,62
L5-301,2.76558,41.93856,63
L5-301,2.76583,41.93856,64
L5-301,2.76597,41.93858,65
L5-301,2.76613,41.93856,66
L5-301,2.76632,41.93855,67
L5-301,2.76642,41.93855,68
L5-301,2.76741,41.9385,69
L5-301,2.77052,41.93837,70
L5-301,2.77142,41.93834,71
L5-301,2.77227,41.9383,72
L5-301,2.77307,41.93828,73
L5-301,2.77379,41.93824,74
L5-301,2.77433,41.93822,75
L5-301,2.77445,41.93821,76
L5-301,2.77523,41.93818,77
L5-301,2.77555,41.93817,78
L5-301,2.77573,41.93815,79
L5-301,2.77588,41.93814,80
L5-301,2.7766,41.93811,81
L5-301,2.77716,41.93808,82
L5-301,2.77721,41.93808,83
L5-301,2.77765,41.93806,84
L5-301,2.7779,41.93805,85
L5-301,2.77832,41.93803,86
L5-301,2.77896,41.938,87
L5-301,2.77899,41.93801,88
L5-301,2.77903,41.93802,89
L5-301,2.77924,41.93802,90
L5-301,2.77969,41.93804,91
L5-301,2.78018,41.93811,92
L5-301,2.78077,41.93832,93
L5-301,2.78091,41.93837,94
L5-301,2.78138,41.93866,95
L5-301,2.7815,41.93874,96
L5-301,2.78186,41.93898,97
L5-301,2.7823,41.93929,98
L5-301,2.78261,41.93945,99
L5-301,2.78262,41.93944,100
L5-301,2.78264,41.93943,101
L5-301,2.78265,41.93942,102
L5-301,2.78267,41.93941,103
L5-301,2.78268,41.9394,104
L5-301,2.7827,41.93939,105
L5-301,2.78271,41.93938,106
L5-301,2.78273,41.93938,107
L5-301,2.78277,41.93936,108
L5-301,2.78282,41.93935,109
L5-301,2.78287,41.93934,110
L5-301,2.78291,41.93934,111
L5-301,2.78296,41.93934,112
L5-301,2.78301,41.93935,113
L5-301,2.78306,41.93936,114
L5-301,2.7831,41.93938,115
L5-301,2.78312,41.93938,116
L5-301,2.78314,41.93939,117
L5-301,2.78316,41.93941,118
L5-301,2.78319,41.93942,119
L5-301,2.78321,41.93943,120
L5-301,2.78322,41.93945,121
L5-301,2.78324,41.93946,122
L5-301,2.78326,41.93948,123
L5-301,2.78327,41.9395,124
L5-301,2.78331,41.93954,125
L5-301,2.78334,41.93958,126
L5-301,2.78335,41.93963,127
L5-301,2.78336,41.93968,128
L5-301,2.78336,41.93973,129
L5-301,2.78334,41.93977,130
L5-301,2.78332,41.93982,131
L5-301,2.78327,41.93987,132
L5-301,2.78319,41.93993,133
L5-301,2.78318,41.93994,134
L5-301,2.78315,41.93996,135
L5-301,2.78312,41.93999,136
L5-301,2.78309,41.94,137
L5-301,2.78305,41.94002,138
L5-301,2.78302,41.94002,139
L5-301,2.78299,41.94003,140
L5-301,2.78296,41.94003,141
L5-301,2.78293,41.94003,142
L5-301,2.7829,41.94003,143
L5-301,2.78287,41.94003,144
L5-301,2.78284,41.94003,145
L5-301,2.78281,41.94003,146
L5-301,2.78279,41.94002,147
L5-301,2.78277,41.94001,148
L5-301,2.78276,41.94001,149
L5-301,2.78274,41.94,150
L5-301,2.78272,41.93999,151
L5-301,2.7827,41.93998,152
L5-301,2.78269,41.93997,153
L5-301,2.78267,41.93996,154
L5-301,2.78239,41.94011,155
L5-301,2.78232,41.94016,156
L5-301,2.78136,41.94096,157
L5-301,2.78071,41.9415,158
L5-301,2.78053,41.94165,159
L5-301,2.7797,41.94233,160
L5-301,2.77996,41.94255,161
L5-301,2.78031,41.94278,162
L5-301,2.78128,41.94343,163
L5-301,2.78129,41.94344,164
L5-301,2.78154,41.94362,165
L5-301,2.78186,41.94384,166
L5-301,2.78209,41.94402,167
L5-301,2.78223,41.94416,168
L5-301,2.78241,41.94433,169
L5-301,2.78375,41.94524,170
L5-301,2.78395,41.94532,171
L5-301,2.7844,41.94547,172
L5-301,2.78517,41.94571,173
L5-301,2.78521,41.94573,174
L5-301,2.78527,41.94575,175
L5-301,2.78536,41.9458,176
L5-301,2.78549,41.94588,177
L5-301,2.78558,41.94594,178
L5-301,2.78563,41.94598,179
L5-301,2.78567,41.946,180
L5-301,2.78601,41.94597,181
L5-301,2.7863,41.94595,182
L5-301,2.78674,41.94593,183
L5-301,2.78701,41.94589,184
L5-301,2.78709,41.94587,185
L5-301,2.78716,41.94586,186
L5-301,2.78717,41.94585,187
L5-301,2.78725,41.94583,188
L5-301,2.78729,41.94582,189
L5-301,2.78732,41.9458,190
L5-301,2.78735,41.94578,191
L5-301,2.78736,41.94575,192
L5-301,2.78738,41.94571,193
L5-301,2.78736,41.94565,194
L5-301,2.78734,41.9456,195
L5-301,2.78733,41.94554,196
L5-301,2.78732,41.94546,197
L5-301,2.78732,41.94542,198
L5-301,2.78734,41.94532,199
L5-301,2.78734,41.9453,200
L5-301,2.78734,41.9451,201
L5-301,2.78735,41.94509,202
L5-301,2.78746,41.94478,203
L5-301,2.78755,41.94446,204
L5-301,2.78769,41.94398,205
L5-301,2.78784,41.94345,206
L5-301,2.78794,41.94326,207
L5-301,2.78795,41.94325,208
L5-301,2.78797,41.94325,209
L5-301,2.78799,41.94325,210
L5-301,2.788,41.94324,211
L5-301,2.78802,41.94323,212
L5-301,2.78803,41.94323,213
L5-301,2.78804,41.94322,214
L5-301,2.78806,41.94321,215
L5-301,2.78807,41.9432,216
L5-301,2.78808,41.94319,217
L5-301,2.78809,41.94318,218
L5-301,2.7881,41.94317,219
L5-301,2.7881,41.94316,220
L5-301,2.78811,41.94315,221
L5-301,2.78812,41.94313,222
L5-301,2.78812,41.94312,223
L5-301,2.78812,41.94311,224
L5-301,2.78812,41.9431,225
L5-301,2.78812,41.94308,226
L5-301,2.78812,41.94307,227
L5-301,2.78812,41.94306,228
L5-301,2.78811,41.94305,229
L5-301,2.78811,41.94303,230
L5-301,2.7881,41.94302,231
L5-301,2.7881,41.94301,232
L5-301,2.78809,41.943,233
L5-301,2.78808,41.94299,234
L5-301,2.78807,41.94298,235
L5-301,2.78806,41.94297,236
L5-301,2.78803,41.94296,237
L5-301,2.78802,41.94295,238
L5-301,2.788,41.94294,239
L5-301,2.78799,41.94294,240
L5-301,2.78797,41.94293,241
L5-301,2.78796,41.94293,242
L5-301,2.78794,41.94293,243
L5-301,2.78792,41.94292,244
L5-301,2.78791,41.94292,245
L5-301,2.78789,41.94292,246
L5-301,2.78787,41.94292,247
L5-301,2.78786,41.94292,248
L5-301,2.78784,41.94293,249
L5-301,2.78782,41.94293,250
L5-301,2.78781,41.94294,251
L5-301,2.78779,41.94294,252
L5-301,2.78778,41.94295,253
L5-301,2.78777,41.94295,254
L5-301,2.78775,41.94296,255
L5-301,2.78774,41.94297,256
L5-301,2.78773,41.94297,257
L5-301,2.78772,41.94298,258
L5-301,2.78771,41.94299,259
L5-301,2.7877,41.943,260
L5-301,2.7877,41.94301,261
L5-301,2.78769,41.94302,262
L5-301,2.78768,41.94304,263
L5-301,2.78768,41.94305,264
L5-301,2.78767,41.94306,265
L5-301,2.78767,41.94307,266
L5-301,2.78767,41.94309,267
L5-301,2.78767,41.9431,268
L5-301,2.78767,41.94311,269
L5-301,2.78767,41.94312,270
L5-301,2.78768,41.94314,271
L5-301,2.78768,41.94315,272
L5-301,2.78769,41.94316,273
L5-301,2.7877,41.94317,274
L5-301,2.7877,41.94318,275
L5-301,2.78771,41.94319,276
L5-301,2.78773,41.9432,277
L5-301,2.78774,41.94321,278
L5-301,2.78775,41.94322,279
L5-301,2.78776,41.94323,280
L5-301,2.78778,41.94323,281
L5-301,2.78779,41.94325,282
L5-301,2.78784,41.94345,283
L5-301,2.78769,41.94398,284
L5-301,2.78755,41.94446,285
L5-301,2.78746,41.94478,286
L5-301,2.78735,41.94509,287
L5-301,2.78734,41.9451,288
L5-301,2.78734,41.9453,289
L5-301,2.78734,41.94532,290
L5-301,2.78732,41.94542,291
L5-301,2.78732,41.94546,292
L5-301,2.78733,41.94554,293
L5-301,2.78734,41.9456,294
L5-301,2.78736,41.94565,295
L5-301,2.78738,41.94571,296
L5-301,2.78741,41.94577,297
L5-301,2.78745,41.94584,298
L5-301,2.78752,41.94593,299
L5-301,2.78757,41.94599,300
L5-301,2.78764,41.94605,301
L5-301,2.78781,41.94616,302
L5-301,2.78796,41.94625,303
L5-301,2.78804,41.94629,304
L5-301,2.78822,41.94637,305
L5-301,2.78838,41.94642,306
L5-301,2.78851,41.94646,307
L5-301,2.78864,41.9465,308
L5-301,2.78879,41.94654,309
L5-301,2.78889,41.94657,310
L5-301,2.78927,41.94671,311
L5-301,2.78936,41.94674,312
L5-301,2.7896,41.94688,313
L5-301,2.78985,41.94708,314
L5-301,2.78999,41.94721,315
L5-301,2.79174,41.94899,316
L5-301,2.79201,41.94924,317
L5-301,2.79295,41.95015,318
L5-301,2.79304,41.95014,319
L5-301,2.79305,41.95014,320
L5-301,2.79306,41.95015,321
L5-301,2.79307,41.95015,322
L5-301,2.7931,41.95018,323
L5-301,2.79311,41.95019,324
L5-301,2.79316,41.95025,325
L5-301,2.79326,41.95034,326
L5-301,2.7934,41.95048,327
L5-301,2.79374,41.95081,328
L5-301,2.79485,41.95193,329
L5-301,2.79488,41.95198,330
L5-301,2.7949,41.95203,331
L5-301,2.7949,41.95209,332
L5-301,2.79503,41.95224,333
L5-301,2.79513,41.9523,334
L5-301,2.79522,41.95236,335
L5-301,2.79524,41.95235,336
L5-301,2.79526,41.95235,337
L5-301,2.79529,41.95234,338
L5-301,2.79531,41.95234,339
L5-301,2.79534,41.95233,340
L5-301,2.79537,41.95233,341
L5-301,2.79539,41.95234,342
L5-301,2.79542,41.95234,343
L5-301,2.79544,41.95234,344
L5-301,2.79547,41.95235,345
L5-301,2.79549,41.95236,346
L5-301,2.79552,41.95237,347
L5-301,2.79553,41.95238,348
L5-301,2.79555,41.95239,349
L5-301,2.79556,41.9524,350
L5-301,2.79557,41.95241,351
L5-301,2.79558,41.95242,352
L5-301,2.79559,41.95243,353
L5-301,2.7956,41.95244,354
L5-301,2.79561,41.95245,355
L5-301,2.79562,41.95247,356
L5-301,2.79562,41.95248,357
L5-301,2.79563,41.9525,358
L5-301,2.79564,41.95252,359
L5-301,2.79564,41.95254,360
L5-301,2.79564,41.95256,361
L5-301,2.79564,41.95257,362
L5-301,2.79563,41.95259,363
L5-301,2.79562,41.95261,364
L5-301,2.79561,41.95263,365
L5-301,2.7956,41.95265,366
L5-301,2.79558,41.95267,367
L5-301,2.79564,41.95284,368
L5-301,2.79569,41.95288,369
L5-301,2.79577,41.95297,370
L5-301,2.79584,41.95298,371
L5-301,2.79588,41.953,372
L5-301,2.79592,41.95303,373
L5-301,2.79599,41.95306,374
L5-301,2.79611,41.95318,375
L5-301,2.79616,41.95325,376
L5-301,2.79625,41.95333,377
L5-301,2.79648,41.95354,378
L5-301,2.7967,41.95377,379
L5-301,2.79673,41.95379,380
L5-301,2.79692,41.95399,381
L5-301,2.79713,41.95419,382
L5-301,2.79716,41.95422,383
L5-301,2.79733,41.9544,384
L5-301,2.79739,41.95445,385
L5-301,2.79755,41.95461,386
L5-301,2.79762,41.95468,387
L5-301,2.79787,41.95495,388
L5-301,2.79793,41.95501,389
L5-301,2.79814,41.95521,390
L5-301,2.79817,41.95524,391
L5-301,2.79852,41.95558,392
L5-301,2.79872,41.95578,393
L5-301,2.79879,41.95587,394
L5-301,2.79881,41.95591,395
L5-301,2.79882,41.95594,396
L5-301,2.79882,41.95602,397
L5-301,2.79885,41.95605,398
L5-301,2.79906,41.95617,399
L5-301,2.79907,41.95617,400
L5-301,2.79908,41.95617,401
L5-301,2.79909,41.95616,402
L5-301,2.7991,41.95616,403
L5-301,2.79911,41.95616,404
L5-301,2.79913,41.95616,405
L5-301,2.79915,41.95616,406
L5-301,2.79917,41.95616,407
L5-301,2.79919,41.95615,408
L5-301,2.7992,41.95615,409
L5-301,2.79922,41.95615,410
L5-301,2.79923,41.95615,411
L5-301,2.79925,41.95615,412
L5-301,2.79926,41.95616,413
L5-301,2.79928,41.95616,414
L5-301,2.79929,41.95616,415
L5-301,2.7993,41.95617,416
L5-301,2.79931,41.95618,417
L5-301,2.79939,41.95625,418
L5-301,2.7994,41.95626,419
L5-301,2.79942,41.95628,420
L5-301,2.79942,41.9563,421
L5-301,2.79943,41.95632,422
L5-301,2.79943,41.95634,423
L5-301,2.79943,41.95636,424
L5-301,2.79942,41.95638,425
L5-301,2.79941,41.95641,426
L5-301,2.79941,41.95642,427
L5-301,2.79941,41.95643,428
L5-301,2.7994,41.95644,429
L5-301,2.7994,41.95645,430
L5-301,2.79939,41.95646,431
L5-301,2.79939,41.95647,432
L5-301,2.79938,41.95648,433
L5-301,2.79946,41.95663,434
L5-301,2.79954,41.9567,435
L5-301,2.79955,41.95671,436
L5-301,2.79982,41.95696,437
L5-301,2.80006,41.95721,438
L5-301,2.8003,41.95745,439
L5-301,2.80031,41.95746,440
L5-301,2.80043,41.95757,441
L5-301,2.8006,41.95766,442
L5-301,2.80063,41.95765,443
L5-301,2.80066,41.95765,444
L5-301,2.80069,41.95764,445
L5-301,2.80072,41.95764,446
L5-301,2.80074,41.95764,447
L5-301,2.80077,41.95764,448
L5-301,2.8008,41.95765,449
L5-301,2.80083,41.95765,450
L5-301,2.80086,41.95767,451
L5-301,2.8009,41.95768,452
L5-301,2.80093,41.95771,453
L5-301,2.80096,41.95773,454
L5-301,2.80098,41.95775,455
L5-301,2.801,41.95778,456
L5-301,2.80101,41.95781,457
L5-301,2.80102,41.95784,458
L5-301,2.80102,41.95786,459
L5-301,2.80102,41.95787,460
L5-301,2.80102,41.95789,461
L5-301,2.80102,41.95791,462
L5-301,2.80101,41.95792,463
L5-301,2.80101,41.95794,464
L5-301,2.801,41.95796,465
L5-301,2.80099,41.95797,466
L5-301,2.80098,41.95798,467
L5-301,2.80098,41.95799,468
L5-301,2.80097,41.95799,469
L5-301,2.80096,41.958,470
L5-301,2.80096,41.95801,471
L5-301,2.80095,41.95801,472
L5-301,2.80094,41.95802,473
L5-301,2.80094,41.95803,474
L5-301,2.80101,41.9581,475
L5-301,2.8011,41.9582,476
L5-301,2.80113,41.95827,477
L5-301,2.80148,41.95862,478
L5-301,2.80168,41.95882,479
L5-301,2.80172,41.95886,480
L5-301,2.80193,41.95906,481
L5-301,2.80197,41.9591,482
L5-301,2.80205,41.95918,483
L5-301,2.80219,41.95932,484
L5-301,2.80232,41.95946,485
L5-301,2.80243,41.95957,486
L5-301,2.80244,41.95956,487
L5-301,2.80245,41.95956,488
L5-301,2.80246,41.95955,489
L5-301,2.80247,41.95955,490
L5-301,2.80248,41.95954,491
L5-301,2.80249,41.95954,492
L5-301,2.8025,41.95953,493
L5-301,2.80251,41.95953,494
L5-301,2.80253,41.95952,495
L5-301,2.80255,41.95951,496
L5-301,2.80257,41.95951,497
L5-301,2.80259,41.9595,498
L5-301,2.80261,41.9595,499
L5-301,2.80263,41.95949,500
L5-301,2.80265,41.95949,501
L5-301,2.80267,41.95949,502
L5-301,2.80277,41.9595,503
L5-301,2.80282,41.95952,504
L5-301,2.80287,41.95954,505
L5-301,2.80288,41.95954,506
L5-301,2.80292,41.95957,507
L5-301,2.80296,41.9596,508
L5-301,2.80297,41.9596,509
L5-301,2.803,41.95963,510
L5-301,2.80302,41.95967,511
L5-301,2.80304,41.95971,512
L5-301,2.80305,41.95975,513
L5-301,2.80305,41.95979,514
L5-301,2.80305,41.95983,515
L5-301,2.80304,41.95986,516
L5-301,2.80303,41.95989,517
L5-301,2.80301,41.95993,518
L5-301,2.80299,41.95996,519
L5-301,2.80296,41.95999,520
L5-301,2.80294,41.96002,521
L5-301,2.8029,41.96004,522
L5-301,2.80302,41.96018,523
L5-301,2.8032,41.96025,524
L5-301,2.80336,41.96035,525
L5-301,2.80347,41.96044,526
L5-301,2.80352,41.96048,527
L5-301,2.80414,41.9611,528
L5-301,2.80607,41.963,529
L5-301,2.80679,41.96372,530
L5-301,2.80712,41.96405,531
L5-301,2.80754,41.96455,532
L5-301,2.80795,41.96512,533
L5-301,2.808,41.96514,534
L5-301,2.80805,41.96515,535
L5-301,2.80809,41.96517,536
L5-301,2.80813,41.9652,537
L5-301,2.80818,41.96524,538
L5-301,2.80821,41.96528,539
L5-301,2.80823,41.96532,540
L5-301,2.80825,41.96536,541
L5-301,2.80826,41.9654,542
L5-301,2.80826,41.96544,543
L5-301,2.80825,41.96548,544
L5-301,2.80824,41.96552,545
L5-301,2.80821,41.96556,546
L5-301,2.80819,41.96559,547
L5-301,2.80817,41.96562,548
L5-301,2.80813,41.96564,549
L5-301,2.8081,41.96566,550
L5-301,2.80806,41.96568,551
L5-301,2.80802,41.9657,552
L5-301,2.80798,41.96571,553
L5-301,2.80794,41.96572,554
L5-301,2.80795,41.9659,555
L5-301,2.80796,41.96607,556
L5-301,2.80796,41.96624,557
L5-301,2.80796,41.96625,558
L5-301,2.80796,41.96625,559
L5-301,2.80786,41.96712,560
L5-301,2.80783,41.96745,561
L5-301,2.807929089540606,41.96807738028558,562
L5-301,2.807975901089723,41.96829359040404,563
L5-301,2.808092485294833,41.96868366335233,564
L5-301,2.808279309102817,41.96927085170009,565
L5-301,2.808528000467259,41.97003196486165,566
L5-301,2.808708666236723,41.97056054562376,567
L5-301,2.808720781465643,41.97090946911982,568
L5-301,2.808771048338587,41.97090947215153,569
L5-301,2.808953358038404,41.97099117121471,570
L5-301,2.80902,41.97117,571
L5-301,2.80901,41.9712,572
L5-301,2.809,41.97122,573
L5-301,2.80899,41.97124,574
L5-301,2.80897,41.97125,575
L5-301,2.80896,41.97127,576
L5-301,2.80894,41.97128,577
L5-301,2.80892,41.9713,578
L5-301,2.8089,41.97131,579
L5-301,2.80887,41.97132,580
L5-301,2.80887,41.97228,581
L5-301,2.80887,41.97282,582
L5-301,2.80888,41.97294,583
L5-301,2.80889,41.97322,584
L5-301,2.80961,41.97301,585
L5-301,2.80966,41.97299,586
L5-301,2.80979,41.97295,587
L5-301,2.80983,41.97301,588
L5-301,2.80985,41.97304,589
L5-301,2.80987,41.97306,590
L5-301,2.80995,41.9731,591
L5-301,2.81013,41.97319,592
L5-301,2.81016,41.97326,593
L5-301,2.81017,41.9733,594
L5-301,2.81027,41.97358,595
L5-301,2.81032,41.97368,596
L5-301,2.81036,41.97379,597
L5-301,2.81045,41.97398,598
L5-301,2.8104,41.97404,599
L5-301,2.81011,41.9745,600
L5-301,2.8101,41.9745,601
L5-301,2.81002,41.97457,602
L5-301,2.80997,41.97464,603
L5-301,2.80982,41.9748,604
L5-301,2.80975,41.97491,605
L5-301,2.80974,41.975,606
L5-301,2.80973,41.97507,607
L5-301,2.80972,41.97511,608
L5-301,2.80973,41.97515,609
L5-301,2.80973,41.9752,610
L5-301,2.80976,41.97529,611
L5-301,2.80979,41.97537,612
L5-301,2.80979,41.97538,613
L5-301,2.80985,41.9755,614
L5-301,2.80994,41.9756,615
L5-301,2.80997,41.97562,616
L5-301,2.81003,41.97568,617
L5-301,2.81016,41.97576,618
L5-301,2.81022,41.97579,619
L5-301,2.81034,41.97584,620
L5-301,2.81037,41.9758,621
L5-301,2.81052,41.97561,622
L5-301,2.81065,41.97542,623
L5-301,2.81068,41.97538,624
L5-301,2.81086,41.97513,625
L5-301,2.81104,41.9749,626
L5-301,2.81179,41.9752,627
L5-301,2.81198,41.97528,628
L5-301,2.8118,41.97554,629
L5-301,2.81265,41.97587,630
L5-301,2.81273,41.9759,631
L5-301,2.81282,41.97594,632
L5-301,2.81296,41.976,633
L5-301,2.81317,41.97609,634
L5-301,2.81318,41.97608,635
L5-301,2.81318,41.97607,636
L5-301,2.81319,41.97607,637
L5-301,2.8132,41.97607,638
L5-301,2.8132,41.97606,639
L5-301,2.81321,41.97606,640
L5-301,2.81322,41.97606,641
L5-301,2.81323,41.97606,642
L5-301,2.81324,41.97606,643
L5-301,2.81325,41.97606,644
L5-301,2.81326,41.97606,645
L5-301,2.81327,41.97606,646
L5-301,2.81327,41.97607,647
L5-301,2.81328,41.97607,648
L5-301,2.81329,41.97607,649
L5-301,2.81329,41.97608,650
L5-301,2.8133,41.97608,651
L5-301,2.8133,41.97609,652
L5-301,2.8133,41.9761,653
L5-301,2.8133,41.97611,654
L5-301,2.8133,41.97612,655
L5-301,2.8133,41.97613,656
L5-301,2.81329,41.97613,657
L5-301,2.81329,41.97614,658
L5-301,2.81328,41.97614,659
L5-301,2.81328,41.97615,660
L5-301,2.81327,41.97615,661
L5-301,2.81326,41.97615,662
L5-301,2.81325,41.97616,663
L5-301,2.81324,41.97616,664
L5-301,2.81323,41.97616,665
L5-301,2.81322,41.97616,666
L5-301,2.81328,41.97637,667
L5-301,2.81329,41.97639,668
L5-301,2.81334,41.97655,669
L5-301,2.81338,41.97663,670
L5-301,2.81343,41.9768,671
L5-301,2.81348,41.97695,672
L5-301,2.8137,41.97759,673
L5-301,2.81374,41.97772,674
L5-301,2.81375,41.97774,675
L5-301,2.81377,41.9778,676
L5-301,2.81399,41.97835,677
L5-301,2.81408,41.97858,678
L5-301,2.81413,41.97869,679
L5-301,2.81413,41.97878,680
L5-301,2.81411,41.97888,681
L5-301,2.81409,41.97892,682
L5-301,2.81404,41.97901,683
L5-301,2.81399,41.97907,684
L5-301,2.81395,41.97913,685
L5-301,2.81388,41.97924,686
L5-301,2.81377,41.97942,687
L5-301,2.81373,41.97948,688
L5-301,2.81333,41.98,689
L5-301,2.81357,41.9801,690
L5-301,2.81416,41.98035,691
L5-301,2.81427,41.98039,692
L5-301,2.81505,41.98073,693
L5-301,2.8154,41.98086,694
L5-301,2.8156,41.98094,695
L5-301,2.81569,41.98092,696
L5-301,2.81577,41.9809,697
L5-301,2.81589,41.98087,698
L5-301,2.81606,41.98082,699
L5-301,2.8162,41.98073,700
L5-301,2.81625,41.9807,701
L5-301,2.81633,41.98069,702
L5-301,2.81639,41.98068,703
L5-301,2.81646,41.98069,704
L5-301,2.81711,41.98088,705
L5-301,2.81728,41.98091,706
L5-301,2.81742,41.98094,707
L5-301,2.81752,41.98095,708
L5-301,2.81778,41.98088,709
L5-301,2.81787,41.98086,710
L5-301,2.81869,41.9807,711
L5-301,2.81928,41.9804,712
L5-301,2.81958,41.98024,713
L5-301,2.81972,41.98017,714
L5-301,2.81992,41.98007,715
L5-301,2.82013,41.97996,716
L5-301,2.82051,41.97977,717
L5-301,2.82093,41.97956,718
L5-301,2.82119,41.97942,719
L5-301,2.82124,41.97947,720
L5-301,2.82153,41.97977,721
L5-301,2.82181,41.98007,722
L5-301,2.82161,41.98019,723
L5-301,2.82096,41.98056,724
L5-301,2.82088,41.98061,725
L5-301,2.82076,41.98067,726
L5-301,2.82062,41.98077,727
L5-301,2.82049,41.98086,728
L5-301,2.82046,41.98089,729
L5-301,2.82046,41.9809,730
L5-301,2.82039,41.98097,731
L5-301,2.82035,41.98103,732
L5-301,2.82028,41.98117,733
L5-301,2.82024,41.98125,734
L5-301,2.82018,41.98139,735
L5-301,2.82014,41.9815,736
L5-301,2.82006,41.98175,737
L5-301,2.81991,41.98234,738
L5-301,2.81989,41.98244,739
L5-301,2.81986,41.9826,740
L5-301,2.81984,41.98268,741
L5-301,2.81983,41.98272,742
L5-301,2.81978,41.98301,743
L5-301,2.81976,41.98315,744
L5-301,2.81975,41.9832,745
L5-301,2.81974,41.9833,746
L5-301,2.81972,41.98344,747
L5-301,2.81973,41.98352,748
L5-301,2.81977,41.98361,749
L5-301,2.82038,41.98426,750
L5-301,2.82054,41.98443,751
L5-301,2.82055,41.98444,752
L5-301,2.82061,41.98449,753
L5-301,2.82072,41.98458,754
L5-301,2.821,41.98481,755
L5-301,2.82112,41.98491,756
L5-301,2.82134,41.98509,757
L5-301,2.82136,41.98512,758
L5-301,2.82142,41.98515,759
L5-301,2.82212,41.98565,760
L5-301,2.82212,41.98566,761
L5-301,2.82222,41.98569,762
L5-301,2.82237,41.98579,763
L5-301,2.82246,41.98585,764
L5-301,2.82251,41.98589,765
L5-301,2.82257,41.98595,766
L5-301,2.82259,41.98596,767
L5-301,2.8226,41.98596,768
L5-301,2.82261,41.98596,769
L5-301,2.82262,41.98596,770
L5-301,2.82262,41.98597,771
L5-301,2.82263,41.98597,772
L5-301,2.82264,41.98597,773
L5-301,2.82265,41.98598,774
L5-301,2.82266,41.98598,775
L5-301,2.82266,41.98599,776
L5-301,2.82267,41.98599,777
L5-301,2.82267,41.986,778
L5-301,2.82268,41.986,779
L5-301,2.82268,41.98601,780
L5-301,2.82269,41.98601,781
L5-301,2.82269,41.98602,782
L5-301,2.82269,41.98603,783
L5-301,2.8227,41.98603,784
L5-301,2.8227,41.98604,785
L5-301,2.8227,41.98605,786
L5-301,2.8227,41.98606,787
L5-301,2.8227,41.98607,788
L5-301,2.8227,41.98608,789
L5-301,2.8227,41.98609,790
L5-301,2.82269,41.9861,791
L5-301,2.82269,41.98611,792
L5-301,2.82268,41.98611,793
L5-301,2.82268,41.98612,794
L5-301,2.82267,41.98613,795
L5-301,2.82266,41.98614,796
L5-301,2.82265,41.98614,797
L5-301,2.82265,41.98615,798
L5-301,2.82264,41.98615,799
L5-301,2.82263,41.98615,800
L5-301,2.82262,41.98616,801
L5-301,2.82261,41.98616,802
L5-301,2.8226,41.98616,803
L5-301,2.82259,41.98617,804
L5-301,2.82258,41.98617,805
L5-301,2.82257,41.98617,806
L5-301,2.82256,41.98617,807
L5-301,2.82255,41.98617,808
L5-301,2.82254,41.98617,809
L5-301,2.82253,41.98617,810
L5-301,2.82242,41.98622,811
L5-301,2.82197,41.98646,812
L5-301,2.82193,41.98648,813
L5-301,2.82183,41.98653,814
L5-301,2.82164,41.9866,815
L5-301,2.82159,41.98662,816
L5-301,2.82164,41.98668,817
L5-301,2.82168,41.98675,818
L5-301,2.82173,41.98686,819
L5-301,2.8217,41.98692,820
L5-301,2.82166,41.98695,821
L5-301,2.82164,41.98697,822
L5-301,2.82161,41.98699,823
L5-301,2.82158,41.98701,824
L5-301,2.82154,41.98703,825
L5-301,2.82159,41.98722,826
L5-301,2.82192,41.98755,827
L5-301,2.8221,41.98771,828
L5-301,2.82234,41.98799,829
L5-301,2.82236,41.98808,830
L5-301,2.82238,41.9882,831
L5-301,2.82237,41.98836,832
L5-301,2.82235,41.9885,833
L5-301,2.82231,41.98863,834
L5-301,2.82228,41.9888,835
L5-301,2.82228,41.9889,836
L5-301,2.82229,41.98899,837
L5-301,2.82232,41.98899,838
L5-301,2.82236,41.989,839
L5-301,2.82239,41.98901,840
L5-301,2.82242,41.98903,841
L5-301,2.82245,41.98904,842
L5-301,2.82247,41.98906,843
L5-301,2.8225,41.98908,844
L5-301,2.82252,41.9891,845
L5-301,2.82252,41.98911,846
L5-301,2.82253,41.98911,847
L5-301,2.82253,41.98912,848
L5-301,2.82254,41.98912,849
L5-301,2.82254,41.98913,850
L5-301,2.82255,41.98914,851
L5-301,2.82256,41.98917,852
L5-301,2.82257,41.9892,853
L5-301,2.82258,41.98923,854
L5-301,2.82259,41.98926,855
L5-301,2.82259,41.98929,856
L5-301,2.82259,41.98932,857
L5-301,2.82258,41.98935,858
L5-301,2.82257,41.98938,859
L5-301,2.82257,41.98939,860
L5-301,2.82256,41.9894,861
L5-301,2.82255,41.98941,862
L5-301,2.82255,41.98942,863
L5-301,2.82254,41.98943,864
L5-301,2.82253,41.98944,865
L5-301,2.82253,41.98945,866
L5-301,2.82252,41.98945,867
L5-301,2.82251,41.98946,868
L5-301,2.8225,41.98947,869
L5-301,2.8225,41.98948,870
L5-301,2.82249,41.98948,871
L5-301,2.82248,41.98949,872
L5-301,2.82242,41.98953,873
L5-301,2.82237,41.98955,874
L5-301,2.82232,41.98957,875
L5-301,2.82226,41.98958,876
L5-301,2.82221,41.98958,877
L5-301,2.82215,41.98958,878
L5-301,2.82209,41.98957,879
L5-301,2.82204,41.98956,880
L5-301,2.82199,41.98954,881
L5-301,2.82081,41.99008,882
L5-301,2.82077,41.99022,883
L5-301,2.82067,41.9905,884
L5-301,2.82052,41.99088,885
L5-301,2.82047,41.99102,886
L5-301,2.82039,41.99124,887
L5-301,2.82011,41.99204,888
L5-301,2.81997,41.99242,889
L5-301,2.81996,41.99244,890
L5-301,2.81993,41.99251,891
L5-301,2.81993,41.99252,892
L5-301,2.81992,41.99255,893
L5-301,2.8199,41.99259,894
L5-301,2.81977,41.99296,895
L5-301,2.81973,41.99309,896
L5-301,2.8197,41.99317,897
L5-301,2.81966,41.99327,898
L5-301,2.8196,41.99345,899
L5-301,2.81958,41.99353,900
L5-301,2.81955,41.99363,901
L5-301,2.81958,41.99363,902
L5-301,2.81969,41.99364,903
L5-301,2.81958,41.99363,904
L5-301,2.81955,41.99363,905
L5-301,2.81953,41.99371,906
L5-301,2.8195,41.99381,907
L5-301,2.81947,41.99399,908
L5-301,2.81945,41.99416,909
L5-301,2.81944,41.99424,910
L5-301,2.81942,41.99436,911
L5-301,2.81942,41.99449,912
L5-301,2.81941,41.99462,913
L5-301,2.81938,41.99465,914
L5-301,2.81935,41.99471,915
L5-301,2.81931,41.99479,916
L5-301,2.81927,41.99482,917
L5-301,2.81921,41.99485,918
L5-301,2.81918,41.99485,919
L5-301,2.81912,41.99484,920
L5-301,2.81908,41.99482,921
L5-301,2.81905,41.9948,922
L5-301,2.81898,41.99474,923
L5-301,2.81892,41.99455,924
L5-301,2.8188,41.99405,925
L5-301,2.81873,41.99379,926
L5-301,2.81866,41.99351,927
L5-301,2.81862,41.9933,928
L5-301,2.81861,41.99327,929
L5-301,2.81842,41.99249,930
L5-301,2.81831,41.99232,931
L5-301,2.8183,41.99232,932
L5-301,2.81829,41.99232,933
L5-301,2.81828,41.99232,934
L5-301,2.81827,41.99232,935
L5-301,2.81826,41.99232,936
L5-301,2.81825,41.99232,937
L5-301,2.81824,41.99232,938
L5-301,2.81823,41.99232,939
L5-301,2.81822,41.99232,940
L5-301,2.81821,41.99231,941
L5-301,2.8182,41.99231,942
L5-301,2.81819,41.99231,943
L5-301,2.81818,41.9923,944
L5-301,2.81817,41.9923,945
L5-301,2.81816,41.99229,946
L5-301,2.81759,41.99226,947
L5-301,2.81751,41.99227,948
L5-301,2.81712,41.99227,949
L5-301,2.81704,41.99227,950
L5-301,2.81693,41.99227,951
L5-301,2.81645,41.99227,952
L5-301,2.81559,41.9923,953
L5-301,2.81483,41.99231,954
L5-301,2.81479,41.99231,955
L5-301,2.81472,41.99231,956
L5-301,2.81385,41.99232,957
L5-301,2.81299,41.99236,958
L5-301,2.81244,41.99237,959
L5-301,2.81198,41.99236,960
L5-301,2.81197,41.99237,961
L5-301,2.81197,41.99238,962
L5-301,2.81197,41.99239,963
L5-301,2.81196,41.99239,964
L5-301,2.81196,41.9924,965
L5-301,2.81195,41.99241,966
L5-301,2.81195,41.99242,967
L5-301,2.81194,41.99243,968
L5-301,2.8119,41.99247,969
L5-301,2.81188,41.99248,970
L5-301,2.81185,41.9925,971
L5-301,2.81182,41.99251,972
L5-301,2.81179,41.99252,973
L5-301,2.81176,41.99253,974
L5-301,2.81173,41.99254,975
L5-301,2.81169,41.99254,976
L5-301,2.81159,41.99252,977
L5-301,2.81153,41.9925,978
L5-301,2.81151,41.99249,979
L5-301,2.81148,41.99248,980
L5-301,2.81144,41.99245,981
L5-301,2.81139,41.9924,982
L5-301,2.81134,41.99237,983
L5-301,2.81131,41.99235,984
L5-301,2.81125,41.99233,985
L5-301,2.81121,41.99231,986
L5-301,2.81111,41.99228,987
L5-301,2.81102,41.99227,988
L5-301,2.81078,41.99226,989
L5-301,2.81069,41.99226,990
L5-301,2.81061,41.99226,991
L5-301,2.8102,41.99226,992
L5-301,2.80984,41.99227,993
L5-301,2.80956,41.99226,994
L5-301,2.80949,41.99227,995
L5-301,2.80944,41.99228,996
L5-301,2.80938,41.9923,997
L5-301,2.80933,41.99231,998
L5-301,2.80929,41.99232,999
L5-301,2.80926,41.99234,1000
L5-301,2.80923,41.99236,1001
L5-301,2.8092,41.99239,1002
L5-301,2.80919,41.9924,1003
L5-301,2.80918,41.99241,1004
L5-301,2.80916,41.99242,1005
L5-301,2.80915,41.99243,1006
L5-301,2.80913,41.99244,1007
L5-301,2.80911,41.99244,1008
L5-301,2.8091,41.99245,1009
L5-301,2.80908,41.99245,1010
L5-301,2.80906,41.99246,1011
L5-301,2.80904,41.99246,1012
L5-301,2.80899,41.99251,1013
L5-301,2.80896,41.99254,1014
L5-301,2.80892,41.99257,1015
L5-301,2.80889,41.99262,1016
L5-301,2.80886,41.99267,1017
L5-301,2.80884,41.99269,1018
L5-301,2.80884,41.9927,1019
L5-301,2.80878,41.99286,1020
L5-301,2.80864,41.99322,1021
L5-301,2.80862,41.99326,1022
L5-301,2.80856,41.99345,1023
L5-301,2.80854,41.99349,1024
L5-301,2.8084,41.9937,1025
L5-301,2.80836,41.99376,1026
L5-301,2.80828,41.99384,1027
L5-301,2.80824,41.99387,1028
L5-301,2.80817,41.99391,1029
L5-301,2.80807,41.99397,1030
L5-301,2.80801,41.99399,1031
L5-301,2.80791,41.99403,1032
L5-301,2.80785,41.99404,1033
L5-301,2.80779,41.99406,1034
L5-301,2.80772,41.99407,1035
L5-301,2.80749,41.99408,1036
L5-301,2.80735,41.99409,1037
L5-301,2.80729,41.9941,1038
L5-301,2.80719,41.99405,1039
L5-301,2.80653,41.99369,1040
L5-301,2.80589,41.99334,1041
L5-301,2.80563,41.9932,1042
L5-301,2.80535,41.99303,1043
L5-301,2.80519,41.99294,1044
L5-301,2.805,41.99282,1045
L5-301,2.80469,41.99265,1046
L5-301,2.80449,41.99254,1047
L5-301,2.80438,41.9925,1048
L5-301,2.80431,41.99248,1049
L5-301,2.80415,41.99243,1050
L5-301,2.80338,41.99231,1051
L5-301,2.80262,41.99219,1052
L5-301,2.80187,41.99205,1053
L5-301,2.80148,41.99334,1054
L5-301,2.80149,41.99335,1055
L5-301,2.8015,41.99336,1056
L5-301,2.80151,41.99337,1057
L5-301,2.80152,41.99338,1058
L5-301,2.80153,41.99339,1059
L5-301,2.80154,41.9934,1060
L5-301,2.80155,41.99341,1061
L5-301,2.80155,41.99342,1062
L5-301,2.80156,41.99344,1063
L5-301,2.80156,41.99345,1064
L5-301,2.80156,41.99346,1065
L5-301,2.80156,41.99347,1066
L5-301,2.80156,41.99349,1067
L5-301,2.80156,41.9935,1068
L5-301,2.80156,41.99351,1069
L5-301,2.80155,41.99353,1070
L5-301,2.80155,41.99354,1071
L5-301,2.80154,41.99355,1072
L5-301,2.80153,41.99356,1073
L5-301,2.80152,41.99357,1074
L5-301,2.80184,41.99403,1075
L5-301,2.80194,41.99417,1076
L5-301,2.80196,41.99417,1077
L5-301,2.80204,41.99416,1078
L5-301,2.80214,41.99415,1079
L5-301,2.80225,41.99416,1080
L5-301,2.80232,41.99417,1081
L5-301,2.8024,41.9942,1082
L5-301,2.80249,41.99423,1083
L5-301,2.80256,41.99427,1084
L5-301,2.80262,41.99431,1085
L5-301,2.80268,41.99436,1086
L5-301,2.80274,41.99444,1087
L5-301,2.80279,41.99455,1088
L5-301,2.80284,41.99469,1089
L5-301,2.80328,41.99463,1090
L5-301,2.8034,41.99462,1091
L5-301,2.80361,41.99459,1092
L5-301,2.80374,41.99457,1093
L5-301,2.8038,41.99456,1094
L5-301,2.80402,41.99453,1095
L5-301,2.80401,41.99466,1096
L5-301,2.80401,41.99473,1097
L5-301,2.80398,41.99484,1098
L5-301,2.80391,41.99513,1099
L5-301,2.80389,41.99527,1100
L5-301,2.80387,41.99533,1101
L5-301,2.80385,41.99539,1102
L5-301,2.80378,41.99551,1103
L5-301,2.80374,41.99555,1104
L5-301,2.8037,41.9956,1105
L5-301,2.80366,41.99563,1106
L5-301,2.8036,41.99568,1107
L5-301,2.80354,41.99572,1108
L5-301,2.80333,41.99584,1109
L5-301,2.80317,41.99594,1110
L5-301,2.80301,41.99603,1111
L5-301,2.80295,41.99606,1112
L5-301,2.80292,41.99608,1113
L5-301,2.80291,41.99608,1114
L5-301,2.80281,41.99614,1115
L5-301,2.80268,41.99624,1116
L5-301,2.8026,41.99633,1117
L5-301,2.80257,41.99637,1118
L5-301,2.80254,41.9964,1119
L5-301,2.80252,41.99644,1120
L5-301,2.8025,41.99647,1121
L5-301,2.80249,41.9965,1122
L5-301,2.80247,41.99655,1123
L5-301,2.80239,41.99672,1124
L5-301,2.80234,41.99677,1125
L5-301,2.80231,41.9968,1126
L5-301,2.80227,41.99684,1127
L5-401,2.79374,41.95081,2
L5-401,2.79427,41.95134,3
L5-401,2.79485,41.95193,4
L5-401,2.79488,41.95198,5
L5-401,2.7949,41.95203,6
L5-401,2.7949,41.95209,7
L5-401,2.79503,41.95224,8
L5-401,2.79513,41.9523,9
L5-401,2.79522,41.95236,10
L5-401,2.79524,41.95235,11
L5-401,2.79526,41.95235,12
L5-401,2.79529,41.95234,13
L5-401,2.79531,41.95234,14
L5-401,2.79534,41.95233,15
L5-401,2.79537,41.95233,16
L5-401,2.79539,41.95234,17
L5-401,2.79542,41.95234,18
L5-401,2.79544,41.95234,19
L5-401,2.79547,41.95235,20
L5-401,2.79549,41.95236,21
L5-401,2.79552,41.95237,22
L5-401,2.79553,41.95238,23
L5-401,2.79555,41.95239,24
L5-401,2.79556,41.9524,25
L5-401,2.79557,41.95241,26
L5-401,2.79558,41.95242,27
L5-401,2.79559,41.95243,28
L5-401,2.7956,41.95244,29
L5-401,2.79561,41.95245,30
L5-401,2.79562,41.95247,31
L5-401,2.79562,41.95248,32
L5-401,2.79563,41.9525,33
L5-401,2.79564,41.95252,34
L5-401,2.79564,41.95254,35
L5-401,2.79564,41.95256,36
L5-401,2.79564,41.95257,37
L5-401,2.79563,41.95259,38
L5-401,2.79562,41.95261,39
L5-401,2.79561,41.95263,40
L5-401,2.7956,41.95265,41
L5-401,2.79558,41.95267,42
L5-401,2.79564,41.95284,43
L5-401,2.79569,41.95288,44
L5-401,2.79577,41.95297,45
L5-401,2.79583,41.95298,46
L5-401,2.79587,41.95299,47
L5-401,2.79591,41.95302,48
L5-401,2.79597,41.95305,49
L5-401,2.79609,41.95315,50
L5-401,2.79614,41.9532,51
L5-401,2.79623,41.95329,52
L5-401,2.79646,41.95352,53
L5-401,2.7967,41.95376,54
L5-401,2.79673,41.95379,55
L5-401,2.79692,41.95399,56
L5-401,2.79713,41.95419,57
L5-401,2.79716,41.95422,58
L5-401,2.79733,41.9544,59
L5-401,2.79739,41.95445,60
L5-401,2.79755,41.95461,61
L5-401,2.79762,41.95468,62
L5-401,2.79787,41.95495,63
L5-401,2.79793,41.95501,64
L5-401,2.79814,41.95521,65
L5-401,2.79817,41.95524,66
L5-401,2.79852,41.95558,67
L5-401,2.79872,41.95578,68
L5-401,2.79879,41.95587,69
L5-401,2.79881,41.95591,70
L5-401,2.79882,41.95594,71
L5-401,2.79882,41.95602,72
L5-401,2.79885,41.95605,73
L5-401,2.79906,41.95617,74
L5-401,2.79907,41.95617,75
L5-401,2.79908,41.95617,76
L5-401,2.79909,41.95616,77
L5-401,2.7991,41.95616,78
L5-401,2.79911,41.95616,79
L5-401,2.79913,41.95616,80
L5-401,2.79915,41.95616,81
L5-401,2.79917,41.95616,82
L5-401,2.79919,41.95615,83
L5-401,2.7992,41.95615,84
L5-401,2.79922,41.95615,85
L5-401,2.79923,41.95615,86
L5-401,2.79925,41.95615,87
L5-401,2.79926,41.95616,88
L5-401,2.79928,41.95616,89
L5-401,2.79929,41.95616,90
L5-401,2.7993,41.95617,91
L5-401,2.79931,41.95618,92
L5-401,2.79939,41.95625,93
L5-401,2.7994,41.95626,94
L5-401,2.79942,41.95628,95
L5-401,2.79942,41.9563,96
L5-401,2.79943,41.95632,97
L5-401,2.79943,41.95634,98
L5-401,2.79943,41.95636,99
L5-401,2.79942,41.95638,100
L5-401,2.79941,41.95641,101
L5-401,2.79941,41.95642,102
L5-401,2.79941,41.95643,103
L5-401,2.7994,41.95644,104
L5-401,2.7994,41.95645,105
L5-401,2.79939,41.95646,106
L5-401,2.79939,41.95647,107
L5-401,2.79938,41.95648,108
L5-401,2.79946,41.95663,109
L5-401,2.79954,41.9567,110
L5-401,2.79955,41.95671,111
L5-401,2.79982,41.95696,112
L5-401,2.80006,41.95721,113
L5-401,2.8003,41.95745,114
L5-401,2.80031,41.95746,115
L5-401,2.80043,41.95757,116
L5-401,2.8006,41.95766,117
L5-401,2.80063,41.95765,118
L5-401,2.80066,41.95765,119
L5-401,2.80069,41.95764,120
L5-401,2.80072,41.95764,121
L5-401,2.80074,41.95764,122
L5-401,2.80077,41.95764,123
L5-401,2.8008,41.95765,124
L5-401,2.80083,41.95765,125
L5-401,2.80086,41.95767,126
L5-401,2.8009,41.95768,127
L5-401,2.80093,41.95771,128
L5-401,2.80096,41.95773,129
L5-401,2.80098,41.95775,130
L5-401,2.801,41.95778,131
L5-401,2.80101,41.95781,132
L5-401,2.80102,41.95784,133
L5-401,2.80102,41.95786,134
L5-401,2.80102,41.95787,135
L5-401,2.80102,41.95789,136
L5-401,2.80102,41.95791,137
L5-401,2.80101,41.95792,138
L5-401,2.80101,41.95794,139
L5-401,2.801,41.95796,140
L5-401,2.80099,41.95797,141
L5-401,2.80098,41.95798,142
L5-401,2.80098,41.95799,143
L5-401,2.80097,41.95799,144
L5-401,2.80096,41.958,145
L5-401,2.80096,41.95801,146
L5-401,2.80095,41.95801,147
L5-401,2.80094,41.95802,148
L5-401,2.80094,41.95803,149
L5-401,2.80101,41.9581,150
L5-401,2.8011,41.9582,151
L5-401,2.80113,41.95827,152
L5-401,2.80148,41.95862,153
L5-401,2.80168,41.95882,154
L5-401,2.80172,41.95886,155
L5-401,2.80193,41.95906,156
L5-401,2.80197,41.9591,157
L5-401,2.80205,41.95918,158
L5-401,2.80219,41.95932,159
L5-401,2.80232,41.95946,160
L5-401,2.80243,41.95957,161
L5-401,2.80244,41.95956,162
L5-401,2.80245,41.95956,163
L5-401,2.80246,41.95955,164
L5-401,2.80247,41.95955,165
L5-401,2.80248,41.95954,166
L5-401,2.80249,41.95954,167
L5-401,2.8025,41.95953,168
L5-401,2.80251,41.95953,169
L5-401,2.80253,41.95952,170
L5-401,2.80255,41.95951,171
L5-401,2.80257,41.95951,172
L5-401,2.80259,41.9595,173
L5-401,2.80261,41.9595,174
L5-401,2.80263,41.95949,175
L5-401,2.80265,41.95949,176
L5-401,2.80267,41.95949,177
L5-401,2.80277,41.9595,178
L5-401,2.80282,41.95952,179
L5-401,2.80287,41.95954,180
L5-401,2.80288,41.95954,181
L5-401,2.80292,41.95957,182
L5-401,2.80296,41.9596,183
L5-401,2.80297,41.9596,184
L5-401,2.803,41.95963,185
L5-401,2.80302,41.95967,186
L5-401,2.80304,41.95971,187
L5-401,2.80305,41.95975,188
L5-401,2.80305,41.95979,189
L5-401,2.80305,41.95983,190
L5-401,2.80304,41.95986,191
L5-401,2.80303,41.95989,192
L5-401,2.80301,41.95993,193
L5-401,2.80299,41.95996,194
L5-401,2.80296,41.95999,195
L5-401,2.80294,41.96002,196
L5-401,2.8029,41.96004,197
L5-401,2.80302,41.96018,198
L5-401,2.8032,41.96025,199
L5-401,2.80336,41.96035,200
L5-401,2.80347,41.96044,201
L5-401,2.80352,41.96048,202
L5-401,2.80414,41.9611,203
L5-401,2.80607,41.963,204
L5-401,2.80667,41.9636,205
L5-401,2.80679,41.96372,206
L5-401,2.80712,41.96405,207
L5-401,2.80736,41.96434,208
L5-401,2.80754,41.96455,209
L5-401,2.80763,41.96468,210
L5-401,2.80795,41.96512,211
L5-401,2.808,41.96514,212
L5-401,2.80805,41.96515,213
L5-401,2.80809,41.96517,214
L5-401,2.80813,41.9652,215
L5-401,2.80818,41.96524,216
L5-401,2.80821,41.96528,217
L5-401,2.80823,41.96532,218
L5-401,2.80825,41.96536,219
L5-401,2.80826,41.9654,220
L5-401,2.80826,41.96544,221
L5-401,2.80825,41.96548,222
L5-401,2.80824,41.96552,223
L5-401,2.80821,41.96556,224
L5-401,2.80819,41.96559,225
L5-401,2.80817,41.96562,226
L5-401,2.80813,41.96564,227
L5-401,2.8081,41.96566,228
L5-401,2.80806,41.96568,229
L5-401,2.80802,41.9657,230
L5-401,2.80798,41.96571,231
L5-401,2.80794,41.96572,232
L5-401,2.80795,41.9659,233
L5-401,2.80796,41.96607,234
L5-401,2.80796,41.96624,235
L5-401,2.80786,41.96712,236
L5-401,2.80783,41.96745,237
L5-401,2.807876627196217,41.96787101150532,238
L5-401,2.80794950054849,41.96818651575954,239
L5-401,2.80806361768501,41.96851996269684,240
L5-401,2.808199949017594,41.96895386467369,241
L5-401,2.808669850346501,41.97041028206519,242
L5-401,2.808721045900837,41.97066999147484,243
L5-401,2.808736771118285,41.97090331673499,244
L5-401,2.808832655909492,41.97095068908736,245
L5-401,2.808973755222346,41.97102561175451,246
L5-401,2.80902,41.97117,247
L5-401,2.80901,41.9712,248
L5-401,2.809,41.97122,249
L5-401,2.80899,41.97124,250
L5-401,2.80897,41.97125,251
L5-401,2.80896,41.97127,252
L5-401,2.80894,41.97128,253
L5-401,2.80892,41.9713,254
L5-401,2.8089,41.97131,255
L5-401,2.80887,41.97132,256
L5-401,2.80887,41.97228,257
L5-401,2.80887,41.97282,258
L5-401,2.80888,41.97294,259
L5-401,2.80889,41.97322,260
L5-401,2.80966,41.97299,261
L5-401,2.80979,41.97295,262
L5-401,2.80983,41.97301,263
L5-401,2.80985,41.97304,264
L5-401,2.80987,41.97306,265
L5-401,2.80995,41.9731,266
L5-401,2.81013,41.97319,267
L5-401,2.81016,41.97326,268
L5-401,2.81017,41.9733,269
L5-401,2.81027,41.97358,270
L5-401,2.81032,41.97368,271
L5-401,2.81036,41.97379,272
L5-401,2.81045,41.97398,273
L5-401,2.8104,41.97404,274
L5-401,2.81011,41.9745,275
L5-401,2.8101,41.9745,276
L5-401,2.81002,41.97457,277
L5-401,2.81001,41.9746,278
L5-401,2.80998,41.97463,279
L5-401,2.80988,41.97476,280
L5-401,2.80987,41.97479,281
L5-401,2.8098,41.97489,282
L5-401,2.80977,41.97498,283
L5-401,2.80976,41.97505,284
L5-401,2.80975,41.9751,285
L5-401,2.80975,41.97514,286
L5-401,2.80975,41.97519,287
L5-401,2.80976,41.97529,288
L5-401,2.80979,41.97537,289
L5-401,2.80979,41.97538,290
L5-401,2.80985,41.9755,291
L5-401,2.80994,41.9756,292
L5-401,2.80997,41.97562,293
L5-401,2.81003,41.97568,294
L5-401,2.81016,41.97576,295
L5-401,2.81022,41.97579,296
L5-401,2.81034,41.97584,297
L5-401,2.81037,41.9758,298
L5-401,2.81052,41.97561,299
L5-401,2.81065,41.97542,300
L5-401,2.81068,41.97538,301
L5-401,2.81086,41.97514,302
L5-401,2.81104,41.9749,303
L5-401,2.81179,41.9752,304
L5-401,2.81198,41.97528,305
L5-401,2.8118,41.97554,306
L5-401,2.81265,41.97587,307
L5-401,2.81273,41.9759,308
L5-401,2.81282,41.97594,309
L5-401,2.81317,41.97609,310
L5-401,2.81318,41.97608,311
L5-401,2.81318,41.97607,312
L5-401,2.81319,41.97607,313
L5-401,2.8132,41.97607,314
L5-401,2.8132,41.97606,315
L5-401,2.81321,41.97606,316
L5-401,2.81322,41.97606,317
L5-401,2.81323,41.97606,318
L5-401,2.81324,41.97606,319
L5-401,2.81325,41.97606,320
L5-401,2.81326,41.97606,321
L5-401,2.81327,41.97606,322
L5-401,2.81327,41.97607,323
L5-401,2.81328,41.97607,324
L5-401,2.81329,41.97607,325
L5-401,2.81329,41.97608,326
L5-401,2.8133,41.97608,327
L5-401,2.8133,41.97609,328
L5-401,2.8133,41.9761,329
L5-401,2.8133,41.97611,330
L5-401,2.8133,41.97612,331
L5-401,2.8133,41.97613,332
L5-401,2.81329,41.97613,333
L5-401,2.81329,41.97614,334
L5-401,2.81328,41.97614,335
L5-401,2.81328,41.97615,336
L5-401,2.81327,41.97615,337
L5-401,2.81326,41.97615,338
L5-401,2.81325,41.97616,339
L5-401,2.81324,41.97616,340
L5-401,2.81323,41.97616,341
L5-401,2.81322,41.97616,342
L5-401,2.81328,41.97637,343
L5-401,2.81329,41.9764,344
L5-401,2.81335,41.97659,345
L5-401,2.81337,41.97667,346
L5-401,2.81343,41.9768,347
L5-401,2.81348,41.97695,348
L5-401,2.8137,41.97759,349
L5-401,2.81374,41.97772,350
L5-401,2.81375,41.97774,351
L5-401,2.81377,41.9778,352
L5-401,2.81399,41.97835,353
L5-401,2.81408,41.97858,354
L5-401,2.81413,41.97869,355
L5-401,2.81413,41.97878,356
L5-401,2.81411,41.97888,357
L5-401,2.81409,41.97892,358
L5-401,2.81404,41.97901,359
L5-401,2.81399,41.97907,360
L5-401,2.81395,41.97913,361
L5-401,2.81388,41.97924,362
L5-401,2.81377,41.97942,363
L5-401,2.81373,41.97948,364
L5-401,2.81333,41.98,365
L5-401,2.81357,41.9801,366
L5-401,2.81416,41.98035,367
L5-401,2.81427,41.98039,368
L5-401,2.81505,41.98073,369
L5-401,2.8154,41.98086,370
L5-401,2.8156,41.98094,371
L5-401,2.81568,41.98092,372
L5-401,2.81575,41.98091,373
L5-401,2.81585,41.98088,374
L5-401,2.816,41.98085,375
L5-401,2.81606,41.98079,376
L5-401,2.81615,41.98073,377
L5-401,2.81621,41.98071,378
L5-401,2.81629,41.98069,379
L5-401,2.81636,41.98069,380
L5-401,2.81643,41.98069,381
L5-401,2.81673,41.98077,382
L5-401,2.81698,41.98084,383
L5-401,2.81711,41.98088,384
L5-401,2.81728,41.98091,385
L5-401,2.81742,41.98094,386
L5-401,2.81752,41.98095,387
L5-401,2.81778,41.98088,388
L5-401,2.81869,41.9807,389
L5-401,2.81928,41.9804,390
L5-401,2.81958,41.98024,391
L5-401,2.81972,41.98017,392
L5-401,2.81992,41.98007,393
L5-401,2.82013,41.97996,394
L5-401,2.82051,41.97977,395
L5-401,2.82093,41.97956,396
L5-401,2.82119,41.97942,397
L5-401,2.82124,41.97947,398
L5-401,2.82153,41.97977,399
L5-401,2.82181,41.98007,400
L5-401,2.82161,41.98019,401
L5-401,2.82096,41.98056,402
L5-401,2.82088,41.98061,403
L5-401,2.8208,41.98065,404
L5-401,2.82076,41.98067,405
L5-401,2.82062,41.98077,406
L5-401,2.82049,41.98086,407
L5-401,2.82046,41.98089,408
L5-401,2.82046,41.9809,409
L5-401,2.82039,41.98097,410
L5-401,2.82035,41.98103,411
L5-401,2.82028,41.98117,412
L5-401,2.82024,41.98125,413
L5-401,2.82018,41.98139,414
L5-401,2.82014,41.9815,415
L5-401,2.82006,41.98175,416
L5-401,2.81991,41.98234,417
L5-401,2.81989,41.98245,418
L5-401,2.81985,41.98263,419
L5-401,2.81984,41.98268,420
L5-401,2.81983,41.98272,421
L5-401,2.81976,41.98315,422
L5-401,2.81975,41.9832,423
L5-401,2.81974,41.9833,424
L5-401,2.81972,41.98344,425
L5-401,2.81973,41.98352,426
L5-401,2.81977,41.98361,427
L5-401,2.82038,41.98426,428
L5-401,2.82054,41.98443,429
L5-401,2.82055,41.98444,430
L5-401,2.82061,41.98449,431
L5-401,2.82072,41.98458,432
L5-401,2.821,41.98481,433
L5-401,2.82112,41.98491,434
L5-401,2.82134,41.98509,435
L5-401,2.82136,41.98512,436
L5-401,2.82142,41.98515,437
L5-401,2.82212,41.98565,438
L5-401,2.82212,41.98566,439
L5-401,2.82222,41.98569,440
L5-401,2.82237,41.98579,441
L5-401,2.82246,41.98585,442
L5-401,2.82251,41.98589,443
L5-401,2.82257,41.98595,444
L5-401,2.82259,41.98596,445
L5-401,2.8226,41.98596,446
L5-401,2.82261,41.98596,447
L5-401,2.82262,41.98596,448
L5-401,2.82262,41.98597,449
L5-401,2.82263,41.98597,450
L5-401,2.82264,41.98597,451
L5-401,2.82265,41.98598,452
L5-401,2.82266,41.98598,453
L5-401,2.82266,41.98599,454
L5-401,2.82267,41.98599,455
L5-401,2.82267,41.986,456
L5-401,2.82268,41.986,457
L5-401,2.82268,41.98601,458
L5-401,2.82269,41.98601,459
L5-401,2.82269,41.98602,460
L5-401,2.82269,41.98603,461
L5-401,2.8227,41.98603,462
L5-401,2.8227,41.98604,463
L5-401,2.8227,41.98605,464
L5-401,2.8227,41.98606,465
L5-401,2.8227,41.98607,466
L5-401,2.8227,41.98608,467
L5-401,2.8227,41.98609,468
L5-401,2.82269,41.9861,469
L5-401,2.82269,41.98611,470
L5-401,2.82268,41.98611,471
L5-401,2.82268,41.98612,472
L5-401,2.82267,41.98613,473
L5-401,2.82266,41.98614,474
L5-401,2.82265,41.98614,475
L5-401,2.82265,41.98615,476
L5-401,2.82264,41.98615,477
L5-401,2.82263,41.98615,478
L5-401,2.82262,41.98616,479
L5-401,2.82261,41.98616,480
L5-401,2.8226,41.98616,481
L5-401,2.82259,41.98617,482
L5-401,2.82258,41.98617,483
L5-401,2.82257,41.98617,484
L5-401,2.82256,41.98617,485
L5-401,2.82255,41.98617,486
L5-401,2.82254,41.98617,487
L5-401,2.82253,41.98617,488
L5-401,2.82242,41.98622,489
L5-401,2.82197,41.98646,490
L5-401,2.82193,41.98648,491
L5-401,2.82183,41.98653,492
L5-401,2.82164,41.9866,493
L5-401,2.82159,41.98662,494
L5-401,2.82164,41.98668,495
L5-401,2.82168,41.98675,496
L5-401,2.82173,41.98686,497
L5-401,2.8217,41.98692,498
L5-401,2.82166,41.98695,499
L5-401,2.82164,41.98697,500
L5-401,2.82161,41.98699,501
L5-401,2.82158,41.98701,502
L5-401,2.82154,41.98703,503
L5-401,2.82159,41.98722,504
L5-401,2.82192,41.98755,505
L5-401,2.8221,41.98771,506
L5-401,2.82234,41.98799,507
L5-401,2.82236,41.98808,508
L5-401,2.82238,41.98819,509
L5-401,2.82238,41.9882,510
L5-401,2.82237,41.98836,511
L5-401,2.82235,41.9885,512
L5-401,2.82231,41.98863,513
L5-401,2.82228,41.9888,514
L5-401,2.82228,41.9889,515
L5-401,2.82229,41.98899,516
L5-401,2.82232,41.98899,517
L5-401,2.82236,41.989,518
L5-401,2.82239,41.98901,519
L5-401,2.82242,41.98903,520
L5-401,2.82245,41.98904,521
L5-401,2.82247,41.98906,522
L5-401,2.8225,41.98908,523
L5-401,2.82252,41.9891,524
L5-401,2.82252,41.98911,525
L5-401,2.82253,41.98911,526
L5-401,2.82253,41.98912,527
L5-401,2.82254,41.98912,528
L5-401,2.82254,41.98913,529
L5-401,2.82255,41.98914,530
L5-401,2.82256,41.98917,531
L5-401,2.82257,41.9892,532
L5-401,2.82258,41.98923,533
L5-401,2.82259,41.98926,534
L5-401,2.82259,41.98929,535
L5-401,2.82259,41.98932,536
L5-401,2.82258,41.98935,537
L5-401,2.82257,41.98938,538
L5-401,2.82257,41.98939,539
L5-401,2.82256,41.9894,540
L5-401,2.82255,41.98941,541
L5-401,2.82255,41.98942,542
L5-401,2.82254,41.98943,543
L5-401,2.82253,41.98944,544
L5-401,2.82253,41.98945,545
L5-401,2.82252,41.98945,546
L5-401,2.82251,41.98946,547
L5-401,2.8225,41.98947,548
L5-401,2.8225,41.98948,549
L5-401,2.82249,41.98948,550
L5-401,2.82248,41.98949,551
L5-401,2.82242,41.98953,552
L5-401,2.82237,41.98955,553
L5-401,2.82232,41.98957,554
L5-401,2.82226,41.98958,555
L5-401,2.82221,41.98958,556
L5-401,2.82216,41.98958,557
L5-401,2.82215,41.98958,558
L5-401,2.82209,41.98957,559
L5-401,2.82204,41.98956,560
L5-401,2.82199,41.98954,561
L5-401,2.82164,41.9897,562
L5-401,2.82081,41.99008,563
L5-401,2.82077,41.99022,564
L5-401,2.82067,41.9905,565
L5-401,2.82066,41.99053,566
L5-401,2.82053,41.99085,567
L5-401,2.82052,41.99088,568
L5-401,2.82047,41.99102,569
L5-401,2.82047,41.99103,570
L5-401,2.82046,41.99105,571
L5-401,2.8204,41.99122,572
L5-401,2.82039,41.99123,573
L5-401,2.82035,41.99137,574
L5-401,2.82012,41.99202,575
L5-401,2.81997,41.99242,576
L5-401,2.81996,41.99244,577
L5-401,2.81993,41.99251,578
L5-401,2.81993,41.99252,579
L5-401,2.81992,41.99255,580
L5-401,2.8199,41.99259,581
L5-401,2.81984,41.99277,582
L5-401,2.81977,41.99296,583
L5-401,2.81973,41.99309,584
L5-401,2.8197,41.99317,585
L5-401,2.81966,41.99327,586
L5-401,2.8196,41.99345,587
L5-401,2.81958,41.99353,588
L5-401,2.81957,41.99356,589
L5-401,2.81955,41.99363,590
L5-401,2.81953,41.99371,591
L5-401,2.8195,41.99381,592
L5-401,2.81947,41.99399,593
L5-401,2.81945,41.99416,594
L5-401,2.81944,41.99424,595
L5-401,2.81942,41.99436,596
L5-401,2.81942,41.99449,597
L5-401,2.81941,41.99462,598
L5-401,2.81938,41.99465,599
L5-401,2.81935,41.99471,600
L5-401,2.81931,41.99479,601
L5-401,2.81927,41.99482,602
L5-401,2.81921,41.99485,603
L5-401,2.81918,41.99485,604
L5-401,2.81912,41.99484,605
L5-401,2.81908,41.99482,606
L5-401,2.81905,41.9948,607
L5-401,2.81901,41.99477,608
L5-401,2.81892,41.99455,609
L5-401,2.8188,41.99405,610
L5-401,2.81873,41.99379,611
L5-401,2.81866,41.99351,612
L5-401,2.81862,41.9933,613
L5-401,2.81861,41.99327,614
L5-401,2.81842,41.99249,615
L5-401,2.81831,41.99232,616
L5-401,2.8183,41.99232,617
L5-401,2.81829,41.99232,618
L5-401,2.81828,41.99232,619
L5-401,2.81827,41.99232,620
L5-401,2.81826,41.99232,621
L5-401,2.81825,41.99232,622
L5-401,2.81824,41.99232,623
L5-401,2.81823,41.99232,624
L5-401,2.81822,41.99232,625
L5-401,2.81821,41.99231,626
L5-401,2.8182,41.99231,627
L5-401,2.81819,41.99231,628
L5-401,2.81818,41.9923,629
L5-401,2.81817,41.9923,630
L5-401,2.81816,41.99229,631
L5-401,2.81759,41.99226,632
L5-401,2.81751,41.99227,633
L5-401,2.81712,41.99227,634
L5-401,2.81704,41.99227,635
L5-401,2.81693,41.99227,636
L5-401,2.81645,41.99227,637
L5-401,2.81559,41.9923,638
L5-401,2.81483,41.99231,639
L5-401,2.81479,41.99231,640
L5-401,2.81472,41.99231,641
L5-401,2.81385,41.99232,642
L5-401,2.813,41.99237,643
L5-401,2.81244,41.99239,644
L5-401,2.81197,41.99239,645
L5-401,2.81197,41.9924,646
L5-401,2.81197,41.99241,647
L5-401,2.81196,41.99242,648
L5-401,2.81192,41.99246,649
L5-401,2.81189,41.99247,650
L5-401,2.81186,41.99249,651
L5-401,2.81183,41.9925,652
L5-401,2.8118,41.99252,653
L5-401,2.81176,41.99253,654
L5-401,2.81173,41.99253,655
L5-401,2.81169,41.99254,656
L5-401,2.81159,41.99252,657
L5-401,2.81153,41.9925,658
L5-401,2.81151,41.99249,659
L5-401,2.81148,41.99248,660
L5-401,2.81144,41.99245,661
L5-401,2.81141,41.99241,662
L5-401,2.81134,41.99237,663
L5-401,2.81129,41.99235,664
L5-401,2.81123,41.99233,665
L5-401,2.81118,41.99231,666
L5-401,2.81107,41.99229,667
L5-401,2.81099,41.99228,668
L5-401,2.81076,41.99226,669
L5-401,2.81061,41.99226,670
L5-401,2.81023,41.99226,671
L5-401,2.8102,41.99226,672
L5-401,2.80983,41.99226,673
L5-401,2.80953,41.99226,674
L5-401,2.80946,41.99227,675
L5-401,2.80942,41.99228,676
L5-401,2.80936,41.9923,677
L5-401,2.80932,41.99231,678
L5-401,2.80929,41.99232,679
L5-401,2.80926,41.99234,680
L5-401,2.80923,41.99236,681
L5-401,2.8092,41.99239,682
L5-401,2.80919,41.9924,683
L5-401,2.80918,41.99241,684
L5-401,2.80916,41.99242,685
L5-401,2.80915,41.99243,686
L5-401,2.80913,41.99244,687
L5-401,2.80911,41.99244,688
L5-401,2.8091,41.99245,689
L5-401,2.80908,41.99245,690
L5-401,2.80906,41.99246,691
L5-401,2.80904,41.99246,692
L5-401,2.80899,41.99251,693
L5-401,2.80896,41.99254,694
L5-401,2.80892,41.99257,695
L5-401,2.80889,41.99262,696
L5-401,2.80886,41.99267,697
L5-401,2.80884,41.99269,698
L5-401,2.80884,41.9927,699
L5-401,2.80864,41.99322,700
L5-401,2.80862,41.99326,701
L5-401,2.80861,41.99328,702
L5-401,2.80856,41.99345,703
L5-401,2.80854,41.99349,704
L5-401,2.8084,41.9937,705
L5-401,2.80836,41.99376,706
L5-401,2.80828,41.99384,707
L5-401,2.80824,41.99387,708
L5-401,2.80817,41.99391,709
L5-401,2.80807,41.99397,710
L5-401,2.80801,41.99399,711
L5-401,2.80791,41.99403,712
L5-401,2.80785,41.99404,713
L5-401,2.80779,41.99406,714
L5-401,2.80772,41.99407,715
L5-401,2.80749,41.99408,716
L5-401,2.80735,41.99409,717
L5-401,2.80729,41.9941,718
L5-401,2.80719,41.99405,719
L5-401,2.8068,41.99384,720
L5-401,2.80653,41.99369,721
L5-401,2.80621,41.99352,722
L5-401,2.80589,41.99334,723
L5-401,2.80563,41.9932,724
L5-401,2.80535,41.99303,725
L5-401,2.80519,41.99294,726
L5-401,2.805,41.99282,727
L5-401,2.80469,41.99265,728
L5-401,2.80449,41.99254,729
L5-401,2.80438,41.9925,730
L5-401,2.80431,41.99248,731
L5-401,2.80415,41.99243,732
L5-401,2.80338,41.99231,733
L5-401,2.80262,41.99219,734
L5-401,2.80187,41.99205,735
L5-401,2.80146,41.99334,736
L5-401,2.80147,41.99334,737
L5-401,2.80148,41.99334,738
L5-401,2.80149,41.99335,739
L5-401,2.8015,41.99336,740
L5-401,2.80151,41.99337,741
L5-401,2.80152,41.99338,742
L5-401,2.80153,41.99339,743
L5-401,2.80154,41.9934,744
L5-401,2.80155,41.99341,745
L5-401,2.80155,41.99342,746
L5-401,2.80156,41.99344,747
L5-401,2.80156,41.99345,748
L5-401,2.80156,41.99346,749
L5-401,2.80156,41.99347,750
L5-401,2.80156,41.99349,751
L5-401,2.80156,41.9935,752
L5-401,2.80156,41.99351,753
L5-401,2.80155,41.99353,754
L5-401,2.80155,41.99354,755
L5-401,2.80154,41.99355,756
L5-401,2.80153,41.99356,757
L5-401,2.80152,41.99357,758
L5-401,2.80194,41.99417,759
L5-401,2.80196,41.99417,760
L5-401,2.80204,41.99416,761
L5-401,2.80214,41.99415,762
L5-401,2.80225,41.99416,763
L5-401,2.80232,41.99417,764
L5-401,2.8024,41.9942,765
L5-401,2.80249,41.99423,766
L5-401,2.80256,41.99427,767
L5-401,2.80262,41.99431,768
L5-401,2.80268,41.99436,769
L5-401,2.80274,41.99444,770
L5-401,2.80279,41.99455,771
L5-401,2.80284,41.99469,772
L5-401,2.80328,41.99463,773
L5-401,2.8034,41.99462,774
L5-401,2.80361,41.99459,775
L5-401,2.80374,41.99457,776
L5-401,2.8038,41.99456,777
L5-401,2.80402,41.99453,778
L5-401,2.80401,41.99466,779
L5-401,2.80401,41.99473,780
L5-401,2.80398,41.99484,781
L5-401,2.80391,41.99513,782
L5-401,2.80389,41.99527,783
L5-401,2.80387,41.99533,784
L5-401,2.80385,41.99539,785
L5-401,2.80378,41.99551,786
L5-401,2.80374,41.99555,787
L5-401,2.8037,41.9956,788
L5-401,2.80366,41.99563,789
L5-401,2.8036,41.99568,790
L5-401,2.80354,41.99572,791
L5-401,2.80333,41.99584,792
L5-401,2.80326,41.99588,793
L5-401,2.80317,41.99594,794
L5-401,2.80307,41.99599,795
L5-401,2.80301,41.99603,796
L5-401,2.80295,41.99606,797
L5-401,2.80292,41.99608,798
L5-401,2.80291,41.99608,799
L5-401,2.80281,41.99614,800
L5-401,2.80268,41.99624,801
L5-401,2.8026,41.99633,802
L5-401,2.80257,41.99637,803
L5-401,2.80254,41.9964,804
L5-401,2.80252,41.99644,805
L5-401,2.8025,41.99647,806
L5-401,2.80249,41.9965,807
L5-401,2.80247,41.99655,808
L5-401,2.80239,41.99672,809
L5-401,2.80234,41.99677,810
L5-401,2.80231,41.9968,811
L5-401,2.80227,41.99684,812
L5-401,2.80224,41.99685,813
L5-401,2.80216,41.99689,814
L5-401,2.80209,41.9969,815
L5-401,2.80203,41.99689,816
L5-401,2.80195,41.99689,817
L5-401,2.80182,41.99688,818
L5-401,2.8018,41.99682,819
L5-401,2.8018,41.99679,820
L5-401,2.80181,41.99677,821
L5-401,2.80182,41.99675,822
L5-401,2.80185,41.99673,823
L5-401,2.80187,41.99671,824
L5-401,2.8019,41.99669,825
L5-401,2.80194,41.99667,826
L5-401,2.80202,41.99663,827
L5-401,2.80203,41.99663,828
L5-101,2.80796,41.96625,2
L5-101,2.80786,41.96712,3
L5-101,2.80783,41.96745,4
L5-101,2.807877062597972,41.96793615281489,5
L5-101,2.807958458939739,41.96832732771166,6
L5-101,2.808177456045828,41.96896348929705,7
L5-101,2.808348857013787,41.96953067919467,8
L5-101,2.808483961939614,41.96995105428991,9
L5-101,2.808703652638966,41.97047518165407,10
L5-101,2.808728895474348,41.9709168687092,11
L5-101,2.80882062405446,41.97093168862607,12
L5-101,2.808977723623274,41.971028521364,13
L5-101,2.80902,41.97117,14
L5-101,2.80901,41.9712,15
L5-101,2.809,41.97122,16
L5-101,2.80899,41.97124,17
L5-101,2.80897,41.97125,18
L5-101,2.80896,41.97127,19
L5-101,2.80894,41.97128,20
L5-101,2.80892,41.9713,21
L5-101,2.8089,41.97131,22
L5-101,2.80887,41.97132,23
L5-101,2.80887,41.97228,24
L5-101,2.80887,41.97282,25
L5-101,2.80888,41.97294,26
L5-101,2.80889,41.97322,27
L5-101,2.80961,41.97301,28
L5-101,2.80966,41.97299,29
L5-101,2.80979,41.97295,30
L5-101,2.80983,41.97301,31
L5-101,2.80985,41.97304,32
L5-101,2.80987,41.97306,33
L5-101,2.80995,41.9731,34
L5-101,2.81013,41.97319,35
L5-101,2.81016,41.97326,36
L5-101,2.81017,41.9733,37
L5-101,2.81027,41.97358,38
L5-101,2.81032,41.97368,39
L5-101,2.81036,41.97379,40
L5-101,2.81045,41.97398,41
L5-101,2.8104,41.97404,42
L5-101,2.81011,41.9745,43
L5-101,2.8101,41.9745,44
L5-101,2.81002,41.97457,45
L5-101,2.81001,41.9746,46
L5-101,2.80997,41.97464,47
L5-101,2.80982,41.9748,48
L5-101,2.80975,41.97491,49
L5-101,2.80974,41.975,50
L5-101,2.80973,41.97507,51
L5-101,2.80972,41.97511,52
L5-101,2.80973,41.97515,53
L5-101,2.80973,41.9752,54
L5-101,2.80976,41.97529,55
L5-101,2.80979,41.97537,56
L5-101,2.80979,41.97538,57
L5-101,2.80985,41.9755,58
L5-101,2.80994,41.9756,59
L5-101,2.80997,41.97562,60
L5-101,2.81003,41.97568,61
L5-101,2.81016,41.97576,62
L5-101,2.81022,41.97579,63
L5-101,2.81034,41.97584,64
L5-101,2.81037,41.9758,65
L5-101,2.81052,41.97561,66
L5-101,2.81065,41.97542,67
L5-101,2.81068,41.97538,68
L5-101,2.81086,41.97513,69
L5-101,2.81104,41.9749,70
L5-101,2.81179,41.9752,71
L5-101,2.81198,41.97528,72
L5-101,2.8118,41.97554,73
L5-101,2.81265,41.97587,74
L5-101,2.81273,41.9759,75
L5-101,2.81282,41.97594,76
L5-101,2.81296,41.976,77
L5-101,2.81317,41.97609,78
L5-101,2.81318,41.97608,79
L5-101,2.81318,41.97607,80
L5-101,2.81319,41.97607,81
L5-101,2.8132,41.97607,82
L5-101,2.8132,41.97606,83
L5-101,2.81321,41.97606,84
L5-101,2.81322,41.97606,85
L5-101,2.81323,41.97606,86
L5-101,2.81324,41.97606,87
L5-101,2.81325,41.97606,88
L5-101,2.81326,41.97606,89
L5-101,2.81327,41.97606,90
L5-101,2.81327,41.97607,91
L5-101,2.81328,41.97607,92
L5-101,2.81329,41.97607,93
L5-101,2.81329,41.97608,94
L5-101,2.8133,41.97608,95
L5-101,2.8133,41.97609,96
L5-101,2.8133,41.9761,97
L5-101,2.8133,41.97611,98
L5-101,2.8133,41.97612,99
L5-101,2.8133,41.97613,100
L5-101,2.81329,41.97613,101
L5-101,2.81329,41.97614,102
L5-101,2.81328,41.97614,103
L5-101,2.81328,41.97615,104
L5-101,2.81327,41.97615,105
L5-101,2.81326,41.97615,106
L5-101,2.81325,41.97616,107
L5-101,2.81324,41.97616,108
L5-101,2.81323,41.97616,109
L5-101,2.81322,41.97616,110
L5-101,2.81328,41.97637,111
L5-101,2.81329,41.97639,112
L5-101,2.81334,41.97655,113
L5-101,2.81338,41.97663,114
L5-101,2.81343,41.9768,115
L5-101,2.81348,41.97695,116
L5-101,2.8137,41.97759,117
L5-101,2.81374,41.97772,118
L5-101,2.81375,41.97774,119
L5-101,2.81377,41.9778,120
L5-101,2.81399,41.97835,121
L5-101,2.81408,41.97858,122
L5-101,2.81413,41.97869,123
L5-101,2.81413,41.97878,124
L5-101,2.81411,41.97888,125
L5-101,2.81409,41.97892,126
L5-101,2.81404,41.97901,127
L5-101,2.81399,41.97907,128
L5-101,2.81395,41.97913,129
L5-101,2.81388,41.97924,130
L5-101,2.81377,41.97942,131
L5-101,2.81373,41.97948,132
L5-101,2.81333,41.98,133
L5-101,2.81357,41.9801,134
L5-101,2.81416,41.98035,135
L5-101,2.81427,41.98039,136
L5-101,2.81505,41.98073,137
L5-101,2.8154,41.98086,138
L5-101,2.8156,41.98094,139
L5-101,2.81569,41.98092,140
L5-101,2.81577,41.9809,141
L5-101,2.81589,41.98087,142
L5-101,2.81606,41.98082,143
L5-101,2.81611,41.98078,144
L5-101,2.8162,41.98073,145
L5-101,2.81625,41.9807,146
L5-101,2.81633,41.98069,147
L5-101,2.81639,41.98068,148
L5-101,2.81646,41.98069,149
L5-101,2.81698,41.98084,150
L5-101,2.81711,41.98088,151
L5-101,2.81728,41.98091,152
L5-101,2.81742,41.98094,153
L5-101,2.81752,41.98095,154
L5-101,2.81778,41.98088,155
L5-101,2.81787,41.98086,156
L5-101,2.81869,41.9807,157
L5-101,2.81928,41.9804,158
L5-101,2.81958,41.98024,159
L5-101,2.81972,41.98017,160
L5-101,2.81992,41.98007,161
L5-101,2.82013,41.97996,162
L5-101,2.82051,41.97977,163
L5-101,2.82093,41.97956,164
L5-101,2.82119,41.97942,165
L5-101,2.82124,41.97947,166
L5-101,2.82153,41.97977,167
L5-101,2.82181,41.98007,168
L5-101,2.82161,41.98019,169
L5-101,2.82096,41.98056,170
L5-101,2.82088,41.98061,171
L5-101,2.8208,41.98065,172
L5-101,2.82076,41.98067,173
L5-101,2.82062,41.98077,174
L5-101,2.82049,41.98086,175
L5-101,2.82046,41.98089,176
L5-101,2.82046,41.9809,177
L5-101,2.82039,41.98097,178
L5-101,2.82035,41.98103,179
L5-101,2.82028,41.98117,180
L5-101,2.82024,41.98125,181
L5-101,2.82018,41.98139,182
L5-101,2.82014,41.9815,183
L5-101,2.82006,41.98175,184
L5-101,2.81991,41.98234,185
L5-101,2.81989,41.98245,186
L5-101,2.81985,41.98263,187
L5-101,2.81984,41.98268,188
L5-101,2.81983,41.98272,189
L5-101,2.81978,41.98301,190
L5-101,2.81976,41.98315,191
L5-101,2.81975,41.9832,192
L5-101,2.81974,41.9833,193
L5-101,2.81972,41.98344,194
L5-101,2.81973,41.98352,195
L5-101,2.81977,41.98361,196
L5-101,2.82038,41.98426,197
L5-101,2.82054,41.98443,198
L5-101,2.82055,41.98444,199
L5-101,2.82061,41.98449,200
L5-101,2.82072,41.98458,201
L5-101,2.821,41.98481,202
L5-101,2.82112,41.98491,203
L5-101,2.82134,41.98509,204
L5-101,2.82136,41.98512,205
L5-101,2.82142,41.98515,206
L5-101,2.82212,41.98565,207
L5-101,2.82212,41.98566,208
L5-101,2.82222,41.98569,209
L5-101,2.82237,41.98579,210
L5-101,2.82246,41.98585,211
L5-101,2.82251,41.98589,212
L5-101,2.82257,41.98595,213
L5-101,2.82259,41.98596,214
L5-101,2.8226,41.98596,215
L5-101,2.82261,41.98596,216
L5-101,2.82262,41.98596,217
L5-101,2.82262,41.98597,218
L5-101,2.82263,41.98597,219
L5-101,2.82264,41.98597,220
L5-101,2.82265,41.98598,221
L5-101,2.82266,41.98598,222
L5-101,2.82266,41.98599,223
L5-101,2.82267,41.98599,224
L5-101,2.82267,41.986,225
L5-101,2.82268,41.986,226
L5-101,2.82268,41.98601,227
L5-101,2.82269,41.98601,228
L5-101,2.82269,41.98602,229
L5-101,2.82269,41.98603,230
L5-101,2.8227,41.98603,231
L5-101,2.8227,41.98604,232
L5-101,2.8227,41.98605,233
L5-101,2.8227,41.98606,234
L5-101,2.8227,41.98607,235
L5-101,2.8227,41.98608,236
L5-101,2.8227,41.98609,237
L5-101,2.82269,41.9861,238
L5-101,2.82269,41.98611,239
L5-101,2.82268,41.98611,240
L5-101,2.82268,41.98612,241
L5-101,2.82267,41.98613,242
L5-101,2.82266,41.98614,243
L5-101,2.82265,41.98614,244
L5-101,2.82265,41.98615,245
L5-101,2.82264,41.98615,246
L5-101,2.82263,41.98615,247
L5-101,2.82262,41.98616,248
L5-101,2.82261,41.98616,249
L5-101,2.8226,41.98616,250
L5-101,2.82259,41.98617,251
L5-101,2.82258,41.98617,252
L5-101,2.82257,41.98617,253
L5-101,2.82256,41.98617,254
L5-101,2.82255,41.98617,255
L5-101,2.82254,41.98617,256
L5-101,2.82253,41.98617,257
L5-101,2.82242,41.98622,258
L5-101,2.82197,41.98646,259
L5-101,2.82193,41.98648,260
L5-101,2.82183,41.98653,261
L5-101,2.82164,41.9866,262
L5-101,2.82159,41.98662,263
L5-101,2.82164,41.98668,264
L5-101,2.82168,41.98675,265
L5-101,2.82173,41.98686,266
L5-101,2.8217,41.98692,267
L5-101,2.82166,41.98695,268
L5-101,2.82164,41.98697,269
L5-101,2.82161,41.98699,270
L5-101,2.82158,41.98701,271
L5-101,2.82154,41.98703,272
L5-101,2.82159,41.98722,273
L5-101,2.82192,41.98755,274
L5-101,2.8221,41.98771,275
L5-101,2.82234,41.98799,276
L5-101,2.82236,41.98808,277
L5-101,2.82238,41.9882,278
L5-101,2.82237,41.98836,279
L5-101,2.82235,41.9885,280
L5-101,2.82231,41.98863,281
L5-101,2.82228,41.9888,282
L5-101,2.82228,41.9889,283
L5-101,2.82229,41.98899,284
L5-101,2.82232,41.98899,285
L5-101,2.82236,41.989,286
L5-101,2.82239,41.98901,287
L5-101,2.82242,41.98903,288
L5-101,2.82245,41.98904,289
L5-101,2.82247,41.98906,290
L5-101,2.8225,41.98908,291
L5-101,2.82252,41.9891,292
L5-101,2.82252,41.98911,293
L5-101,2.82253,41.98911,294
L5-101,2.82253,41.98912,295
L5-101,2.82254,41.98912,296
L5-101,2.82254,41.98913,297
L5-101,2.82255,41.98914,298
L5-101,2.82256,41.98917,299
L5-101,2.82257,41.9892,300
L5-101,2.82258,41.98923,301
L5-101,2.82259,41.98926,302
L5-101,2.82259,41.98929,303
L5-101,2.82259,41.98932,304
L5-101,2.82258,41.98935,305
L5-101,2.82257,41.98938,306
L5-101,2.82257,41.98939,307
L5-101,2.82256,41.9894,308
L5-101,2.82255,41.98941,309
L5-101,2.82255,41.98942,310
L5-101,2.82254,41.98943,311
L5-101,2.82253,41.98944,312
L5-101,2.82253,41.98945,313
L5-101,2.82252,41.98945,314
L5-101,2.82251,41.98946,315
L5-101,2.8225,41.98947,316
L5-101,2.8225,41.98948,317
L5-101,2.82249,41.98948,318
L5-101,2.82248,41.98949,319
L5-101,2.82242,41.98953,320
L5-101,2.82237,41.98955,321
L5-101,2.82232,41.98957,322
L5-101,2.82226,41.98958,323
L5-101,2.82221,41.98958,324
L5-101,2.82215,41.98958,325
L5-101,2.82209,41.98957,326
L5-101,2.82204,41.98956,327
L5-101,2.82199,41.98954,328
L5-101,2.82081,41.99008,329
L5-101,2.82077,41.99022,330
L5-101,2.82067,41.9905,331
L5-101,2.82052,41.99088,332
L5-101,2.82047,41.99102,333
L5-101,2.82039,41.99124,334
L5-101,2.82011,41.99204,335
L5-101,2.81997,41.99242,336
L5-101,2.81996,41.99244,337
L5-101,2.81993,41.99251,338
L5-101,2.81993,41.99252,339
L5-101,2.81992,41.99255,340
L5-101,2.8199,41.99259,341
L5-101,2.81977,41.99296,342
L5-101,2.81973,41.99309,343
L5-101,2.8197,41.99317,344
L5-101,2.81966,41.99327,345
L5-101,2.8196,41.99345,346
L5-101,2.81958,41.99353,347
L5-101,2.81955,41.99363,348
L5-101,2.81958,41.99363,349
L5-101,2.81969,41.99364,350
L5-101,2.81958,41.99363,351
L5-101,2.81955,41.99363,352
L5-101,2.81953,41.99371,353
L5-101,2.8195,41.99381,354
L5-101,2.81947,41.99399,355
L5-101,2.81945,41.99416,356
L5-101,2.81944,41.99424,357
L5-101,2.81942,41.99436,358
L5-101,2.81942,41.99449,359
L5-101,2.81941,41.99462,360
L5-101,2.81938,41.99465,361
L5-101,2.81935,41.99471,362
L5-101,2.81931,41.99479,363
L5-101,2.81927,41.99482,364
L5-101,2.81921,41.99485,365
L5-101,2.81918,41.99485,366
L5-101,2.81912,41.99484,367
L5-101,2.81908,41.99482,368
L5-101,2.81905,41.9948,369
L5-101,2.81901,41.99477,370
L5-101,2.81892,41.99455,371
L5-101,2.8188,41.99405,372
L5-101,2.81873,41.99379,373
L5-101,2.81866,41.99351,374
L5-101,2.81862,41.9933,375
L5-101,2.81861,41.99327,376
L5-101,2.81842,41.99249,377
L5-101,2.81831,41.99232,378
L5-101,2.8183,41.99232,379
L5-101,2.81829,41.99232,380
L5-101,2.81828,41.99232,381
L5-101,2.81827,41.99232,382
L5-101,2.81826,41.99232,383
L5-101,2.81825,41.99232,384
L5-101,2.81824,41.99232,385
L5-101,2.81823,41.99232,386
L5-101,2.81822,41.99232,387
L5-101,2.81821,41.99231,388
L5-101,2.8182,41.99231,389
L5-101,2.81819,41.99231,390
L5-101,2.81818,41.9923,391
L5-101,2.81817,41.9923,392
L5-101,2.81816,41.99229,393
L5-101,2.81759,41.99226,394
L5-101,2.81751,41.99227,395
L5-101,2.81712,41.99227,396
L5-101,2.81704,41.99227,397
L5-101,2.81693,41.99227,398
L5-101,2.81645,41.99227,399
L5-101,2.81559,41.9923,400
L5-101,2.81483,41.99231,401
L5-101,2.81479,41.99231,402
L5-101,2.81472,41.99231,403
L5-101,2.81385,41.99232,404
L5-101,2.813,41.99237,405
L5-101,2.81244,41.99239,406
L5-101,2.81197,41.99239,407
L5-101,2.81197,41.9924,408
L5-101,2.81197,41.99241,409
L5-101,2.81196,41.99242,410
L5-101,2.81192,41.99246,411
L5-101,2.81189,41.99247,412
L5-101,2.81186,41.99249,413
L5-101,2.81183,41.9925,414
L5-101,2.8118,41.99252,415
L5-101,2.81176,41.99253,416
L5-101,2.81173,41.99253,417
L5-101,2.81169,41.99254,418
L5-101,2.81159,41.99252,419
L5-101,2.81153,41.9925,420
L5-101,2.81151,41.99249,421
L5-101,2.81148,41.99248,422
L5-101,2.81144,41.99245,423
L5-101,2.81141,41.99241,424
L5-101,2.81134,41.99237,425
L5-101,2.81129,41.99235,426
L5-101,2.81123,41.99233,427
L5-101,2.81118,41.99231,428
L5-101,2.81107,41.99229,429
L5-101,2.81099,41.99228,430
L5-101,2.81076,41.99226,431
L5-101,2.81061,41.99226,432
L5-101,2.8102,41.99226,433
L5-101,2.80984,41.99227,434
L5-101,2.80956,41.99226,435
L5-101,2.80949,41.99227,436
L5-101,2.80944,41.99228,437
L5-101,2.80938,41.9923,438
L5-101,2.80933,41.99231,439
L5-101,2.80929,41.99232,440
L5-101,2.80926,41.99234,441
L5-101,2.80923,41.99236,442
L5-101,2.8092,41.99239,443
L5-101,2.80919,41.9924,444
L5-101,2.80918,41.99241,445
L5-101,2.80916,41.99242,446
L5-101,2.80915,41.99243,447
L5-101,2.80913,41.99244,448
L5-101,2.80911,41.99244,449
L5-101,2.8091,41.99245,450
L5-101,2.80908,41.99245,451
L5-101,2.80906,41.99246,452
L5-101,2.80904,41.99246,453
L5-101,2.80899,41.99251,454
L5-101,2.80896,41.99254,455
L5-101,2.80892,41.99257,456
L5-101,2.80889,41.99262,457
L5-101,2.80886,41.99267,458
L5-101,2.80884,41.99269,459
L5-101,2.80884,41.9927,460
L5-101,2.80878,41.99286,461
L5-101,2.80864,41.99322,462
L5-101,2.80862,41.99326,463
L5-101,2.80856,41.99345,464
L5-101,2.80854,41.99349,465
L5-101,2.8084,41.9937,466
L5-101,2.80836,41.99376,467
L5-101,2.80828,41.99384,468
L5-101,2.80824,41.99387,469
L5-101,2.80817,41.99391,470
L5-101,2.80807,41.99397,471
L5-101,2.80801,41.99399,472
L5-101,2.80791,41.99403,473
L5-101,2.80785,41.99404,474
L5-101,2.80779,41.99406,475
L5-101,2.80772,41.99407,476
L5-101,2.80749,41.99408,477
L5-101,2.80735,41.99409,478
L5-101,2.80729,41.9941,479
L5-101,2.80719,41.99405,480
L5-101,2.80653,41.99369,481
L5-101,2.80589,41.99334,482
L5-101,2.80563,41.9932,483
L5-101,2.80535,41.99303,484
L5-101,2.80519,41.99294,485
L5-101,2.805,41.99282,486
L5-101,2.80469,41.99265,487
L5-101,2.80449,41.99254,488
L5-101,2.80438,41.9925,489
L5-101,2.80431,41.99248,490
L5-101,2.80415,41.99243,491
L5-101,2.80338,41.99231,492
L5-101,2.80262,41.99219,493
L5-101,2.80187,41.99205,494
L5-101,2.80148,41.99334,495
L5-101,2.80149,41.99335,496
L5-101,2.8015,41.99336,497
L5-101,2.80151,41.99337,498
L5-101,2.80152,41.99338,499
L5-101,2.80153,41.99339,500
L5-101,2.80154,41.9934,501
L5-101,2.80155,41.99341,502
L5-101,2.80155,41.99342,503
L5-101,2.80156,41.99344,504
L5-101,2.80156,41.99345,505
L5-101,2.80156,41.99346,506
L5-101,2.80156,41.99347,507
L5-101,2.80156,41.99349,508
L5-101,2.80156,41.9935,509
L5-101,2.80156,41.99351,510
L5-101,2.80155,41.99353,511
L5-101,2.80155,41.99354,512
L5-101,2.80154,41.99355,513
L5-101,2.80153,41.99356,514
L5-101,2.80152,41.99357,515
L5-101,2.80184,41.99403,516
L5-101,2.80194,41.99417,517
L5-101,2.80196,41.99417,518
L5-101,2.80204,41.99416,519
L5-101,2.80214,41.99415,520
L5-101,2.80225,41.99416,521
L5-101,2.80232,41.99417,522
L5-101,2.8024,41.9942,523
L5-101,2.80249,41.99423,524
L5-101,2.80256,41.99427,525
L5-101,2.80262,41.99431,526
L5-101,2.80268,41.99436,527
L5-101,2.80274,41.99444,528
L5-101,2.80279,41.99455,529
L5-101,2.80284,41.99469,530
L5-101,2.80328,41.99463,531
L5-101,2.8034,41.99462,532
L5-101,2.80361,41.99459,533
L5-101,2.80374,41.99457,534
L5-101,2.8038,41.99456,535
L5-101,2.80402,41.99453,536
L5-101,2.80401,41.99466,537
L5-101,2.80401,41.99473,538
L5-101,2.80398,41.99484,539
L5-101,2.80391,41.99513,540
L5-101,2.80389,41.99527,541
L5-101,2.80387,41.99533,542
L5-101,2.80385,41.99539,543
L5-101,2.80378,41.99551,544
L5-101,2.80374,41.99555,545
L5-101,2.8037,41.9956,546
L5-101,2.80366,41.99563,547
L5-101,2.8036,41.99568,548
L5-101,2.80354,41.99572,549
L5-101,2.80333,41.99584,550
L5-101,2.80317,41.99594,551
L5-101,2.80301,41.99603,552
L5-101,2.80295,41.99606,553
L5-101,2.80292,41.99608,554
L5-101,2.80291,41.99608,555
L5-101,2.80281,41.99614,556
L5-101,2.80268,41.99624,557
L5-101,2.8026,41.99633,558
L5-101,2.80257,41.99637,559
L5-101,2.80254,41.9964,560
L5-101,2.80252,41.99644,561
L5-101,2.8025,41.99647,562
L5-101,2.80249,41.9965,563
L5-101,2.80247,41.99655,564
L5-101,2.80239,41.99672,565
L5-101,2.80234,41.99677,566
L5-101,2.80231,41.9968,567
L5-101,2.80227,41.99684,568
L5-101,2.80224,41.99685,569
L5-101,2.80216,41.99689,570
L5-101,2.80209,41.9969,571
L5-101,2.80203,41.99689,572
L5-101,2.80195,41.99689,573
L5-101,2.80182,41.99688,574
L5-101,2.8018,41.99682,575
L5-101,2.8018,41.99679,576
L5-101,2.80181,41.99677,577
L5-101,2.80182,41.99675,578
L5-101,2.80185,41.99673,579
L5-101,2.8019,41.99669,580
L5-101,2.80194,41.99667,581
L5-101,2.80202,41.99663,582
L5-101,2.80203,41.99663,583
L1-1,2.80754,41.95134,2
L1-1,2.80762,41.95132,3
L1-1,2.80766,41.95131,4
L1-1,2.8081,41.95122,5
L1-1,2.80839,41.95115,6
L1-1,2.80844,41.95114,7
L1-1,2.8088,41.95106,8
L1-1,2.80885,41.95105,9
L1-1,2.80892,41.95104,10
L1-1,2.8091,41.95102,11
L1-1,2.80921,41.951,12
L1-1,2.80923,41.951,13
L1-1,2.80931,41.95098,14
L1-1,2.80936,41.95098,15
L1-1,2.80965,41.95094,16
L1-1,2.80973,41.95094,17
L1-1,2.80993,41.95094,18
L1-1,2.81003,41.95095,19
L1-1,2.81017,41.95099,20
L1-1,2.8103,41.95104,21
L1-1,2.81044,41.95109,22
L1-1,2.8106,41.95116,23
L1-1,2.8107,41.9512,24
L1-1,2.81098,41.95128,25
L1-1,2.81108,41.95129,26
L1-1,2.81115,41.9513,27
L1-1,2.81139,41.9513,28
L1-1,2.81152,41.95129,29
L1-1,2.8117,41.95128,30
L1-1,2.81186,41.95126,31
L1-1,2.81197,41.95125,32
L1-1,2.81217,41.95122,33
L1-1,2.81258,41.95118,34
L1-1,2.81266,41.95117,35
L1-1,2.8128,41.95116,36
L1-1,2.81281,41.95116,37
L1-1,2.81297,41.95114,38
L1-1,2.813,41.95113,39
L1-1,2.81306,41.95114,40
L1-1,2.81313,41.95114,41
L1-1,2.81327,41.95114,42
L1-1,2.8138,41.95119,43
L1-1,2.81395,41.95121,44
L1-1,2.81396,41.95121,45
L1-1,2.81416,41.95123,46
L1-1,2.81434,41.95123,47
L1-1,2.8144,41.95123,48
L1-1,2.81466,41.95122,49
L1-1,2.81472,41.95122,50
L1-1,2.81481,41.95122,51
L1-1,2.81516,41.95121,52
L1-1,2.81548,41.95119,53
L1-1,2.8157,41.95119,54
L1-1,2.81593,41.95118,55
L1-1,2.8161,41.95117,56
L1-1,2.81621,41.95115,57
L1-1,2.81644,41.95111,58
L1-1,2.81666,41.95122,59
L1-1,2.81676,41.95128,60
L1-1,2.81685,41.95134,61
L1-1,2.81692,41.95139,62
L1-1,2.81698,41.95145,63
L1-1,2.81705,41.95155,64
L1-1,2.81707,41.9516,65
L1-1,2.81709,41.95167,66
L1-1,2.81718,41.95186,67
L1-1,2.81724,41.95199,68
L1-1,2.81728,41.95204,69
L1-1,2.8173,41.95207,70
L1-1,2.81735,41.9521,71
L1-1,2.81743,41.95216,72
L1-1,2.81746,41.95222,73
L1-1,2.81755,41.95235,74
L1-1,2.81784,41.95266,75
L1-1,2.81789,41.95276,76
L1-1,2.8179,41.95276,77
L1-1,2.81791,41.95276,78
L1-1,2.81792,41.95276,79
L1-1,2.81793,41.95276,80
L1-1,2.81794,41.95276,81
L1-1,2.81794,41.95277,82
L1-1,2.81795,41.95277,83
L1-1,2.81795,41.95278,84
L1-1,2.81796,41.95278,85
L1-1,2.81796,41.95279,86
L1-1,2.81796,41.9528,87
L1-1,2.81796,41.95281,88
L1-1,2.81796,41.95282,89
L1-1,2.81795,41.95282,90
L1-1,2.81799,41.95286,91
L1-1,2.81814,41.95318,92
L1-1,2.81812,41.95326,93
L1-1,2.81815,41.95334,94
L1-1,2.81819,41.95342,95
L1-1,2.81824,41.9535,96
L1-1,2.81846,41.9538,97
L1-1,2.81856,41.95392,98
L1-1,2.81873,41.95412,99
L1-1,2.81888,41.95431,100
L1-1,2.81904,41.95453,101
L1-1,2.81934,41.95489,102
L1-1,2.81943,41.955,103
L1-1,2.81944,41.95501,104
L1-1,2.81952,41.95513,105
L1-1,2.81962,41.95529,106
L1-1,2.81967,41.95541,107
L1-1,2.81971,41.9555,108
L1-1,2.81973,41.95554,109
L1-1,2.81978,41.9557,110
L1-1,2.81982,41.95585,111
L1-1,2.81984,41.95599,112
L1-1,2.81986,41.95613,113
L1-1,2.81987,41.95623,114
L1-1,2.81989,41.95632,115
L1-1,2.81991,41.95655,116
L1-1,2.81993,41.95673,117
L1-1,2.81993,41.95679,118
L1-1,2.81994,41.95685,119
L1-1,2.81992,41.95702,120
L1-1,2.81991,41.95718,121
L1-1,2.81991,41.95723,122
L1-1,2.81989,41.95742,123
L1-1,2.81988,41.95749,124
L1-1,2.81985,41.95803,125
L1-1,2.81983,41.95836,126
L1-1,2.81982,41.95852,127
L1-1,2.81982,41.95856,128
L1-1,2.81984,41.95861,129
L1-1,2.81983,41.95883,130
L1-1,2.8198,41.95969,131
L1-1,2.8198,41.95994,132
L1-1,2.8198,41.9603,133
L1-1,2.8198,41.96041,134
L1-1,2.81982,41.96054,135
L1-1,2.81983,41.96067,136
L1-1,2.81978,41.96072,137
L1-1,2.81979,41.96086,138
L1-1,2.81981,41.96125,139
L1-1,2.81982,41.96143,140
L1-1,2.81987,41.96175,141
L1-1,2.81995,41.96217,142
L1-1,2.82011,41.96277,143
L1-1,2.82015,41.96288,144
L1-1,2.8202,41.96299,145
L1-1,2.8204,41.96342,146
L1-1,2.82049,41.96363,147
L1-1,2.8205,41.96366,148
L1-1,2.82053,41.96372,149
L1-1,2.82062,41.96395,150
L1-1,2.82064,41.96402,151
L1-1,2.82078,41.96458,152
L1-1,2.82078,41.96462,153
L1-1,2.8208,41.96472,154
L1-1,2.82083,41.96495,155
L1-1,2.82086,41.96525,156
L1-1,2.82087,41.96532,157
L1-1,2.82089,41.96579,158
L1-1,2.82093,41.96584,159
L1-1,2.82096,41.96605,160
L1-1,2.82097,41.96605,161
L1-1,2.82098,41.96605,162
L1-1,2.82099,41.96606,163
L1-1,2.821,41.96607,164
L1-1,2.82101,41.96607,165
L1-1,2.82102,41.96608,166
L1-1,2.82102,41.96609,167
L1-1,2.82103,41.96609,168
L1-1,2.82103,41.9661,169
L1-1,2.82104,41.96611,170
L1-1,2.82104,41.96612,171
L1-1,2.82105,41.96613,172
L1-1,2.82109,41.96614,173
L1-1,2.82133,41.96621,174
L1-1,2.82155,41.96629,175
L1-1,2.82194,41.96642,176
L1-1,2.82224,41.96655,177
L1-1,2.82239,41.96661,178
L1-1,2.82253,41.96669,179
L1-1,2.82254,41.96669,180
L1-1,2.82261,41.96673,181
L1-1,2.82265,41.96675,182
L1-1,2.82274,41.9668,183
L1-1,2.82282,41.96685,184
L1-1,2.82287,41.96688,185
L1-1,2.82296,41.96695,186
L1-1,2.82311,41.96707,187
L1-1,2.82316,41.96711,188
L1-1,2.82323,41.96717,189
L1-1,2.82324,41.96719,190
L1-1,2.82326,41.9672,191
L1-1,2.82337,41.96731,192
L1-1,2.82347,41.96743,193
L1-1,2.8235,41.96747,194
L1-1,2.82351,41.96747,195
L1-1,2.82353,41.96754,196
L1-1,2.82353,41.96755,197
L1-1,2.82356,41.96762,198
L1-1,2.82357,41.96762,199
L1-1,2.82358,41.96762,200
L1-1,2.82358,41.96763,201
L1-1,2.82359,41.96763,202
L1-1,2.8236,41.96763,203
L1-1,2.82361,41.96763,204
L1-1,2.82362,41.96764,205
L1-1,2.82363,41.96764,206
L1-1,2.82363,41.96765,207
L1-1,2.82364,41.96765,208
L1-1,2.82365,41.96766,209
L1-1,2.82365,41.96767,210
L1-1,2.82366,41.96767,211
L1-1,2.82366,41.96768,212
L1-1,2.82367,41.96768,213
L1-1,2.82367,41.96769,214
L1-1,2.82367,41.9677,215
L1-1,2.82367,41.96771,216
L1-1,2.82368,41.96771,217
L1-1,2.82368,41.96772,218
L1-1,2.82368,41.96773,219
L1-1,2.82367,41.96773,220
L1-1,2.82367,41.96774,221
L1-1,2.82367,41.96775,222
L1-1,2.82367,41.96776,223
L1-1,2.82366,41.96776,224
L1-1,2.82366,41.96777,225
L1-1,2.82365,41.96778,226
L1-1,2.82364,41.96779,227
L1-1,2.82363,41.96779,228
L1-1,2.82363,41.9678,229
L1-1,2.82362,41.9678,230
L1-1,2.82361,41.96781,231
L1-1,2.8236,41.96781,232
L1-1,2.82359,41.96781,233
L1-1,2.82359,41.96782,234
L1-1,2.82358,41.96782,235
L1-1,2.82357,41.96782,236
L1-1,2.82356,41.96782,237
L1-1,2.82355,41.96782,238
L1-1,2.82354,41.96782,239
L1-1,2.82353,41.96782,240
L1-1,2.82352,41.96782,241
L1-1,2.82351,41.96782,242
L1-1,2.8235,41.96782,243
L1-1,2.82349,41.96781,244
L1-1,2.82348,41.96781,245
L1-1,2.82347,41.96781,246
L1-1,2.82347,41.9678,247
L1-1,2.82346,41.9678,248
L1-1,2.82345,41.9678,249
L1-1,2.82345,41.96779,250
L1-1,2.82344,41.96779,251
L1-1,2.82343,41.96778,252
L1-1,2.82253,41.96801,253
L1-1,2.82127,41.96833,254
L1-1,2.82052,41.96851,255
L1-1,2.82048,41.96852,256
L1-1,2.81979,41.96871,257
L1-1,2.81918,41.96884,258
L1-1,2.81849,41.96898,259
L1-1,2.81849,41.96899,260
L1-1,2.81848,41.969,261
L1-1,2.81848,41.96901,262
L1-1,2.81847,41.96902,263
L1-1,2.81846,41.96903,264
L1-1,2.81844,41.96905,265
L1-1,2.81841,41.96906,266
L1-1,2.81856,41.96931,267
L1-1,2.81866,41.96951,268
L1-1,2.81875,41.96968,269
L1-1,2.81886,41.96987,270
L1-1,2.81888,41.96991,271
L1-1,2.81891,41.96998,272
L1-1,2.81894,41.97003,273
L1-1,2.81913,41.97036,274
L1-1,2.81925,41.97059,275
L1-1,2.81935,41.97081,276
L1-1,2.81955,41.97122,277
L1-1,2.81971,41.97158,278
L1-1,2.81975,41.97171,279
L1-1,2.81978,41.97175,280
L1-1,2.81984,41.97189,281
L1-1,2.81992,41.97211,282
L1-1,2.81996,41.9722,283
L1-1,2.82,41.9723,284
L1-1,2.82013,41.97263,285
L1-1,2.82016,41.97271,286
L1-1,2.82018,41.97275,287
L1-1,2.82025,41.97301,288
L1-1,2.82034,41.9733,289
L1-1,2.82041,41.97363,290
L1-1,2.82045,41.9738,291
L1-1,2.82049,41.97396,292
L1-1,2.8205,41.97399,293
L1-1,2.82051,41.97406,294
L1-1,2.82046,41.97465,295
L1-1,2.82045,41.97484,296
L1-1,2.82046,41.97503,297
L1-1,2.82047,41.97587,298
L1-1,2.82045,41.97594,299
L1-1,2.82045,41.97598,300
L1-1,2.82046,41.97601,301
L1-1,2.82047,41.97605,302
L1-1,2.82049,41.97609,303
L1-1,2.8205,41.9761,304
L1-1,2.8205,41.97612,305
L1-1,2.82068,41.97643,306
L1-1,2.82089,41.97683,307
L1-1,2.82108,41.9772,308
L1-1,2.82119,41.97742,309
L1-1,2.82129,41.9776,310
L1-1,2.82132,41.97765,311
L1-1,2.82162,41.97826,312
L1-1,2.82171,41.97831,313
L1-1,2.82191,41.97853,314
L1-1,2.82233,41.97874,315
L1-1,2.82246,41.97875,316
L1-1,2.82254,41.97879,317
L1-1,2.82255,41.97879,318
L1-1,2.82255,41.97878,319
L1-1,2.82256,41.97878,320
L1-1,2.82257,41.97878,321
L1-1,2.82258,41.97878,322
L1-1,2.82259,41.97878,323
L1-1,2.8226,41.97878,324
L1-1,2.82261,41.97878,325
L1-1,2.82262,41.97878,326
L1-1,2.82263,41.97878,327
L1-1,2.82264,41.97878,328
L1-1,2.82265,41.97878,329
L1-1,2.82265,41.97879,330
L1-1,2.82266,41.97879,331
L1-1,2.82267,41.97879,332
L1-1,2.82267,41.9788,333
L1-1,2.82268,41.9788,334
L1-1,2.82269,41.97881,335
L1-1,2.8227,41.97882,336
L1-1,2.8227,41.97883,337
L1-1,2.82271,41.97883,338
L1-1,2.82271,41.97884,339
L1-1,2.82271,41.97885,340
L1-1,2.82271,41.97886,341
L1-1,2.82271,41.97887,342
L1-1,2.82271,41.97888,343
L1-1,2.82271,41.97889,344
L1-1,2.82271,41.9789,345
L1-1,2.8227,41.9789,346
L1-1,2.8227,41.97891,347
L1-1,2.82269,41.97891,348
L1-1,2.82269,41.97892,349
L1-1,2.82268,41.97892,350
L1-1,2.82268,41.97893,351
L1-1,2.82267,41.97893,352
L1-1,2.82264,41.97903,353
L1-1,2.82258,41.97907,354
L1-1,2.82227,41.97935,355
L1-1,2.82226,41.9794,356
L1-1,2.82226,41.97941,357
L1-1,2.82227,41.97943,358
L1-1,2.82228,41.97946,359
L1-1,2.82239,41.97958,360
L1-1,2.82243,41.97962,361
L1-1,2.82246,41.97966,362
L1-1,2.82246,41.97967,363
L1-1,2.82246,41.97969,364
L1-1,2.82244,41.97972,365
L1-1,2.82241,41.97974,366
L1-1,2.8224,41.97976,367
L1-1,2.82217,41.97988,368
L1-1,2.82196,41.97999,369
L1-1,2.82189,41.98003,370
L1-1,2.82181,41.98007,371
L1-1,2.82161,41.98019,372
L1-1,2.82096,41.98056,373
L1-1,2.82088,41.98061,374
L1-1,2.82076,41.98067,375
L1-1,2.82062,41.98077,376
L1-1,2.82049,41.98086,377
L1-1,2.82046,41.98089,378
L1-1,2.82046,41.9809,379
L1-1,2.82039,41.98097,380
L1-1,2.82035,41.98103,381
L1-1,2.82028,41.98117,382
L1-1,2.82024,41.98125,383
L1-1,2.82018,41.98139,384
L1-1,2.82014,41.9815,385
L1-1,2.82006,41.98175,386
L1-1,2.81991,41.98234,387
L1-1,2.81989,41.98244,388
L1-1,2.81986,41.9826,389
L1-1,2.81984,41.98268,390
L1-1,2.81983,41.98272,391
L1-1,2.81978,41.98301,392
L1-1,2.81976,41.98315,393
L1-1,2.81975,41.9832,394
L1-1,2.81974,41.9833,395
L1-1,2.81972,41.98344,396
L1-1,2.81973,41.98352,397
L1-1,2.81977,41.98361,398
L1-1,2.82038,41.98426,399
L1-1,2.82054,41.98443,400
L1-1,2.82055,41.98444,401
L1-1,2.82061,41.98449,402
L1-1,2.82072,41.98458,403
L1-1,2.821,41.98481,404
L1-1,2.82112,41.98491,405
L1-1,2.82134,41.98509,406
L1-1,2.82136,41.98512,407
L1-1,2.82142,41.98515,408
L1-1,2.82212,41.98565,409
L1-1,2.82212,41.98566,410
L1-1,2.82222,41.98569,411
L1-1,2.82237,41.98579,412
L1-1,2.82246,41.98585,413
L1-1,2.82251,41.98589,414
L1-1,2.82257,41.98595,415
L1-1,2.82259,41.98596,416
L1-1,2.8226,41.98596,417
L1-1,2.82261,41.98596,418
L1-1,2.82262,41.98596,419
L1-1,2.82262,41.98597,420
L1-1,2.82263,41.98597,421
L1-1,2.82264,41.98597,422
L1-1,2.82265,41.98598,423
L1-1,2.82266,41.98598,424
L1-1,2.82266,41.98599,425
L1-1,2.82267,41.98599,426
L1-1,2.82267,41.986,427
L1-1,2.82268,41.986,428
L1-1,2.82268,41.98601,429
L1-1,2.82269,41.98601,430
L1-1,2.82269,41.98602,431
L1-1,2.82269,41.98603,432
L1-1,2.8227,41.98603,433
L1-1,2.8227,41.98604,434
L1-1,2.8227,41.98605,435
L1-1,2.8227,41.98606,436
L1-1,2.8227,41.98607,437
L1-1,2.8227,41.98608,438
L1-1,2.8227,41.98609,439
L1-1,2.82269,41.9861,440
L1-1,2.82269,41.98611,441
L1-1,2.82268,41.98611,442
L1-1,2.82268,41.98612,443
L1-1,2.82267,41.98613,444
L1-1,2.82266,41.98614,445
L1-1,2.82265,41.98614,446
L1-1,2.82265,41.98615,447
L1-1,2.82264,41.98615,448
L1-1,2.82263,41.98615,449
L1-1,2.82262,41.98616,450
L1-1,2.82261,41.98616,451
L1-1,2.8226,41.98616,452
L1-1,2.82259,41.98617,453
L1-1,2.82258,41.98617,454
L1-1,2.82257,41.98617,455
L1-1,2.82256,41.98617,456
L1-1,2.82255,41.98617,457
L1-1,2.82254,41.98617,458
L1-1,2.82253,41.98617,459
L1-1,2.82242,41.98622,460
L1-1,2.82197,41.98646,461
L1-1,2.82193,41.98648,462
L1-1,2.82183,41.98653,463
L1-1,2.82164,41.9866,464
L1-1,2.82159,41.98662,465
L1-1,2.82164,41.98668,466
L1-1,2.82168,41.98675,467
L1-1,2.82173,41.98686,468
L1-1,2.8217,41.98692,469
L1-1,2.82166,41.98695,470
L1-1,2.82164,41.98697,471
L1-1,2.82161,41.98699,472
L1-1,2.82158,41.98701,473
L1-1,2.82154,41.98703,474
L1-1,2.82159,41.98722,475
L1-1,2.82192,41.98755,476
L1-1,2.8221,41.98771,477
L1-1,2.82234,41.98799,478
L1-1,2.82236,41.98808,479
L1-1,2.82238,41.9882,480
L1-1,2.82237,41.98836,481
L1-1,2.82235,41.9885,482
L1-1,2.82231,41.98863,483
L1-1,2.82228,41.9888,484
L1-1,2.82228,41.9889,485
L1-1,2.82229,41.98899,486
L1-1,2.82232,41.98899,487
L1-1,2.82236,41.989,488
L1-1,2.82239,41.98901,489
L1-1,2.82242,41.98903,490
L1-1,2.82245,41.98904,491
L1-1,2.82247,41.98906,492
L1-1,2.8225,41.98908,493
L1-1,2.82252,41.9891,494
L1-1,2.82252,41.98911,495
L1-1,2.82253,41.98911,496
L1-1,2.82253,41.98912,497
L1-1,2.82254,41.98912,498
L1-1,2.82254,41.98913,499
L1-1,2.82255,41.98914,500
L1-1,2.82256,41.98917,501
L1-1,2.82257,41.9892,502
L1-1,2.82258,41.98923,503
L1-1,2.82259,41.98926,504
L1-1,2.82259,41.98929,505
L1-1,2.82259,41.98932,506
L1-1,2.82258,41.98935,507
L1-1,2.82257,41.98938,508
L1-1,2.82267,41.9894,509
L1-1,2.82275,41.98942,510
L1-1,2.82281,41.98943,511
L1-1,2.82282,41.98944,512
L1-1,2.82286,41.98947,513
L1-1,2.82366,41.98953,514
L1-1,2.82368,41.98954,515
L1-1,2.82385,41.98957,516
L1-1,2.82391,41.98959,517
L1-1,2.82417,41.98964,518
L1-1,2.82443,41.98991,519
L1-1,2.82457,41.99005,520
L1-1,2.82498,41.99046,521
L1-1,2.82533,41.99083,522
L1-1,2.8255,41.991,523
L1-1,2.82555,41.99103,524
L1-1,2.82557,41.99105,525
L1-1,2.82579,41.99127,526
L1-1,2.82585,41.9913,527
L1-1,2.82588,41.99131,528
L1-1,2.82591,41.99132,529
L1-1,2.82593,41.99132,530
L1-1,2.82595,41.99131,531
L1-1,2.82597,41.9913,532
L1-1,2.826,41.99128,533
L1-1,2.826,41.99127,534
L1-1,2.826,41.99125,535
L1-1,2.826,41.99122,536
L1-1,2.82601,41.99119,537
L1-1,2.82601,41.99118,538
L1-1,2.82601,41.99111,539
L1-1,2.82601,41.99108,540
L1-1,2.82601,41.99103,541
L1-1,2.82603,41.99087,542
L1-1,2.82605,41.9908,543
L1-1,2.82608,41.9907,544
L1-1,2.8261,41.99065,545
L1-1,2.82609,41.99062,546
L1-1,2.82627,41.99051,547
L1-1,2.8263,41.99047,548
L1-1,2.82632,41.99044,549
L1-1,2.82639,41.99026,550
L1-1,2.82642,41.99021,551
L1-1,2.82646,41.99018,552
L1-1,2.82652,41.99016,553
L1-1,2.82656,41.99016,554
L1-1,2.8266,41.99016,555
L1-1,2.82663,41.99017,556
L1-1,2.82667,41.99019,557
L1-1,2.82671,41.99022,558
L1-1,2.82672,41.99027,559
L1-1,2.82673,41.99031,560
L1-1,2.82669,41.99049,561
L1-1,2.82668,41.99052,562
L1-1,2.82668,41.99057,563
L1-1,2.82668,41.99059,564
L1-1,2.82668,41.99061,565
L1-1,2.82669,41.99063,566
L1-1,2.82669,41.99064,567
L1-1,2.8267,41.99065,568
L1-1,2.82671,41.99067,569
L1-1,2.82673,41.99068,570
L1-1,2.82674,41.99069,571
L1-1,2.82675,41.99069,572
L1-1,2.82678,41.9907,573
L1-1,2.82681,41.9907,574
L1-1,2.82683,41.9907,575
L1-1,2.82686,41.9907,576
L1-1,2.82688,41.99069,577
L1-1,2.8269,41.99068,578
L1-1,2.82692,41.99067,579
L1-1,2.82693,41.99067,580
L1-1,2.82694,41.99066,581
L1-1,2.82694,41.99064,582
L1-1,2.82695,41.99063,583
L1-1,2.82695,41.99061,584
L1-1,2.82695,41.9906,585
L1-1,2.82694,41.99058,586
L1-1,2.82694,41.99055,587
L1-1,2.82692,41.9905,588
L1-1,2.8269,41.99045,589
L1-1,2.82688,41.99039,590
L1-1,2.82687,41.99036,591
L1-1,2.82687,41.99035,592
L1-1,2.82687,41.99032,593
L1-1,2.82688,41.99029,594
L1-1,2.8269,41.99025,595
L1-1,2.82718,41.98989,596
L1-1,2.82723,41.98982,597
L1-1,2.82727,41.98978,598
L1-1,2.82731,41.98975,599
L1-1,2.82736,41.98973,600
L1-1,2.8274,41.98971,601
L1-1,2.82743,41.98969,602
L1-1,2.82746,41.98968,603
L1-1,2.8275,41.98968,604
L1-1,2.82753,41.98968,605
L1-1,2.82754,41.98968,606
L1-1,2.82755,41.98968,607
L1-1,2.8276,41.9897,608
L1-1,2.82763,41.98972,609
L1-1,2.82765,41.98974,610
L1-1,2.82767,41.98977,611
L1-1,2.82768,41.98981,612
L1-1,2.82768,41.98984,613
L1-1,2.82768,41.99002,614
L1-1,2.82769,41.99026,615
L1-1,2.82772,41.99045,616
L1-1,2.82773,41.99051,617
L1-1,2.82774,41.99058,618
L1-1,2.82778,41.9907,619
L1-1,2.8278,41.99076,620
L1-1,2.82782,41.9908,621
L1-1,2.82785,41.99083,622
L1-1,2.82788,41.99087,623
L1-1,2.82792,41.99092,624
L1-1,2.82796,41.99095,625
L1-1,2.828,41.99099,626
L1-1,2.82805,41.99102,627
L1-1,2.82813,41.99105,628
L1-1,2.8282,41.99106,629
L1-1,2.8283,41.99107,630
L1-1,2.8285,41.99107,631
L1-1,2.82857,41.99106,632
L1-1,2.82864,41.99105,633
L1-1,2.82872,41.99103,634
L1-1,2.82879,41.99101,635
L1-1,2.82885,41.99099,636
L1-1,2.82885,41.99098,637
L1-1,2.82888,41.99096,638
L1-1,2.82889,41.99096,639
L1-1,2.82891,41.99095,640
L1-1,2.82897,41.9909,641
L1-1,2.82898,41.99089,642
L1-1,2.82902,41.99084,643
L1-1,2.8291,41.99071,644
L1-1,2.82912,41.99067,645
L1-1,2.82914,41.99061,646
L1-1,2.82928,41.9903,647
L1-1,2.82937,41.99012,648
L1-1,2.82944,41.99001,649
L1-1,2.82951,41.98994,650
L1-1,2.82959,41.98989,651
L1-1,2.82971,41.98985,652
L1-1,2.82979,41.98985,653
L1-1,2.82986,41.98986,654
L1-1,2.82994,41.98987,655
L1-1,2.83003,41.98989,656
L1-1,2.83015,41.98994,657
L1-1,2.83025,41.99,658
L1-1,2.83031,41.99007,659
L1-1,2.83034,41.99013,660
L1-1,2.83035,41.9902,661
L1-1,2.83034,41.99025,662
L1-1,2.83034,41.99026,663
L1-1,2.83033,41.9903,664
L1-1,2.83032,41.99033,665
L1-1,2.83029,41.99038,666
L1-1,2.83014,41.99051,667
L1-1,2.83,41.99063,668
L1-1,2.82989,41.99074,669
L1-1,2.82985,41.99079,670
L1-1,2.82983,41.99082,671
L1-1,2.82979,41.99094,672
L1-1,2.82979,41.99102,673
L1-1,2.82981,41.99112,674
L1-1,2.82985,41.99122,675
L1-1,2.82988,41.99129,676
L1-1,2.8299,41.99144,677
L1-1,2.82991,41.99151,678
L1-1,2.82989,41.99159,679
L1-1,2.82988,41.99162,680
L1-1,2.82986,41.99167,681
L1-1,2.82979,41.99172,682
L1-1,2.82974,41.99176,683
L1-1,2.82963,41.99182,684
L1-1,2.82945,41.99193,685
L1-1,2.82899,41.99219,686
L1-1,2.82885,41.99228,687
L1-1,2.82864,41.99238,688
L1-1,2.82859,41.99242,689
L1-1,2.82857,41.99245,690
L1-1,2.82854,41.99249,691
L1-1,2.82852,41.99253,692
L1-1,2.8285,41.99261,693
L1-1,2.82851,41.99266,694
L1-1,2.82853,41.99272,695
L1-1,2.82859,41.9928,696
L1-1,2.82863,41.99286,697
L1-1,2.82868,41.99289,698
L1-1,2.82877,41.99293,699
L1-1,2.82888,41.99296,700
L1-1,2.82892,41.99297,701
L1-1,2.82897,41.99297,702
L1-1,2.82902,41.99297,703
L1-1,2.82908,41.99296,704
L1-1,2.82927,41.99287,705
L1-1,2.82954,41.99274,706
L1-1,2.8298,41.99262,707
L1-1,2.82985,41.99259,708
L1-1,2.82994,41.99254,709
L1-1,2.83012,41.99246,710
L1-1,2.8303,41.99239,711
L1-1,2.83039,41.99262,712
L1-1,2.8304,41.99269,713
L1-1,2.83041,41.99289,714
L1-1,2.83041,41.99301,715
L1-1,2.83042,41.99308,716
L1-1,2.83043,41.99317,717
L1-1,2.83043,41.99324,718
L1-1,2.83045,41.9934,719
L1-1,2.83043,41.9935,720
L1-1,2.83012,41.99415,721
L1-1,2.83009,41.99421,722
L1-1,2.83009,41.99427,723
L1-1,2.83011,41.99437,724
L1-1,2.83017,41.99448,725
L1-1,2.83019,41.99451,726
L1-1,2.8307,41.99482,727
L1-1,2.83085,41.99491,728
L1-1,2.83106,41.99504,729
L1-1,2.8311,41.99507,730
L1-1,2.83122,41.99514,731
L1-1,2.8313,41.99517,732
L1-1,2.83139,41.99519,733
L1-1,2.83149,41.99519,734
L1-1,2.83162,41.99518,735
L1-1,2.83181,41.99516,736
L1-1,2.8319,41.99514,737
L1-1,2.83199,41.99514,738
L1-1,2.83212,41.99516,739
L1-1,2.83228,41.9952,740
L1-1,2.83244,41.99527,741
L1-1,2.83259,41.99536,742
L1-1,2.83274,41.99546,743
L1-1,2.83292,41.99557,744
L1-1,2.83301,41.99534,745
L1-1,2.83323,41.99493,746
L1-1,2.83338,41.99462,747
L1-1,2.83348,41.99447,748
L1-1,2.83362,41.99434,749
L1-1,2.83368,41.99437,750
L1-1,2.83381,41.99444,751
L1-1,2.83382,41.99445,752
L1-1,2.83392,41.9945,753
L1-1,2.83412,41.99462,754
L1-1,2.83481,41.99503,755
L1-1,2.83503,41.99517,756
L1-1,2.83514,41.99524,757
L1-1,2.83527,41.99528,758
L1-1,2.83528,41.99529,759
L1-1,2.83532,41.9953,760
L1-1,2.83539,41.99532,761
L1-1,2.83556,41.99537,762
L1-1,2.83572,41.9954,763
L1-1,2.83576,41.9954,764
L1-1,2.83587,41.99542,765
L1-1,2.83602,41.99541,766
L1-1,2.83604,41.99541,767
L1-1,2.83612,41.99541,768
L1-1,2.83628,41.99539,769
L1-1,2.8365,41.99536,770
L1-1,2.83659,41.99536,771
L1-1,2.83674,41.99538,772
L1-1,2.83676,41.99549,773
L1-1,2.83678,41.99555,774
L1-1,2.8368,41.99567,775
L1-1,2.83684,41.99586,776
L1-1,2.83692,41.99622,777
L1-1,2.83705,41.99684,778
L1-1,2.83706,41.99689,779
L1-1,2.83707,41.99696,780
L1-1,2.83704,41.99715,781
L1-1,2.83678,41.997,782
L1-1,2.83669,41.99695,783
L1-1,2.83662,41.99692,784
L1-1,2.83654,41.99689,785
L1-1,2.83646,41.99687,786
L1-1,2.83635,41.99685,787
L1-1,2.83607,41.9968,788
L1-1,2.83587,41.99676,789
L1-1,2.83582,41.99675,790
L1-1,2.83571,41.99674,791
L1-1,2.83548,41.99668,792
L1-1,2.83503,41.9966,793
L1-1,2.83495,41.99658,794
L1-1,2.83485,41.99656,795
L1-1,2.83464,41.99651,796
L1-1,2.83455,41.99648,797
L1-1,2.83438,41.99641,798
L1-1,2.83422,41.99634,799
L1-1,2.83406,41.99624,800
L1-1,2.83348,41.9959,801
L1-1,2.83292,41.99557,802
L1-1,2.83301,41.99534,803
L1-1,2.83321,41.99497,804
L11-702,2.81197,41.98335,2
L11-702,2.81314,41.98365,3
L11-702,2.81336,41.98334,4
L11-702,2.81352,41.98311,5
L11-702,2.81373,41.98283,6
L11-702,2.81389,41.98261,7
L11-702,2.81394,41.98254,8
L11-702,2.8141,41.98232,9
L11-702,2.81433,41.98202,10
L11-702,2.81451,41.9818,11
L11-702,2.81473,41.98149,12
L11-702,2.81479,41.98151,13
L11-702,2.81536,41.98173,14
L11-702,2.81515,41.98201,15
L11-702,2.81514,41.98203,16
L11-702,2.81473,41.98258,17
L11-702,2.81465,41.9827,18
L11-702,2.81457,41.9828,19
L11-702,2.81436,41.98309,20
L11-702,2.81415,41.98338,21
L11-702,2.81399,41.98359,22
L11-702,2.81378,41.98385,23
L11-702,2.81361,41.98409,24
L11-702,2.81349,41.98428,25
L11-702,2.81347,41.98431,26
L11-702,2.81346,41.98435,27
L11-702,2.81345,41.98439,28
L11-702,2.81345,41.98443,29
L11-702,2.81355,41.98442,30
L11-702,2.81375,41.98441,31
L11-702,2.81395,41.98441,32
L11-702,2.81417,41.98444,33
L11-702,2.81453,41.98451,34
L11-702,2.81466,41.98454,35
L11-702,2.81518,41.98464,36
L11-702,2.81541,41.98469,37
L11-702,2.81596,41.9848,38
L11-702,2.81643,41.98489,39
L11-702,2.81658,41.98491,40
L11-702,2.81689,41.98493,41
L11-702,2.81689,41.98491,42
L11-702,2.81689,41.98489,43
L11-702,2.8169,41.98487,44
L11-702,2.8169,41.98484,45
L11-702,2.81691,41.98482,46
L11-702,2.81693,41.9848,47
L11-702,2.81694,41.98478,48
L11-702,2.81696,41.98477,49
L11-702,2.81698,41.98475,50
L11-702,2.81702,41.98473,51
L11-702,2.81703,41.98472,52
L11-702,2.81704,41.98472,53
L11-702,2.81705,41.98471,54
L11-702,2.81706,41.98471,55
L11-702,2.81707,41.98471,56
L11-702,2.81708,41.9847,57
L11-702,2.8171,41.9847,58
L11-702,2.81711,41.9847,59
L11-702,2.81713,41.98469,60
L11-702,2.81715,41.98469,61
L11-702,2.81717,41.98469,62
L11-702,2.81719,41.98469,63
L11-702,2.81721,41.98469,64
L11-702,2.81723,41.9847,65
L11-702,2.81724,41.9847,66
L11-702,2.81726,41.98471,67
L11-702,2.81728,41.98471,68
L11-702,2.8173,41.98472,69
L11-702,2.81731,41.98472,70
L11-702,2.81732,41.98473,71
L11-702,2.81733,41.98473,72
L11-702,2.81734,41.98474,73
L11-702,2.81736,41.98475,74
L11-702,2.81737,41.98475,75
L11-702,2.81738,41.98476,76
L11-702,2.81739,41.98476,77
L11-702,2.81739,41.98477,78
L11-702,2.8174,41.98478,79
L11-702,2.81741,41.98478,80
L11-702,2.81742,41.98479,81
L11-702,2.81742,41.9848,82
L11-702,2.81743,41.9848,83
L11-702,2.81744,41.98481,84
L11-702,2.81745,41.98482,85
L11-702,2.81746,41.98484,86
L11-702,2.81746,41.98486,87
L11-702,2.81747,41.98488,88
L11-702,2.81747,41.9849,89
L11-702,2.81748,41.98492,90
L11-702,2.81747,41.98494,91
L11-702,2.81747,41.98496,92
L11-702,2.81746,41.98498,93
L11-702,2.81786,41.98546,94
L11-702,2.81799,41.98562,95
L11-702,2.818,41.98565,96
L11-702,2.81859,41.98577,97
L11-702,2.81862,41.98578,98
L11-702,2.82046,41.98627,99
L11-702,2.82053,41.98628,100
L11-702,2.82095,41.98641,101
L11-702,2.82097,41.98639,102
L11-702,2.82099,41.98639,103
L11-702,2.82102,41.98637,104
L11-702,2.82104,41.98636,105
L11-702,2.82112,41.98634,106
L11-702,2.82118,41.98634,107
L11-702,2.82123,41.98635,108
L11-702,2.82126,41.98636,109
L11-702,2.82132,41.98639,110
L11-702,2.82146,41.98649,111
L11-702,2.82152,41.98647,112
L11-702,2.82171,41.98641,113
L11-702,2.82181,41.98637,114
L11-702,2.82185,41.98635,115
L11-702,2.82232,41.98614,116
L11-702,2.82242,41.98609,117
L11-702,2.82241,41.98608,118
L11-702,2.82241,41.98607,119
L11-702,2.82241,41.98606,120
L11-702,2.82241,41.98605,121
L11-702,2.82241,41.98604,122
L11-702,2.82242,41.98603,123
L11-702,2.82242,41.98602,124
L11-702,2.82243,41.98601,125
L11-702,2.82243,41.986,126
L11-702,2.82244,41.986,127
L11-702,2.82244,41.98599,128
L11-702,2.82238,41.9859,129
L11-702,2.82232,41.98584,130
L11-702,2.82218,41.98572,131
L11-702,2.82212,41.98566,132
L11-702,2.82212,41.98565,133
L11-702,2.82142,41.98515,134
L11-702,2.82136,41.98512,135
L11-702,2.82134,41.98509,136
L11-702,2.82112,41.98491,137
L11-702,2.821,41.98481,138
L11-702,2.82072,41.98458,139
L11-702,2.82061,41.98449,140
L11-702,2.82055,41.98444,141
L11-702,2.82054,41.98443,142
L11-702,2.82038,41.98426,143
L11-702,2.81977,41.98361,144
L11-702,2.81973,41.98352,145
L11-702,2.81972,41.98344,146
L11-702,2.81974,41.9833,147
L11-702,2.81975,41.9832,148
L11-702,2.81976,41.98315,149
L11-702,2.81983,41.98272,150
L11-702,2.81984,41.98268,151
L11-702,2.81986,41.9826,152
L11-702,2.81989,41.98244,153
L11-702,2.81991,41.98234,154
L11-702,2.82006,41.98175,155
L11-702,2.82014,41.9815,156
L11-702,2.82018,41.98139,157
L11-702,2.82046,41.98139,158
L11-702,2.82055,41.9814,159
L11-702,2.82168,41.98128,160
L11-702,2.82279,41.98115,161
L11-702,2.82299,41.98119,162
L11-702,2.8232,41.98119,163
L11-702,2.82328,41.98097,164
L11-702,2.8234,41.98064,165
L11-702,2.82344,41.98054,166
L11-702,2.82344,41.98053,167
L11-702,2.82346,41.98046,168
L11-702,2.8235,41.98037,169
L11-702,2.8235,41.98035,170
L11-702,2.82352,41.98027,171
L11-702,2.82356,41.98005,172
L11-702,2.82359,41.97985,173
L11-702,2.8236,41.97981,174
L11-702,2.82372,41.97888,175
L11-702,2.82318,41.97885,176
L11-702,2.82306,41.97884,177
L11-702,2.82271,41.97889,178
L11-702,2.82271,41.9789,179
L11-702,2.8227,41.9789,180
L11-702,2.8227,41.97891,181
L11-702,2.82269,41.97891,182
L11-702,2.82269,41.97892,183
L11-702,2.82268,41.97892,184
L11-702,2.82268,41.97893,185
L11-702,2.82267,41.97893,186
L11-702,2.82266,41.97893,187
L11-702,2.82266,41.97894,188
L11-702,2.82265,41.97894,189
L11-702,2.82264,41.97894,190
L11-702,2.82264,41.97895,191
L11-702,2.82263,41.97895,192
L11-702,2.82262,41.97895,193
L11-702,2.82261,41.97895,194
L11-702,2.8226,41.97895,195
L11-702,2.82259,41.97895,196
L11-702,2.82258,41.97895,197
L11-702,2.82257,41.97895,198
L11-702,2.82256,41.97895,199
L11-702,2.82256,41.97894,200
L11-702,2.82255,41.97894,201
L11-702,2.82254,41.97894,202
L11-702,2.82253,41.97894,203
L11-702,2.82253,41.97893,204
L11-702,2.82252,41.97893,205
L11-702,2.82251,41.97892,206
L11-702,2.8225,41.97892,207
L11-702,2.8225,41.97891,208
L11-702,2.8225,41.9789,209
L11-702,2.82249,41.9789,210
L11-702,2.82249,41.97889,211
L11-702,2.82248,41.97888,212
L11-702,2.82248,41.97887,213
L11-702,2.82248,41.97886,214
L11-702,2.82248,41.97885,215
L11-702,2.82248,41.97884,216
L11-702,2.82249,41.97884,217
L11-702,2.82249,41.97883,218
L11-702,2.82242,41.9788,219
L11-702,2.82233,41.97874,220
L11-702,2.82191,41.97853,221
L11-702,2.82171,41.97831,222
L11-702,2.82162,41.97826,223
L11-702,2.82129,41.9776,224
L11-702,2.82119,41.97742,225
L11-702,2.82108,41.9772,226
L11-702,2.82089,41.97683,227
L11-702,2.82068,41.97643,228
L11-702,2.8205,41.97612,229
L11-702,2.8205,41.9761,230
L11-702,2.82049,41.97609,231
L11-702,2.82047,41.97605,232
L11-702,2.82046,41.97601,233
L11-702,2.82045,41.97598,234
L11-702,2.82045,41.97594,235
L11-702,2.82047,41.97587,236
L11-702,2.82046,41.97503,237
L11-702,2.82045,41.97484,238
L11-702,2.82063,41.97479,239
L11-702,2.82122,41.97468,240
L11-702,2.82128,41.97467,241
L11-702,2.82206,41.9745,242
L11-702,2.82212,41.97449,243
L11-702,2.82223,41.97447,244
L11-702,2.82278,41.97436,245
L11-702,2.82297,41.97433,246
L11-702,2.82324,41.9743,247
L11-702,2.82332,41.97429,248
L11-702,2.82341,41.97428,249
L11-702,2.82361,41.97425,250
L11-702,2.82365,41.97423,251
L11-702,2.82393,41.97418,252
L11-702,2.82403,41.97417,253
L11-702,2.82422,41.97415,254
L11-702,2.82422,41.9741,255
L11-702,2.82423,41.97407,256
L11-702,2.82424,41.97404,257
L11-702,2.82426,41.97401,258
L11-702,2.82428,41.97398,259
L11-702,2.82431,41.97396,260
L11-702,2.82434,41.97394,261
L11-702,2.82437,41.97392,262
L11-702,2.8244,41.9739,263
L11-702,2.82442,41.9739,264
L11-702,2.82443,41.97389,265
L11-702,2.82444,41.97389,266
L11-702,2.82446,41.97388,267
L11-702,2.82447,41.97388,268
L11-702,2.82449,41.97388,269
L11-702,2.8245,41.97387,270
L11-702,2.82452,41.97387,271
L11-702,2.82457,41.97387,272
L11-702,2.82461,41.97387,273
L11-702,2.82465,41.97388,274
L11-702,2.82469,41.97389,275
L11-702,2.82473,41.9739,276
L11-702,2.82476,41.97391,277
L11-702,2.8248,41.97393,278
L11-702,2.82483,41.97395,279
L11-702,2.82485,41.97398,280
L11-702,2.82513,41.97394,281
L11-702,2.8258,41.9738,282
L11-702,2.82623,41.97371,283
L11-702,2.82663,41.97364,284
L11-702,2.8267,41.97363,285
L11-702,2.827,41.97358,286
L11-702,2.82752,41.97351,287
L11-702,2.82757,41.9735,288
L11-702,2.82779,41.97347,289
L11-702,2.8282,41.97343,290
L11-702,2.82836,41.97341,291
L11-702,2.82856,41.9734,292
L11-702,2.82867,41.97339,293
L11-702,2.82937,41.97338,294
L11-702,2.82972,41.97337,295
L11-702,2.83009,41.97337,296
L11-702,2.83032,41.97335,297
L11-702,2.83063,41.97333,298
L11-702,2.83059,41.97317,299
L11-702,2.83056,41.97302,300
L11-702,2.83048,41.97284,301
L11-702,2.83047,41.97281,302
L11-702,2.83044,41.97275,303
L11-702,2.83036,41.97263,304
L11-702,2.83031,41.97256,305
L11-702,2.83027,41.97252,306
L11-702,2.83026,41.9725,307
L11-702,2.83026,41.97249,308
L11-702,2.83026,41.97248,309
L11-702,2.83027,41.97245,310
L11-702,2.83023,41.9724,311
L11-702,2.83011,41.97217,312
L11-702,2.83002,41.97197,313
L11-702,2.8299,41.9718,314
L11-702,2.82978,41.97162,315
L11-702,2.82977,41.97159,316
L11-702,2.82977,41.97158,317
L11-702,2.82976,41.97156,318
L11-702,2.82977,41.97155,319
L11-702,2.82977,41.97153,320
L11-702,2.82978,41.97151,321
L11-702,2.8298,41.97149,322
L11-702,2.82983,41.97147,323
L11-702,2.82976,41.97141,324
L11-702,2.82957,41.97142,325
L11-702,2.82945,41.97144,326
L11-702,2.82938,41.97145,327
L11-702,2.82933,41.97147,328
L11-702,2.82902,41.97164,329
L11-702,2.82899,41.97167,330
L11-702,2.82874,41.97184,331
L11-702,2.82867,41.97188,332
L11-702,2.82867,41.97189,333
L11-702,2.82867,41.9719,334
L11-702,2.8288,41.97205,335
L11-702,2.82896,41.97225,336
L11-702,2.82903,41.97234,337
L11-702,2.82886,41.97237,338
L11-702,2.82875,41.97238,339
L11-702,2.82826,41.97244,340
L11-702,2.82814,41.97245,341
L11-702,2.82747,41.97243,342
L11-702,2.82739,41.97242,343
L11-702,2.8278,41.97142,344
L11-702,2.82704,41.97111,345
L11-702,2.827,41.97116,346
L11-702,2.82698,41.97118,347
L11-702,2.82691,41.97123,348
L11-702,2.82688,41.97124,349
L11-702,2.82679,41.97126,350
L11-702,2.82668,41.97127,351
L11-702,2.82657,41.97124,352
L11-702,2.82652,41.97121,353
L11-702,2.82646,41.97118,354
L11-702,2.82643,41.97115,355
L11-702,2.8264,41.97108,356
L11-702,2.82638,41.97104,357
L11-702,2.82637,41.97095,358
L11-702,2.82641,41.97083,359
L11-702,2.82643,41.97079,360
L11-702,2.82643,41.97074,361
L11-702,2.82645,41.97069,362
L11-702,2.8266,41.97019,363
L11-702,2.82661,41.97017,364
L11-702,2.82674,41.96966,365
L11-702,2.82698,41.96876,366
L11-702,2.827,41.96873,367
L11-702,2.82732,41.96758,368
L11-702,2.82742,41.96723,369
L11-702,2.82752,41.96721,370
L11-702,2.82817,41.96708,371
L11-702,2.82827,41.96706,372
L11-702,2.82839,41.96703,373
L11-702,2.8288,41.96693,374
L11-702,2.82906,41.96686,375
L11-702,2.82922,41.96681,376
L11-702,2.82948,41.96674,377
L11-702,2.82988,41.96663,378
L11-702,2.82992,41.96662,379
L11-702,2.83058,41.96642,380
L11-702,2.83078,41.96637,381
L11-702,2.83104,41.96627,382
L11-702,2.8311,41.96624,383
L11-702,2.83127,41.96613,384
L11-702,2.83137,41.96608,385
L11-702,2.83162,41.96593,386
L11-702,2.8317,41.96589,387
L11-702,2.83183,41.96569,388
L11-702,2.83197,41.96544,389
L11-702,2.832,41.96538,390
L11-702,2.83215,41.96509,391
L11-702,2.83221,41.96499,392
L11-702,2.83242,41.96459,393
L11-702,2.83251,41.96442,394
L11-702,2.83267,41.96413,395
L11-702,2.83295,41.96364,396
L11-702,2.83199,41.96352,397
L11-702,2.83194,41.96374,398
L11-702,2.83182,41.96408,399
L11-702,2.83172,41.96425,400
L11-702,2.83158,41.96438,401
L11-702,2.83153,41.96443,402
L11-702,2.83146,41.96446,403
L11-702,2.83139,41.96449,404
L11-702,2.83128,41.96452,405
L11-702,2.83115,41.96456,406
L11-702,2.83089,41.96464,407
L11-702,2.83042,41.96476,408
L11-702,2.82992,41.96486,409
L11-702,2.82984,41.96488,410
L11-702,2.82977,41.9649,411
L11-702,2.82972,41.96492,412
L11-702,2.82967,41.96495,413
L11-702,2.82915,41.96475,414
L11-702,2.82914,41.96475,415
L11-702,2.82914,41.96476,416
L11-702,2.82913,41.96476,417
L11-702,2.82912,41.96477,418
L11-702,2.82911,41.96477,419
L11-702,2.8291,41.96478,420
L11-702,2.82909,41.96478,421
L11-702,2.82908,41.96478,422
L11-702,2.82907,41.96479,423
L11-702,2.82906,41.96479,424
L11-702,2.82905,41.96479,425
L11-702,2.82904,41.9648,426
L11-702,2.82903,41.9648,427
L11-702,2.82902,41.9648,428
L11-702,2.82901,41.9648,429
L11-702,2.829,41.9648,430
L11-702,2.82898,41.9648,431
L11-702,2.82897,41.9648,432
L11-702,2.82896,41.9648,433
L11-702,2.82895,41.9648,434
L11-702,2.82894,41.9648,435
L11-702,2.82893,41.96479,436
L11-702,2.8289,41.96493,437
L11-802,2.81197,41.98335,2
L11-802,2.81314,41.98365,3
L11-802,2.81336,41.98334,4
L11-802,2.81352,41.98311,5
L11-802,2.81373,41.98283,6
L11-802,2.81389,41.98261,7
L11-802,2.81394,41.98254,8
L11-802,2.8141,41.98232,9
L11-802,2.81433,41.98202,10
L11-802,2.81451,41.9818,11
L11-802,2.81473,41.98149,12
L11-802,2.81479,41.98151,13
L11-802,2.81536,41.98173,14
L11-802,2.81515,41.98201,15
L11-802,2.81514,41.98203,16
L11-802,2.81473,41.98258,17
L11-802,2.81465,41.9827,18
L11-802,2.81457,41.9828,19
L11-802,2.81436,41.98309,20
L11-802,2.81415,41.98338,21
L11-802,2.81399,41.98359,22
L11-802,2.81378,41.98385,23
L11-802,2.81361,41.98409,24
L11-802,2.81349,41.98428,25
L11-802,2.81347,41.98431,26
L11-802,2.81346,41.98435,27
L11-802,2.81345,41.98439,28
L11-802,2.81345,41.98443,29
L11-802,2.81355,41.98442,30
L11-802,2.81375,41.98441,31
L11-802,2.81395,41.98441,32
L11-802,2.81417,41.98444,33
L11-802,2.81453,41.98451,34
L11-802,2.81466,41.98454,35
L11-802,2.81518,41.98464,36
L11-802,2.81541,41.98469,37
L11-802,2.81596,41.9848,38
L11-802,2.81643,41.98489,39
L11-802,2.81658,41.98491,40
L11-802,2.81689,41.98493,41
L11-802,2.81689,41.98491,42
L11-802,2.81689,41.98489,43
L11-802,2.8169,41.98487,44
L11-802,2.8169,41.98484,45
L11-802,2.81691,41.98482,46
L11-802,2.81693,41.9848,47
L11-802,2.81694,41.98478,48
L11-802,2.81696,41.98477,49
L11-802,2.81698,41.98475,50
L11-802,2.81702,41.98473,51
L11-802,2.81703,41.98472,52
L11-802,2.81704,41.98472,53
L11-802,2.81705,41.98471,54
L11-802,2.81706,41.98471,55
L11-802,2.81707,41.98471,56
L11-802,2.81708,41.9847,57
L11-802,2.8171,41.9847,58
L11-802,2.81711,41.9847,59
L11-802,2.81713,41.98469,60
L11-802,2.81715,41.98469,61
L11-802,2.81717,41.98469,62
L11-802,2.81719,41.98469,63
L11-802,2.81721,41.98469,64
L11-802,2.81723,41.9847,65
L11-802,2.81724,41.9847,66
L11-802,2.81726,41.98471,67
L11-802,2.81728,41.98471,68
L11-802,2.8173,41.98472,69
L11-802,2.81731,41.98472,70
L11-802,2.81732,41.98473,71
L11-802,2.81733,41.98473,72
L11-802,2.81734,41.98474,73
L11-802,2.81736,41.98475,74
L11-802,2.81737,41.98475,75
L11-802,2.81738,41.98476,76
L11-802,2.81739,41.98476,77
L11-802,2.81739,41.98477,78
L11-802,2.8174,41.98478,79
L11-802,2.81741,41.98478,80
L11-802,2.81742,41.98479,81
L11-802,2.81742,41.9848,82
L11-802,2.81743,41.9848,83
L11-802,2.81744,41.98481,84
L11-802,2.81745,41.98482,85
L11-802,2.81746,41.98484,86
L11-802,2.81746,41.98486,87
L11-802,2.81747,41.98488,88
L11-802,2.81747,41.9849,89
L11-802,2.81748,41.98492,90
L11-802,2.81747,41.98494,91
L11-802,2.81747,41.98496,92
L11-802,2.81746,41.98498,93
L11-802,2.81786,41.98546,94
L11-802,2.81799,41.98562,95
L11-802,2.818,41.98565,96
L11-802,2.81859,41.98577,97
L11-802,2.81862,41.98578,98
L11-802,2.82046,41.98627,99
L11-802,2.82053,41.98628,100
L11-802,2.82095,41.98641,101
L11-802,2.82097,41.98639,102
L11-802,2.82099,41.98639,103
L11-802,2.82102,41.98637,104
L11-802,2.82104,41.98636,105
L11-802,2.82112,41.98634,106
L11-802,2.82118,41.98634,107
L11-802,2.82123,41.98635,108
L11-802,2.82126,41.98636,109
L11-802,2.82132,41.98639,110
L11-802,2.82146,41.98649,111
L11-802,2.82152,41.98647,112
L11-802,2.82171,41.98641,113
L11-802,2.82181,41.98637,114
L11-802,2.82185,41.98635,115
L11-802,2.82232,41.98614,116
L11-802,2.82242,41.98609,117
L11-802,2.82241,41.98608,118
L11-802,2.82241,41.98607,119
L11-802,2.82241,41.98606,120
L11-802,2.82241,41.98605,121
L11-802,2.82241,41.98604,122
L11-802,2.82242,41.98603,123
L11-802,2.82242,41.98602,124
L11-802,2.82243,41.98601,125
L11-802,2.82243,41.986,126
L11-802,2.82244,41.986,127
L11-802,2.82244,41.98599,128
L11-802,2.82238,41.9859,129
L11-802,2.82232,41.98584,130
L11-802,2.82218,41.98572,131
L11-802,2.82212,41.98566,132
L11-802,2.82212,41.98565,133
L11-802,2.82142,41.98515,134
L11-802,2.82136,41.98512,135
L11-802,2.82134,41.98509,136
L11-802,2.82112,41.98491,137
L11-802,2.821,41.98481,138
L11-802,2.82072,41.98458,139
L11-802,2.82061,41.98449,140
L11-802,2.82055,41.98444,141
L11-802,2.82054,41.98443,142
L11-802,2.82038,41.98426,143
L11-802,2.81977,41.98361,144
L11-802,2.81973,41.98352,145
L11-802,2.81972,41.98344,146
L11-802,2.81974,41.9833,147
L11-802,2.81975,41.9832,148
L11-802,2.81976,41.98315,149
L11-802,2.81983,41.98272,150
L11-802,2.81984,41.98268,151
L11-802,2.81986,41.9826,152
L11-802,2.81989,41.98244,153
L11-802,2.81991,41.98234,154
L11-802,2.82006,41.98175,155
L11-802,2.82014,41.9815,156
L11-802,2.82018,41.98139,157
L11-802,2.82046,41.98139,158
L11-802,2.82055,41.9814,159
L11-802,2.82168,41.98128,160
L11-802,2.82279,41.98115,161
L11-802,2.82299,41.98119,162
L11-802,2.8232,41.98119,163
L11-802,2.82328,41.98097,164
L11-802,2.8234,41.98064,165
L11-802,2.82344,41.98054,166
L11-802,2.82344,41.98053,167
L11-802,2.82346,41.98046,168
L11-802,2.8235,41.98037,169
L11-802,2.8235,41.98035,170
L11-802,2.82352,41.98027,171
L11-802,2.82356,41.98005,172
L11-802,2.82359,41.97985,173
L11-802,2.8236,41.97981,174
L11-802,2.82372,41.97888,175
L11-802,2.82318,41.97885,176
L11-802,2.82306,41.97884,177
L11-802,2.82271,41.97889,178
L11-802,2.82271,41.9789,179
L11-802,2.8227,41.9789,180
L11-802,2.8227,41.97891,181
L11-802,2.82269,41.97891,182
L11-802,2.82269,41.97892,183
L11-802,2.82268,41.97892,184
L11-802,2.82268,41.97893,185
L11-802,2.82267,41.97893,186
L11-802,2.82266,41.97893,187
L11-802,2.82266,41.97894,188
L11-802,2.82265,41.97894,189
L11-802,2.82264,41.97894,190
L11-802,2.82264,41.97895,191
L11-802,2.82263,41.97895,192
L11-802,2.82262,41.97895,193
L11-802,2.82261,41.97895,194
L11-802,2.8226,41.97895,195
L11-802,2.82259,41.97895,196
L11-802,2.82258,41.97895,197
L11-802,2.82257,41.97895,198
L11-802,2.82256,41.97895,199
L11-802,2.82256,41.97894,200
L11-802,2.82255,41.97894,201
L11-802,2.82254,41.97894,202
L11-802,2.82253,41.97894,203
L11-802,2.82253,41.97893,204
L11-802,2.82252,41.97893,205
L11-802,2.82251,41.97892,206
L11-802,2.8225,41.97892,207
L11-802,2.8225,41.97891,208
L11-802,2.8225,41.9789,209
L11-802,2.82249,41.9789,210
L11-802,2.82249,41.97889,211
L11-802,2.82248,41.97888,212
L11-802,2.82248,41.97887,213
L11-802,2.82248,41.97886,214
L11-802,2.82248,41.97885,215
L11-802,2.82248,41.97884,216
L11-802,2.82249,41.97884,217
L11-802,2.82249,41.97883,218
L11-802,2.82242,41.9788,219
L11-802,2.82233,41.97874,220
L11-802,2.82191,41.97853,221
L11-802,2.82171,41.97831,222
L11-802,2.82162,41.97826,223
L11-802,2.82129,41.9776,224
L11-802,2.82119,41.97742,225
L11-802,2.82108,41.9772,226
L11-802,2.82089,41.97683,227
L11-802,2.82068,41.97643,228
L11-802,2.8205,41.97612,229
L11-802,2.8205,41.9761,230
L11-802,2.82049,41.97609,231
L11-802,2.82047,41.97605,232
L11-802,2.82046,41.97601,233
L11-802,2.82045,41.97598,234
L11-802,2.82045,41.97594,235
L11-802,2.82047,41.97587,236
L11-802,2.82046,41.97503,237
L11-802,2.82045,41.97484,238
L11-802,2.82063,41.97479,239
L11-802,2.82122,41.97468,240
L11-802,2.82128,41.97467,241
L11-802,2.82206,41.9745,242
L11-802,2.82212,41.97449,243
L11-802,2.82223,41.97447,244
L11-802,2.82278,41.97436,245
L11-802,2.82297,41.97433,246
L11-802,2.82324,41.9743,247
L11-802,2.82332,41.97429,248
L11-802,2.82341,41.97428,249
L11-802,2.82361,41.97425,250
L11-802,2.82365,41.97423,251
L11-802,2.82393,41.97418,252
L11-802,2.82403,41.97417,253
L11-802,2.82422,41.97415,254
L11-802,2.82422,41.9741,255
L11-802,2.82423,41.97407,256
L11-802,2.82424,41.97404,257
L11-802,2.82426,41.97401,258
L11-802,2.82428,41.97398,259
L11-802,2.82431,41.97396,260
L11-802,2.82434,41.97394,261
L11-802,2.82437,41.97392,262
L11-802,2.8244,41.9739,263
L11-802,2.82442,41.9739,264
L11-802,2.82443,41.97389,265
L11-802,2.82444,41.97389,266
L11-802,2.82446,41.97388,267
L11-802,2.82447,41.97388,268
L11-802,2.82449,41.97388,269
L11-802,2.8245,41.97387,270
L11-802,2.82452,41.97387,271
L11-802,2.82457,41.97387,272
L11-802,2.82461,41.97387,273
L11-802,2.82465,41.97388,274
L11-802,2.82469,41.97389,275
L11-802,2.82473,41.9739,276
L11-802,2.82476,41.97391,277
L11-802,2.8248,41.97393,278
L11-802,2.82483,41.97395,279
L11-802,2.82485,41.97398,280
L11-802,2.82513,41.97394,281
L11-802,2.8258,41.9738,282
L11-802,2.82623,41.97371,283
L11-802,2.82663,41.97364,284
L11-802,2.8267,41.97363,285
L11-802,2.827,41.97358,286
L11-802,2.82752,41.97351,287
L11-802,2.82757,41.9735,288
L11-802,2.82749,41.97305,289
L11-802,2.82739,41.97242,290
L11-802,2.8278,41.97142,291
L11-802,2.82704,41.97111,292
L11-802,2.827,41.97116,293
L11-802,2.82698,41.97118,294
L11-802,2.82691,41.97123,295
L11-802,2.82688,41.97124,296
L11-802,2.82679,41.97126,297
L11-802,2.82668,41.97127,298
L11-802,2.82657,41.97124,299
L11-802,2.82652,41.97121,300
L11-802,2.82646,41.97118,301
L11-802,2.82643,41.97115,302
L11-802,2.8264,41.97108,303
L11-802,2.82638,41.97104,304
L11-802,2.82637,41.97095,305
L11-802,2.82641,41.97083,306
L11-802,2.82643,41.97079,307
L11-802,2.82643,41.97074,308
L11-802,2.82645,41.97069,309
L11-802,2.8266,41.97019,310
L11-802,2.82661,41.97017,311
L11-802,2.82674,41.96966,312
L11-802,2.82698,41.96876,313
L11-802,2.827,41.96873,314
L11-802,2.82732,41.96758,315
L11-802,2.82742,41.96723,316
L11-802,2.82752,41.96721,317
L11-802,2.82817,41.96708,318
L11-802,2.82827,41.96706,319
L11-802,2.82839,41.96703,320
L11-802,2.8288,41.96693,321
L11-802,2.82906,41.96686,322
L11-802,2.82922,41.96681,323
L11-802,2.82948,41.96674,324
L11-802,2.82988,41.96663,325
L11-802,2.82992,41.96662,326
L11-802,2.83058,41.96642,327
L11-802,2.83078,41.96637,328
L11-802,2.83104,41.96627,329
L11-802,2.8311,41.96624,330
L11-802,2.83127,41.96613,331
L11-802,2.83137,41.96608,332
L11-802,2.83162,41.96593,333
L11-802,2.8317,41.96589,334
L11-802,2.83183,41.96569,335
L11-802,2.83197,41.96544,336
L11-802,2.832,41.96538,337
L11-802,2.83215,41.96509,338
L11-802,2.83221,41.96499,339
L11-802,2.83242,41.96459,340
L11-802,2.83251,41.96442,341
L11-802,2.83267,41.96413,342
L11-802,2.83295,41.96364,343
L11-802,2.83199,41.96352,344
L11-802,2.83194,41.96374,345
L11-802,2.83182,41.96408,346
L11-802,2.83172,41.96425,347
L11-802,2.83158,41.96438,348
L11-802,2.83153,41.96443,349
L11-802,2.83146,41.96446,350
L11-802,2.83139,41.96449,351
L11-802,2.83128,41.96452,352
L11-802,2.83115,41.96456,353
L11-802,2.83089,41.96464,354
L11-802,2.83042,41.96476,355
L11-802,2.82992,41.96486,356
L11-802,2.82984,41.96488,357
L11-802,2.82977,41.9649,358
L11-802,2.82972,41.96492,359
L11-802,2.82967,41.96495,360
L11-802,2.82915,41.96475,361
L11-802,2.82914,41.96475,362
L11-802,2.82914,41.96476,363
L11-802,2.82913,41.96476,364
L11-802,2.82912,41.96477,365
L11-802,2.82911,41.96477,366
L11-802,2.8291,41.96478,367
L11-802,2.82909,41.96478,368
L11-802,2.82908,41.96478,369
L11-802,2.82907,41.96479,370
L11-802,2.82906,41.96479,371
L11-802,2.82905,41.96479,372
L11-802,2.82904,41.9648,373
L11-802,2.82903,41.9648,374
L11-802,2.82902,41.9648,375
L11-802,2.82901,41.9648,376
L11-802,2.829,41.9648,377
L11-802,2.82898,41.9648,378
L11-802,2.82897,41.9648,379
L11-802,2.82896,41.9648,380
L11-802,2.82895,41.9648,381
L11-802,2.82894,41.9648,382
L11-802,2.82893,41.96479,383
L11-802,2.8289,41.96493,384
L8-602,2.815679,41.978433,2
L8-602,2.815757,41.978746,3
L8-602,2.815444,41.978788,4
L8-602,2.814739,41.975979,5
L8-602,2.815463,41.975791,6
L8-602,2.815899,41.975691,7
L8-602,2.82063,41.97479,8
L8-602,2.82122,41.97468,9
L8-602,2.82128,41.97467,10
L8-602,2.82206,41.9745,11
L8-602,2.82212,41.97449,12
L8-602,2.82223,41.97447,13
L8-602,2.82278,41.97436,14
L8-602,2.82297,41.97433,15
L8-602,2.82324,41.9743,16
L8-602,2.82332,41.97429,17
L8-602,2.82341,41.97428,18
L8-602,2.82361,41.97425,19
L8-602,2.82365,41.97423,20
L8-602,2.82393,41.97418,21
L8-602,2.82403,41.97417,22
L8-602,2.82422,41.97415,23
L8-602,2.82422,41.9741,24
L8-602,2.82423,41.97407,25
L8-602,2.82424,41.97404,26
L8-602,2.82426,41.97401,27
L8-602,2.82428,41.97398,28
L8-602,2.82431,41.97396,29
L8-602,2.82434,41.97394,30
L8-602,2.82437,41.97392,31
L8-602,2.8244,41.9739,32
L8-602,2.82442,41.9739,33
L8-602,2.82443,41.97389,34
L8-602,2.82444,41.97389,35
L8-602,2.82446,41.97388,36
L8-602,2.82447,41.97388,37
L8-602,2.82449,41.97388,38
L8-602,2.8245,41.97387,39
L8-602,2.82452,41.97387,40
L8-602,2.82457,41.97387,41
L8-602,2.82461,41.97387,42
L8-602,2.82465,41.97388,43
L8-602,2.82469,41.97389,44
L8-602,2.82473,41.9739,45
L8-602,2.82476,41.97391,46
L8-602,2.8248,41.97393,47
L8-602,2.82483,41.97395,48
L8-602,2.82485,41.97398,49
L8-602,2.82513,41.97394,50
L8-602,2.8258,41.9738,51
L8-602,2.82623,41.97371,52
L8-602,2.82663,41.97364,53
L8-602,2.8267,41.97363,54
L8-602,2.827,41.97358,55
L8-602,2.82752,41.97351,56
L8-602,2.82757,41.9735,57
L8-602,2.82779,41.97347,58
L8-602,2.8282,41.97343,59
L8-602,2.82836,41.97341,60
L8-602,2.82856,41.9734,61
L8-602,2.82867,41.97339,62
L8-602,2.82937,41.97338,63
L8-602,2.82972,41.97337,64
L8-602,2.83009,41.97337,65
L8-602,2.83032,41.97335,66
L8-602,2.83063,41.97333,67
L8-602,2.83101,41.97329,68
L8-602,2.83116,41.97327,69
L8-602,2.83124,41.97326,70
L8-602,2.83139,41.97321,71
L8-602,2.83143,41.9732,72
L8-602,2.83146,41.97319,73
L8-602,2.83153,41.97318,74
L8-602,2.8316,41.97316,75
L8-602,2.83167,41.97313,76
L8-602,2.83174,41.9731,77
L8-602,2.83179,41.97308,78
L8-602,2.83183,41.97307,79
L8-602,2.83187,41.97305,80
L8-602,2.83195,41.97301,81
L8-602,2.83197,41.973,82
L8-602,2.83203,41.97297,83
L8-602,2.83212,41.97292,84
L8-602,2.83229,41.97285,85
L8-602,2.83247,41.97275,86
L8-602,2.83261,41.97268,87
L8-602,2.83286,41.97254,88
L8-602,2.83296,41.97249,89
L8-602,2.83312,41.97241,90
L8-602,2.83328,41.97235,91
L8-602,2.83342,41.9723,92
L8-602,2.83356,41.97226,93
L8-602,2.83377,41.97218,94
L8-602,2.83399,41.97212,95
L8-602,2.83424,41.97204,96
L8-602,2.83449,41.97196,97
L8-602,2.83464,41.97191,98
L8-602,2.83496,41.97179,99
L8-602,2.83511,41.97173,100
L8-602,2.83522,41.97167,101
L8-602,2.83532,41.97161,102
L8-602,2.8354,41.97155,103
L8-602,2.83547,41.97148,104
L8-602,2.83554,41.97141,105
L8-602,2.83558,41.97133,106
L8-602,2.83563,41.97124,107
L8-602,2.83568,41.97114,108
L8-602,2.83572,41.97103,109
L8-602,2.83574,41.97093,110
L8-602,2.83576,41.97082,111
L8-602,2.83579,41.9707,112
L8-602,2.8358,41.97061,113
L8-602,2.83583,41.97039,114
L8-602,2.83583,41.9695,115
L8-602,2.83584,41.96941,116
L8-602,2.83586,41.96932,117
L8-602,2.83588,41.96924,118
L8-602,2.8359,41.96916,119
L8-602,2.83594,41.96907,120
L8-602,2.83598,41.96898,121
L8-602,2.83601,41.96893,122
L8-602,2.83612,41.96873,123
L8-602,2.83632,41.96849,124
L8-602,2.83652,41.96828,125
L8-602,2.83682,41.96802,126
L8-602,2.83707,41.96786,127
L8-602,2.83737,41.96768,128
L8-602,2.83745,41.96764,129
L8-602,2.83754,41.96759,130
L8-602,2.8377,41.96751,131
L8-602,2.83773,41.96749,132
L8-602,2.83805,41.96731,133
L8-602,2.83805,41.9673,134
L8-602,2.83805,41.96728,135
L8-602,2.83806,41.96726,136
L8-602,2.83807,41.96724,137
L8-602,2.83808,41.96722,138
L8-602,2.8381,41.9672,139
L8-602,2.83811,41.96718,140
L8-602,2.83813,41.96717,141
L8-602,2.83817,41.96715,142
L8-602,2.83818,41.96714,143
L8-602,2.83819,41.96713,144
L8-602,2.8382,41.96713,145
L8-602,2.83821,41.96713,146
L8-602,2.83822,41.96712,147
L8-602,2.83823,41.96712,148
L8-602,2.83824,41.96712,149
L8-602,2.83825,41.96711,150
L8-602,2.83821,41.96686,151
L8-602,2.83815,41.96675,152
L8-602,2.83804,41.96659,153
L8-602,2.83788,41.96638,154
L8-602,2.83754,41.96595,155
L8-602,2.83744,41.96584,156
L8-602,2.83737,41.96577,157
L8-602,2.83727,41.96566,158
L8-602,2.83706,41.96551,159
L8-602,2.83641,41.96516,160
L8-602,2.83616,41.96501,161
L8-602,2.83579,41.96477,162
L8-602,2.83578,41.96477,163
L8-602,2.83515,41.96436,164
L8-602,2.83482,41.96419,165
L8-602,2.83449,41.96405,166
L8-602,2.83415,41.96391,167
L8-602,2.83375,41.96381,168
L8-602,2.83299,41.96365,169
L8-602,2.83295,41.96364,170
L8-602,2.83199,41.96352,171
L8-602,2.83202,41.96341,172
L8-602,2.83203,41.96338,173
L8-602,2.83224,41.96273,174
L8-602,2.83229,41.96258,175
L8-602,2.83229,41.96254,176
L8-602,2.83232,41.96236,177
L8-602,2.83234,41.96204,178
L8-602,2.83233,41.96198,179
L8-602,2.8323,41.96177,180
L8-602,2.83225,41.96164,181
L8-602,2.83222,41.96155,182
L8-602,2.83216,41.96145,183
L8-602,2.83205,41.9613,184
L8-602,2.83201,41.96125,185
L8-602,2.83195,41.96118,186
L8-602,2.83192,41.96116,187
L8-602,2.83158,41.96096,188
L8-602,2.83151,41.96093,189
L8-602,2.83137,41.96088,190
L8-602,2.83125,41.96085,191
L8-602,2.83116,41.96083,192
L8-602,2.83108,41.96082,193
L8-602,2.83098,41.96081,194
L8-602,2.83082,41.96081,195
L8-602,2.83072,41.96081,196
L8-602,2.8306,41.96082,197
L8-602,2.83033,41.96086,198
L8-602,2.83004,41.96095,199
L8-602,2.82998,41.96097,200
L8-602,2.8299,41.96101,201
L8-602,2.82978,41.9611,202
L8-602,2.82975,41.96111,203
L8-602,2.82956,41.96128,204
L8-602,2.82946,41.9614,205
L8-602,2.82935,41.96154,206
L8-602,2.82906,41.96188,207
L8-602,2.829,41.96194,208
L8-602,2.82895,41.96198,209
L8-602,2.8289,41.96201,210
L8-602,2.82884,41.96203,211
L8-602,2.82877,41.96206,212
L8-602,2.8287,41.96208,213
L8-602,2.82864,41.9621,214
L8-602,2.82857,41.96213,215
L8-602,2.82834,41.96234,216
L8-602,2.82835,41.96235,217
L8-602,2.82835,41.96236,218
L8-602,2.82835,41.96237,219
L8-602,2.82835,41.96238,220
L8-602,2.82834,41.96239,221
L8-602,2.82834,41.9624,222
L8-602,2.82833,41.96241,223
L8-602,2.82832,41.96242,224
L8-602,2.82831,41.96243,225
L8-602,2.8283,41.96243,226
L8-602,2.8283,41.96244,227
L8-602,2.82829,41.96244,228
L8-602,2.82828,41.96244,229
L8-602,2.82828,41.96245,230
L8-602,2.82827,41.96245,231
L8-602,2.82826,41.96245,232
L8-602,2.82825,41.96245,233
L8-602,2.82824,41.96245,234
L8-602,2.82823,41.96245,235
L8-602,2.82822,41.96245,236
L8-602,2.82821,41.96245,237
L8-602,2.8282,41.96245,238
L8-602,2.82819,41.96245,239
L8-602,2.82818,41.96245,240
L8-602,2.82818,41.96244,241
L8-602,2.82817,41.96244,242
L8-602,2.82816,41.96244,243
L8-602,2.82816,41.96243,244
L8-602,2.82815,41.96243,245
L8-602,2.82814,41.96243,246
L8-602,2.82814,41.96242,247
L8-602,2.82813,41.96242,248
L8-602,2.82813,41.96241,249
L8-602,2.82812,41.96241,250
L8-602,2.82812,41.9624,251
L8-602,2.82812,41.96239,252
L8-602,2.82811,41.96239,253
L8-602,2.82766,41.962378,254
L11-701,2.8289,41.96493,2
L11-701,2.82882,41.96525,3
L11-701,2.82876,41.96555,4
L11-701,2.82872,41.9657,5
L11-701,2.82864,41.9659,6
L11-701,2.82854,41.96627,7
L11-701,2.82827,41.96706,8
L11-701,2.82805,41.96769,9
L11-701,2.82803,41.96775,10
L11-701,2.8279,41.96812,11
L11-701,2.82777,41.96852,12
L11-701,2.82768,41.96876,13
L11-701,2.82762,41.96892,14
L11-701,2.82752,41.96919,15
L11-701,2.82735,41.96976,16
L11-701,2.82734,41.96981,17
L11-701,2.82711,41.97081,18
L11-701,2.82706,41.97106,19
L11-701,2.82704,41.97111,20
L11-701,2.827,41.97116,21
L11-701,2.82698,41.97118,22
L11-701,2.82691,41.97123,23
L11-701,2.82688,41.97124,24
L11-701,2.82679,41.97126,25
L11-701,2.82668,41.97127,26
L11-701,2.82645,41.97236,27
L11-701,2.82641,41.97255,28
L11-701,2.82639,41.97266,29
L11-701,2.82637,41.97273,30
L11-701,2.82636,41.97278,31
L11-701,2.82636,41.97284,32
L11-701,2.82635,41.97286,33
L11-701,2.8264,41.97302,34
L11-701,2.82642,41.97308,35
L11-701,2.82648,41.97322,36
L11-701,2.8265,41.97328,37
L11-701,2.82652,41.97334,38
L11-701,2.82657,41.97346,39
L11-701,2.82663,41.97364,40
L11-701,2.82623,41.97371,41
L11-701,2.8258,41.9738,42
L11-701,2.82513,41.97394,43
L11-701,2.8249,41.97404,44
L11-701,2.82492,41.97408,45
L11-701,2.82492,41.97411,46
L11-701,2.82492,41.97414,47
L11-701,2.82492,41.97417,48
L11-701,2.82491,41.9742,49
L11-701,2.8249,41.97423,50
L11-701,2.82488,41.97426,51
L11-701,2.82486,41.97429,52
L11-701,2.82483,41.97431,53
L11-701,2.8248,41.97433,54
L11-701,2.82477,41.97435,55
L11-701,2.82473,41.97437,56
L11-701,2.82472,41.97437,57
L11-701,2.82469,41.97438,58
L11-701,2.82467,41.97439,59
L11-701,2.82465,41.97439,60
L11-701,2.82463,41.97439,61
L11-701,2.82461,41.9744,62
L11-701,2.82458,41.9744,63
L11-701,2.82456,41.9744,64
L11-701,2.82454,41.9744,65
L11-701,2.82452,41.97439,66
L11-701,2.8245,41.97439,67
L11-701,2.82448,41.97439,68
L11-701,2.82446,41.97438,69
L11-701,2.82444,41.97438,70
L11-701,2.82443,41.97437,71
L11-701,2.82441,41.97437,72
L11-701,2.82438,41.97436,73
L11-701,2.82435,41.97434,74
L11-701,2.82433,41.97433,75
L11-701,2.82431,41.97431,76
L11-701,2.82429,41.97429,77
L11-701,2.82427,41.97427,78
L11-701,2.82425,41.97425,79
L11-701,2.82424,41.97423,80
L11-701,2.82402,41.97424,81
L11-701,2.82394,41.97424,82
L11-701,2.82385,41.97425,83
L11-701,2.82369,41.97426,84
L11-701,2.82361,41.97425,85
L11-701,2.82341,41.97428,86
L11-701,2.82332,41.97429,87
L11-701,2.82324,41.9743,88
L11-701,2.82297,41.97433,89
L11-701,2.82278,41.97436,90
L11-701,2.82223,41.97447,91
L11-701,2.82212,41.97449,92
L11-701,2.82206,41.9745,93
L11-701,2.82128,41.97467,94
L11-701,2.82122,41.97468,95
L11-701,2.82063,41.97479,96
L11-701,2.82045,41.97484,97
L11-701,2.82046,41.97503,98
L11-701,2.82047,41.97587,99
L11-701,2.82045,41.97594,100
L11-701,2.82045,41.97598,101
L11-701,2.82046,41.97601,102
L11-701,2.82047,41.97605,103
L11-701,2.82049,41.97609,104
L11-701,2.8205,41.9761,105
L11-701,2.8205,41.97612,106
L11-701,2.82068,41.97643,107
L11-701,2.82089,41.97683,108
L11-701,2.82108,41.9772,109
L11-701,2.82119,41.97742,110
L11-701,2.82129,41.9776,111
L11-701,2.82162,41.97826,112
L11-701,2.8213,41.97832,113
L11-701,2.82039,41.97851,114
L11-701,2.82038,41.97851,115
L11-701,2.82073,41.97889,116
L11-701,2.82115,41.97937,117
L11-701,2.82119,41.97942,118
L11-701,2.82124,41.97947,119
L11-701,2.82153,41.97977,120
L11-701,2.82181,41.98007,121
L11-701,2.82161,41.98019,122
L11-701,2.82096,41.98056,123
L11-701,2.82088,41.98061,124
L11-701,2.82076,41.98067,125
L11-701,2.82062,41.98077,126
L11-701,2.82049,41.98086,127
L11-701,2.82046,41.98089,128
L11-701,2.82046,41.9809,129
L11-701,2.82039,41.98097,130
L11-701,2.82035,41.98103,131
L11-701,2.82028,41.98117,132
L11-701,2.82024,41.98125,133
L11-701,2.82018,41.98139,134
L11-701,2.81991,41.98234,135
L11-701,2.81989,41.98244,136
L11-701,2.81986,41.9826,137
L11-701,2.81984,41.98268,138
L11-701,2.81983,41.98272,139
L11-701,2.81976,41.98315,140
L11-701,2.81975,41.9832,141
L11-701,2.81974,41.9833,142
L11-701,2.81972,41.98344,143
L11-701,2.81973,41.98352,144
L11-701,2.81977,41.98361,145
L11-701,2.82038,41.98426,146
L11-701,2.82054,41.98443,147
L11-701,2.82055,41.98444,148
L11-701,2.82061,41.98449,149
L11-701,2.82072,41.98458,150
L11-701,2.821,41.98481,151
L11-701,2.82112,41.98491,152
L11-701,2.82134,41.98509,153
L11-701,2.82136,41.98512,154
L11-701,2.82142,41.98515,155
L11-701,2.82212,41.98565,156
L11-701,2.82212,41.98566,157
L11-701,2.82222,41.98569,158
L11-701,2.82237,41.98579,159
L11-701,2.82246,41.98585,160
L11-701,2.82251,41.98589,161
L11-701,2.82257,41.98595,162
L11-701,2.82259,41.98596,163
L11-701,2.8226,41.98596,164
L11-701,2.82261,41.98596,165
L11-701,2.82262,41.98596,166
L11-701,2.82262,41.98597,167
L11-701,2.82263,41.98597,168
L11-701,2.82264,41.98597,169
L11-701,2.82265,41.98598,170
L11-701,2.82266,41.98598,171
L11-701,2.82266,41.98599,172
L11-701,2.82267,41.98599,173
L11-701,2.82267,41.986,174
L11-701,2.82268,41.986,175
L11-701,2.82268,41.98601,176
L11-701,2.82269,41.98601,177
L11-701,2.82269,41.98602,178
L11-701,2.82269,41.98603,179
L11-701,2.8227,41.98603,180
L11-701,2.8227,41.98604,181
L11-701,2.8227,41.98605,182
L11-701,2.8227,41.98606,183
L11-701,2.8227,41.98607,184
L11-701,2.8227,41.98608,185
L11-701,2.8227,41.98609,186
L11-701,2.82269,41.9861,187
L11-701,2.82269,41.98611,188
L11-701,2.82268,41.98611,189
L11-701,2.82268,41.98612,190
L11-701,2.82267,41.98613,191
L11-701,2.82266,41.98614,192
L11-701,2.82265,41.98614,193
L11-701,2.82265,41.98615,194
L11-701,2.82264,41.98615,195
L11-701,2.82263,41.98615,196
L11-701,2.82262,41.98616,197
L11-701,2.82261,41.98616,198
L11-701,2.8226,41.98616,199
L11-701,2.82259,41.98617,200
L11-701,2.82258,41.98617,201
L11-701,2.82257,41.98617,202
L11-701,2.82256,41.98617,203
L11-701,2.82255,41.98617,204
L11-701,2.82254,41.98617,205
L11-701,2.82253,41.98617,206
L11-701,2.82242,41.98622,207
L11-701,2.82197,41.98646,208
L11-701,2.82193,41.98648,209
L11-701,2.82183,41.98653,210
L11-701,2.82164,41.9866,211
L11-701,2.82159,41.98662,212
L11-701,2.82164,41.98668,213
L11-701,2.82168,41.98675,214
L11-701,2.82173,41.98686,215
L11-701,2.8217,41.98692,216
L11-701,2.82166,41.98695,217
L11-701,2.82164,41.98697,218
L11-701,2.82161,41.98699,219
L11-701,2.82158,41.98701,220
L11-701,2.82154,41.98703,221
L11-701,2.82159,41.98722,222
L11-701,2.82192,41.98755,223
L11-701,2.8221,41.98771,224
L11-701,2.82234,41.98799,225
L11-701,2.82236,41.98808,226
L11-701,2.82238,41.9882,227
L11-701,2.82237,41.98836,228
L11-701,2.82235,41.9885,229
L11-701,2.82231,41.98863,230
L11-701,2.82228,41.9888,231
L11-701,2.82228,41.9889,232
L11-701,2.82229,41.98899,233
L11-701,2.82232,41.98899,234
L11-701,2.82236,41.989,235
L11-701,2.82239,41.98901,236
L11-701,2.82242,41.98903,237
L11-701,2.82245,41.98904,238
L11-701,2.82247,41.98906,239
L11-701,2.8225,41.98908,240
L11-701,2.82252,41.9891,241
L11-701,2.82252,41.98911,242
L11-701,2.82253,41.98911,243
L11-701,2.82253,41.98912,244
L11-701,2.82254,41.98912,245
L11-701,2.82254,41.98913,246
L11-701,2.82255,41.98914,247
L11-701,2.82256,41.98917,248
L11-701,2.82257,41.9892,249
L11-701,2.82258,41.98923,250
L11-701,2.82259,41.98926,251
L11-701,2.82259,41.98929,252
L11-701,2.82259,41.98932,253
L11-701,2.82258,41.98935,254
L11-701,2.82257,41.98938,255
L11-701,2.82267,41.9894,256
L11-701,2.82275,41.98942,257
L11-701,2.82281,41.98943,258
L11-701,2.82282,41.98944,259
L11-701,2.82286,41.98947,260
L11-701,2.82366,41.98953,261
L11-701,2.82368,41.98954,262
L11-701,2.82385,41.98957,263
L11-701,2.82393,41.9895,264
L11-701,2.824,41.98941,265
L11-701,2.82414,41.98919,266
L11-701,2.82447,41.98946,267
L11-701,2.82456,41.98939,268
L11-701,2.82478,41.9893,269
L11-701,2.82493,41.98923,270
L11-701,2.82497,41.98921,271
L11-701,2.82503,41.98919,272
L11-701,2.82517,41.98926,273
L11-701,2.82524,41.98922,274
L11-701,2.82529,41.98918,275
L11-701,2.82542,41.98911,276
L11-701,2.8256,41.98901,277
L11-701,2.82576,41.98895,278
L11-701,2.82594,41.98893,279
L11-701,2.82595,41.98896,280
L11-701,2.82596,41.98897,281
L11-701,2.82597,41.98898,282
L11-701,2.82598,41.98898,283
L11-701,2.82599,41.98898,284
L11-701,2.82601,41.98898,285
L11-701,2.82618,41.98896,286
L11-701,2.82621,41.98896,287
L11-701,2.82624,41.98896,288
L11-701,2.82631,41.98898,289
L11-701,2.82639,41.98902,290
L11-701,2.82644,41.98904,291
L11-701,2.82661,41.98909,292
L11-701,2.82672,41.98895,293
L11-701,2.82673,41.98893,294
L11-701,2.82676,41.98889,295
L11-701,2.8268,41.98886,296
L11-701,2.82682,41.98884,297
L11-701,2.82685,41.98882,298
L11-701,2.82687,41.9888,299
L11-701,2.82689,41.98878,300
L11-701,2.827,41.98871,301
L11-701,2.82704,41.98868,302
L11-701,2.82705,41.98868,303
L11-701,2.82718,41.98862,304
L11-701,2.82721,41.9886,305
L11-701,2.82725,41.9886,306
L11-701,2.82731,41.98859,307
L11-701,2.82742,41.98857,308
L11-701,2.82749,41.98856,309
L11-701,2.82766,41.98852,310
L11-701,2.82818,41.98841,311
L11-701,2.82821,41.9884,312
L11-701,2.82825,41.98838,313
L11-701,2.8283,41.98837,314
L11-701,2.82836,41.98834,315
L11-701,2.82843,41.9883,316
L11-701,2.82851,41.98826,317
L11-701,2.82856,41.98825,318
L11-701,2.82864,41.98825,319
L11-701,2.82891,41.98827,320
L11-701,2.82909,41.98827,321
L11-701,2.82924,41.98826,322
L11-701,2.82936,41.98826,323
L11-701,2.82948,41.98824,324
L11-701,2.82978,41.98817,325
L11-701,2.83,41.98813,326
L11-701,2.83009,41.98813,327
L11-701,2.83016,41.98813,328
L11-701,2.83024,41.98814,329
L11-701,2.83028,41.98815,330
L11-701,2.83032,41.98816,331
L11-701,2.83037,41.98818,332
L11-701,2.8304,41.98821,333
L11-701,2.83059,41.98834,334
L11-701,2.83071,41.98844,335
L11-701,2.83081,41.98852,336
L11-701,2.83087,41.98855,337
L11-701,2.83094,41.9886,338
L11-701,2.83098,41.98862,339
L11-701,2.83103,41.98864,340
L11-701,2.83109,41.98866,341
L11-701,2.83116,41.98866,342
L11-701,2.83127,41.98867,343
L11-701,2.83132,41.98866,344
L11-701,2.83137,41.98866,345
L11-701,2.83139,41.98865,346
L11-701,2.83164,41.98861,347
L11-701,2.83204,41.98853,348
L11-701,2.83213,41.9885,349
L11-701,2.83222,41.98848,350
L11-701,2.83242,41.9884,351
L11-701,2.83308,41.98814,352
L11-701,2.8336,41.98793,353
L11-701,2.83365,41.98791,354
L11-701,2.83374,41.98788,355
L11-701,2.83377,41.98795,356
L11-701,2.83378,41.98799,357
L11-701,2.83381,41.9881,358
L11-701,2.83383,41.98817,359
L11-701,2.83387,41.9883,360
L11-701,2.83391,41.98851,361
L11-701,2.83394,41.98866,362
L11-701,2.8339,41.98869,363
L11-701,2.83388,41.98872,364
L11-701,2.83375,41.98871,365
L11-701,2.83366,41.9887,366
L11-701,2.83356,41.9887,367
L11-701,2.83342,41.98868,368
L11-701,2.83335,41.98868,369
L11-701,2.8333,41.98867,370
L11-701,2.8332,41.98867,371
L11-701,2.83306,41.98866,372
L11-701,2.833,41.98866,373
L11-701,2.83292,41.98867,374
L11-701,2.83251,41.98877,375
L11-701,2.83243,41.98879,376
L11-701,2.83233,41.98882,377
L11-701,2.83232,41.98879,378
L11-701,2.83231,41.98878,379
L11-701,2.83228,41.98872,380
L11-701,2.83221,41.98858,381
L11-701,2.83218,41.98854,382
L11-701,2.83213,41.9885,383
L11-701,2.83204,41.98853,384
L11-701,2.83164,41.98861,385
L11-701,2.83139,41.98865,386
L11-701,2.83137,41.98866,387
L11-701,2.83132,41.98866,388
L11-701,2.83127,41.98867,389
L11-701,2.83116,41.98866,390
L11-701,2.83109,41.98866,391
L11-701,2.83103,41.98864,392
L11-701,2.83098,41.98862,393
L11-701,2.83094,41.9886,394
L11-701,2.83087,41.98855,395
L11-701,2.83081,41.98852,396
L11-701,2.83071,41.98844,397
L11-701,2.83059,41.98834,398
L11-701,2.8304,41.98821,399
L11-701,2.83037,41.98818,400
L11-701,2.83032,41.98816,401
L11-701,2.83028,41.98815,402
L11-701,2.83024,41.98814,403
L11-701,2.83016,41.98813,404
L11-701,2.83009,41.98813,405
L11-701,2.83,41.98813,406
L11-701,2.82978,41.98817,407
L11-701,2.82948,41.98824,408
L11-701,2.82936,41.98826,409
L11-701,2.82924,41.98826,410
L11-701,2.82909,41.98827,411
L11-701,2.82891,41.98827,412
L11-701,2.82864,41.98825,413
L11-701,2.82856,41.98825,414
L11-701,2.82851,41.98826,415
L11-701,2.82843,41.9883,416
L11-701,2.82836,41.98834,417
L11-701,2.8283,41.98837,418
L11-701,2.82825,41.98838,419
L11-701,2.82821,41.9884,420
L11-701,2.82818,41.98841,421
L11-701,2.82766,41.98852,422
L11-701,2.82749,41.98856,423
L11-701,2.82742,41.98857,424
L11-701,2.82731,41.98859,425
L11-701,2.82725,41.9886,426
L11-701,2.82721,41.9886,427
L11-701,2.82718,41.98862,428
L11-701,2.82705,41.98868,429
L11-701,2.82704,41.98868,430
L11-701,2.827,41.98871,431
L11-701,2.82689,41.98878,432
L11-701,2.82687,41.9888,433
L11-701,2.82685,41.98882,434
L11-701,2.82682,41.98884,435
L11-701,2.8268,41.98886,436
L11-701,2.82676,41.98889,437
L11-701,2.82673,41.98893,438
L11-701,2.82672,41.98895,439
L11-701,2.82661,41.98909,440
L11-701,2.82644,41.98904,441
L11-701,2.82639,41.98902,442
L11-701,2.82631,41.98898,443
L11-701,2.82624,41.98896,444
L11-701,2.82621,41.98896,445
L11-701,2.82618,41.98896,446
L11-701,2.82601,41.98898,447
L11-701,2.82599,41.98898,448
L11-701,2.82598,41.98898,449
L11-701,2.82597,41.98898,450
L11-701,2.82596,41.98897,451
L11-701,2.82595,41.98896,452
L11-701,2.82594,41.98893,453
L11-701,2.82576,41.98895,454
L11-701,2.8256,41.98901,455
L11-701,2.82542,41.98911,456
L11-701,2.82529,41.98918,457
L11-701,2.82524,41.98922,458
L11-701,2.82517,41.98926,459
L11-701,2.82503,41.98919,460
L11-701,2.82497,41.98921,461
L11-701,2.82493,41.98923,462
L11-701,2.82478,41.9893,463
L11-701,2.82456,41.98939,464
L11-701,2.82447,41.98946,465
L11-701,2.82417,41.98964,466
L11-701,2.82391,41.98959,467
L11-701,2.82385,41.98957,468
L11-701,2.82368,41.98954,469
L11-701,2.82366,41.98953,470
L11-701,2.82286,41.98947,471
L11-701,2.82281,41.98947,472
L11-701,2.82274,41.98948,473
L11-701,2.82265,41.98946,474
L11-701,2.82253,41.98945,475
L11-701,2.82252,41.98945,476
L11-701,2.82251,41.98946,477
L11-701,2.8225,41.98947,478
L11-701,2.8225,41.98948,479
L11-701,2.82249,41.98948,480
L11-701,2.82248,41.98949,481
L11-701,2.82242,41.98953,482
L11-701,2.82237,41.98955,483
L11-701,2.82232,41.98957,484
L11-701,2.82226,41.98958,485
L11-701,2.82221,41.98958,486
L11-701,2.82215,41.98958,487
L11-701,2.82209,41.98957,488
L11-701,2.82204,41.98956,489
L11-701,2.82199,41.98954,490
L11-701,2.82195,41.98952,491
L11-701,2.82191,41.9895,492
L11-701,2.82187,41.98947,493
L11-701,2.82184,41.98944,494
L11-701,2.82181,41.98941,495
L11-701,2.8218,41.98937,496
L11-701,2.82179,41.98933,497
L11-701,2.82178,41.98929,498
L11-701,2.82178,41.98925,499
L11-701,2.82179,41.98921,500
L11-701,2.82181,41.98917,501
L11-701,2.82183,41.98914,502
L11-701,2.82186,41.9891,503
L11-701,2.82189,41.98907,504
L11-701,2.82193,41.98904,505
L11-701,2.82198,41.98902,506
L11-701,2.82203,41.989,507
L11-701,2.82212,41.98898,508
L11-701,2.82215,41.98884,509
L11-701,2.82225,41.98845,510
L11-701,2.82229,41.98824,511
L11-701,2.82228,41.98816,512
L11-701,2.82226,41.98808,513
L11-701,2.82226,41.98807,514
L11-701,2.82223,41.98801,515
L11-701,2.82219,41.98794,516
L11-701,2.8221,41.98784,517
L11-701,2.82195,41.98771,518
L11-701,2.8215,41.98727,519
L11-701,2.82142,41.98704,520
L11-701,2.82137,41.98701,521
L11-701,2.82124,41.98695,522
L11-701,2.82112,41.98688,523
L11-701,2.82105,41.98681,524
L11-701,2.82098,41.98672,525
L11-701,2.82094,41.98662,526
L11-701,2.82076,41.98658,527
L11-701,2.82067,41.98657,528
L11-701,2.82059,41.98655,529
L11-701,2.82029,41.98648,530
L11-701,2.8185,41.98605,531
L11-701,2.81847,41.98605,532
L11-701,2.81795,41.98586,533
L11-701,2.81776,41.98581,534
L11-701,2.8172,41.98514,535
L11-701,2.81714,41.98514,536
L11-701,2.8171,41.98513,537
L11-701,2.81707,41.98511,538
L11-701,2.81704,41.9851,539
L11-701,2.817,41.98508,540
L11-701,2.81698,41.98506,541
L11-701,2.81695,41.98504,542
L11-701,2.81693,41.98501,543
L11-701,2.81691,41.98499,544
L11-701,2.81676,41.98497,545
L11-701,2.81671,41.98496,546
L11-701,2.81664,41.98494,547
L11-701,2.81658,41.98491,548
L11-701,2.81643,41.98489,549
L11-701,2.81596,41.9848,550
L11-701,2.81541,41.98469,551
L11-701,2.81518,41.98464,552
L11-701,2.81466,41.98454,553
L11-701,2.81453,41.98451,554
L11-701,2.81417,41.98444,555
L11-701,2.81395,41.98441,556
L11-701,2.81375,41.98441,557
L11-701,2.81355,41.98442,558
L11-701,2.81345,41.98443,559
L11-701,2.81332,41.98444,560
L11-701,2.81307,41.98446,561
L11-701,2.81291,41.98447,562
L11-701,2.81291,41.98448,563
L11-701,2.8129,41.98449,564
L11-701,2.8129,41.9845,565
L11-701,2.81289,41.98451,566
L11-701,2.81289,41.98452,567
L11-701,2.81288,41.98452,568
L11-701,2.81287,41.98453,569
L11-701,2.81286,41.98453,570
L11-701,2.81286,41.98454,571
L11-701,2.81285,41.98454,572
L11-701,2.81284,41.98455,573
L11-701,2.81283,41.98455,574
L11-701,2.81282,41.98455,575
L11-701,2.81281,41.98455,576
L11-701,2.8128,41.98455,577
L11-701,2.8128,41.98456,578
L11-701,2.81279,41.98456,579
L11-701,2.81278,41.98456,580
L11-701,2.81277,41.98456,581
L11-701,2.81277,41.98455,582
L11-701,2.81276,41.98455,583
L11-701,2.81275,41.98455,584
L11-701,2.81274,41.98455,585
L11-701,2.81273,41.98455,586
L11-701,2.81272,41.98454,587
L11-701,2.81271,41.98454,588
L11-701,2.8127,41.98453,589
L11-701,2.81269,41.98453,590
L11-701,2.81269,41.98452,591
L11-701,2.81268,41.98452,592
L11-701,2.81268,41.98451,593
L11-701,2.81267,41.98451,594
L11-701,2.81266,41.98451,595
L11-701,2.81265,41.98451,596
L11-701,2.81243,41.98457,597
L11-701,2.81223,41.9846,598
L11-701,2.81213,41.98462,599
L11-701,2.812,41.98462,600
L11-701,2.81183,41.9846,601
L11-701,2.81169,41.9846,602
L11-701,2.81169,41.98458,603
L11-701,2.81174,41.98399,604
L11-701,2.81178,41.9833,605
L11-701,2.81197,41.98335,606
L11-1,2.82882,41.96525,2
L11-1,2.82876,41.96555,3
L11-1,2.82872,41.9657,4
L11-1,2.82864,41.9659,5
L11-1,2.82854,41.96627,6
L11-1,2.82827,41.96706,7
L11-1,2.82805,41.96769,8
L11-1,2.82803,41.96775,9
L11-1,2.8279,41.96812,10
L11-1,2.82777,41.96852,11
L11-1,2.82768,41.96876,12
L11-1,2.82762,41.96892,13
L11-1,2.82752,41.96919,14
L11-1,2.82735,41.96976,15
L11-1,2.82734,41.96981,16
L11-1,2.82711,41.97081,17
L11-1,2.82706,41.97106,18
L11-1,2.82704,41.97111,19
L11-1,2.827,41.97116,20
L11-1,2.82698,41.97118,21
L11-1,2.82691,41.97123,22
L11-1,2.82688,41.97124,23
L11-1,2.82679,41.97126,24
L11-1,2.82668,41.97127,25
L11-1,2.82645,41.97236,26
L11-1,2.82641,41.97255,27
L11-1,2.82639,41.97266,28
L11-1,2.82637,41.97273,29
L11-1,2.82636,41.97278,30
L11-1,2.82636,41.97284,31
L11-1,2.82635,41.97286,32
L11-1,2.8264,41.97302,33
L11-1,2.82642,41.97308,34
L11-1,2.82648,41.97322,35
L11-1,2.8265,41.97328,36
L11-1,2.82652,41.97334,37
L11-1,2.82657,41.97346,38
L11-1,2.82663,41.97364,39
L11-1,2.82623,41.97371,40
L11-1,2.8258,41.9738,41
L11-1,2.82513,41.97394,42
L11-1,2.8249,41.97404,43
L11-1,2.82492,41.97408,44
L11-1,2.82492,41.97411,45
L11-1,2.82492,41.97414,46
L11-1,2.82492,41.97417,47
L11-1,2.82491,41.9742,48
L11-1,2.8249,41.97423,49
L11-1,2.82488,41.97426,50
L11-1,2.82486,41.97429,51
L11-1,2.82483,41.97431,52
L11-1,2.8248,41.97433,53
L11-1,2.82477,41.97435,54
L11-1,2.82473,41.97437,55
L11-1,2.82472,41.97437,56
L11-1,2.82469,41.97438,57
L11-1,2.82467,41.97439,58
L11-1,2.82465,41.97439,59
L11-1,2.82463,41.97439,60
L11-1,2.82461,41.9744,61
L11-1,2.82458,41.9744,62
L11-1,2.82456,41.9744,63
L11-1,2.82454,41.9744,64
L11-1,2.82452,41.97439,65
L11-1,2.8245,41.97439,66
L11-1,2.82448,41.97439,67
L11-1,2.82446,41.97438,68
L11-1,2.82444,41.97438,69
L11-1,2.82443,41.97437,70
L11-1,2.82441,41.97437,71
L11-1,2.82438,41.97436,72
L11-1,2.82435,41.97434,73
L11-1,2.82433,41.97433,74
L11-1,2.82431,41.97431,75
L11-1,2.82429,41.97429,76
L11-1,2.82427,41.97427,77
L11-1,2.82425,41.97425,78
L11-1,2.82424,41.97423,79
L11-1,2.82402,41.97424,80
L11-1,2.82394,41.97424,81
L11-1,2.82385,41.97425,82
L11-1,2.82369,41.97426,83
L11-1,2.82361,41.97425,84
L11-1,2.82341,41.97428,85
L11-1,2.82332,41.97429,86
L11-1,2.82324,41.9743,87
L11-1,2.82297,41.97433,88
L11-1,2.82278,41.97436,89
L11-1,2.82223,41.97447,90
L11-1,2.82212,41.97449,91
L11-1,2.82206,41.9745,92
L11-1,2.82128,41.97467,93
L11-1,2.82122,41.97468,94
L11-1,2.82063,41.97479,95
L11-1,2.82045,41.97484,96
L11-1,2.82046,41.97503,97
L11-1,2.82047,41.97587,98
L11-1,2.82045,41.97594,99
L11-1,2.82045,41.97598,100
L11-1,2.82046,41.97601,101
L11-1,2.82047,41.97605,102
L11-1,2.82049,41.97609,103
L11-1,2.8205,41.9761,104
L11-1,2.8205,41.97612,105
L11-1,2.82068,41.97643,106
L11-1,2.82089,41.97683,107
L11-1,2.82108,41.9772,108
L11-1,2.82119,41.97742,109
L11-1,2.82129,41.9776,110
L11-1,2.82162,41.97826,111
L11-1,2.8213,41.97832,112
L11-1,2.82039,41.97851,113
L11-1,2.82038,41.97851,114
L11-1,2.82073,41.97889,115
L11-1,2.82115,41.97937,116
L11-1,2.82119,41.97942,117
L11-1,2.82124,41.97947,118
L11-1,2.82153,41.97977,119
L11-1,2.82181,41.98007,120
L11-1,2.82161,41.98019,121
L11-1,2.82096,41.98056,122
L11-1,2.82088,41.98061,123
L11-1,2.82076,41.98067,124
L11-1,2.82062,41.98077,125
L11-1,2.82049,41.98086,126
L11-1,2.82046,41.98089,127
L11-1,2.82046,41.9809,128
L11-1,2.82039,41.98097,129
L11-1,2.82035,41.98103,130
L11-1,2.82028,41.98117,131
L11-1,2.82024,41.98125,132
L11-1,2.82018,41.98139,133
L11-1,2.81991,41.98234,134
L11-1,2.81989,41.98244,135
L11-1,2.81986,41.9826,136
L11-1,2.81984,41.98268,137
L11-1,2.81983,41.98272,138
L11-1,2.81976,41.98315,139
L11-1,2.81975,41.9832,140
L11-1,2.81974,41.9833,141
L11-1,2.81972,41.98344,142
L11-1,2.81973,41.98352,143
L11-1,2.81977,41.98361,144
L11-1,2.82038,41.98426,145
L11-1,2.82054,41.98443,146
L11-1,2.82055,41.98444,147
L11-1,2.82061,41.98449,148
L11-1,2.82072,41.98458,149
L11-1,2.821,41.98481,150
L11-1,2.82112,41.98491,151
L11-1,2.82134,41.98509,152
L11-1,2.82136,41.98512,153
L11-1,2.82142,41.98515,154
L11-1,2.82212,41.98565,155
L11-1,2.82212,41.98566,156
L11-1,2.82222,41.98569,157
L11-1,2.82237,41.98579,158
L11-1,2.82246,41.98585,159
L11-1,2.82251,41.98589,160
L11-1,2.82257,41.98595,161
L11-1,2.82259,41.98596,162
L11-1,2.8226,41.98596,163
L11-1,2.82261,41.98596,164
L11-1,2.82262,41.98596,165
L11-1,2.82262,41.98597,166
L11-1,2.82263,41.98597,167
L11-1,2.82264,41.98597,168
L11-1,2.82265,41.98598,169
L11-1,2.82266,41.98598,170
L11-1,2.82266,41.98599,171
L11-1,2.82267,41.98599,172
L11-1,2.82267,41.986,173
L11-1,2.82268,41.986,174
L11-1,2.82268,41.98601,175
L11-1,2.82269,41.98601,176
L11-1,2.82269,41.98602,177
L11-1,2.82269,41.98603,178
L11-1,2.8227,41.98603,179
L11-1,2.8227,41.98604,180
L11-1,2.8227,41.98605,181
L11-1,2.8227,41.98606,182
L11-1,2.8227,41.98607,183
L11-1,2.8227,41.98608,184
L11-1,2.8227,41.98609,185
L11-1,2.82269,41.9861,186
L11-1,2.82269,41.98611,187
L11-1,2.82268,41.98611,188
L11-1,2.82268,41.98612,189
L11-1,2.82267,41.98613,190
L11-1,2.82266,41.98614,191
L11-1,2.82265,41.98614,192
L11-1,2.82265,41.98615,193
L11-1,2.82264,41.98615,194
L11-1,2.82263,41.98615,195
L11-1,2.82262,41.98616,196
L11-1,2.82261,41.98616,197
L11-1,2.8226,41.98616,198
L11-1,2.82259,41.98617,199
L11-1,2.82258,41.98617,200
L11-1,2.82257,41.98617,201
L11-1,2.82256,41.98617,202
L11-1,2.82255,41.98617,203
L11-1,2.82254,41.98617,204
L11-1,2.82253,41.98617,205
L11-1,2.82242,41.98622,206
L11-1,2.82197,41.98646,207
L11-1,2.82193,41.98648,208
L11-1,2.82183,41.98653,209
L11-1,2.82164,41.9866,210
L11-1,2.82159,41.98662,211
L11-1,2.82164,41.98668,212
L11-1,2.82168,41.98675,213
L11-1,2.82173,41.98686,214
L11-1,2.8217,41.98692,215
L11-1,2.82166,41.98695,216
L11-1,2.82164,41.98697,217
L11-1,2.82161,41.98699,218
L11-1,2.82158,41.98701,219
L11-1,2.82154,41.98703,220
L11-1,2.82151,41.98703,221
L11-1,2.82148,41.98704,222
L11-1,2.82146,41.98704,223
L11-1,2.82142,41.98704,224
L11-1,2.82137,41.98701,225
L11-1,2.82124,41.98695,226
L11-1,2.82112,41.98688,227
L11-1,2.82105,41.98681,228
L11-1,2.82098,41.98672,229
L11-1,2.82094,41.98662,230
L11-1,2.82076,41.98658,231
L11-1,2.82067,41.98657,232
L11-1,2.82059,41.98655,233
L11-1,2.82029,41.98648,234
L11-1,2.8185,41.98605,235
L11-1,2.81847,41.98605,236
L11-1,2.81795,41.98586,237
L11-1,2.81776,41.98581,238
L11-1,2.8172,41.98514,239
L11-1,2.81714,41.98514,240
L11-1,2.8171,41.98513,241
L11-1,2.81707,41.98511,242
L11-1,2.81704,41.9851,243
L11-1,2.817,41.98508,244
L11-1,2.81698,41.98506,245
L11-1,2.81695,41.98504,246
L11-1,2.81693,41.98501,247
L11-1,2.81691,41.98499,248
L11-1,2.81676,41.98497,249
L11-1,2.81671,41.98496,250
L11-1,2.81664,41.98494,251
L11-1,2.81658,41.98491,252
L11-1,2.81643,41.98489,253
L11-1,2.81596,41.9848,254
L11-1,2.81541,41.98469,255
L11-1,2.81518,41.98464,256
L11-1,2.81466,41.98454,257
L11-1,2.81453,41.98451,258
L11-1,2.81417,41.98444,259
L11-1,2.81395,41.98441,260
L11-1,2.81375,41.98441,261
L11-1,2.81355,41.98442,262
L11-1,2.81345,41.98443,263
L11-1,2.81332,41.98444,264
L11-1,2.81307,41.98446,265
L11-1,2.81291,41.98447,266
L11-1,2.81291,41.98448,267
L11-1,2.8129,41.98449,268
L11-1,2.8129,41.9845,269
L11-1,2.81289,41.98451,270
L11-1,2.81289,41.98452,271
L11-1,2.81288,41.98452,272
L11-1,2.81287,41.98453,273
L11-1,2.81286,41.98453,274
L11-1,2.81286,41.98454,275
L11-1,2.81285,41.98454,276
L11-1,2.81284,41.98455,277
L11-1,2.81283,41.98455,278
L11-1,2.81282,41.98455,279
L11-1,2.81281,41.98455,280
L11-1,2.8128,41.98455,281
L11-1,2.8128,41.98456,282
L11-1,2.81279,41.98456,283
L11-1,2.81278,41.98456,284
L11-1,2.81277,41.98456,285
L11-1,2.81277,41.98455,286
L11-1,2.81276,41.98455,287
L11-1,2.81275,41.98455,288
L11-1,2.81274,41.98455,289
L11-1,2.81273,41.98455,290
L11-1,2.81272,41.98454,291
L11-1,2.81271,41.98454,292
L11-1,2.8127,41.98453,293
L11-1,2.81269,41.98453,294
L11-1,2.81269,41.98452,295
L11-1,2.81268,41.98452,296
L11-1,2.81268,41.98451,297
L11-1,2.81267,41.98451,298
L11-1,2.81266,41.98451,299
L11-1,2.81265,41.98451,300
L11-1,2.81243,41.98457,301
L11-1,2.81223,41.9846,302
L11-1,2.81213,41.98462,303
L11-1,2.812,41.98462,304
L11-1,2.81183,41.9846,305
L11-1,2.81169,41.9846,306
L11-1,2.81169,41.98458,307
L11-1,2.81174,41.98399,308
L11-1,2.81178,41.9833,309
L11-1,2.81197,41.98335,310
L5-2,2.802320487492116,41.99690159031429,2
L5-2,2.80245528699052,41.99663274933902,3
L5-2,2.802575290328606,41.9963999936233,4
L5-2,2.80268,41.99624,5
L5-2,2.80281,41.99614,6
L5-2,2.80291,41.99608,7
L5-2,2.80292,41.99608,8
L5-2,2.80295,41.99606,9
L5-2,2.80301,41.99603,10
L5-2,2.80317,41.99594,11
L5-2,2.80333,41.99584,12
L5-2,2.80354,41.99572,13
L5-2,2.8036,41.99568,14
L5-2,2.80366,41.99563,15
L5-2,2.8037,41.9956,16
L5-2,2.80374,41.99555,17
L5-2,2.80378,41.99551,18
L5-2,2.80385,41.99539,19
L5-2,2.80387,41.99533,20
L5-2,2.80389,41.99527,21
L5-2,2.80391,41.99513,22
L5-2,2.80398,41.99484,23
L5-2,2.80401,41.99473,24
L5-2,2.80401,41.99466,25
L5-2,2.80402,41.99453,26
L5-2,2.80411,41.99452,27
L5-2,2.80433,41.99448,28
L5-2,2.80443,41.99446,29
L5-2,2.80449,41.99445,30
L5-2,2.80487,41.99439,31
L5-2,2.8051,41.99435,32
L5-2,2.80516,41.99434,33
L5-2,2.80559,41.99428,34
L5-2,2.80568,41.99427,35
L5-2,2.80569,41.99427,36
L5-2,2.80598,41.99424,37
L5-2,2.8061,41.99423,38
L5-2,2.80626,41.99421,39
L5-2,2.8065,41.99421,40
L5-2,2.80706,41.99411,41
L5-2,2.80729,41.9941,42
L5-2,2.80735,41.99409,43
L5-2,2.80749,41.99408,44
L5-2,2.80772,41.99407,45
L5-2,2.80779,41.99406,46
L5-2,2.80785,41.99404,47
L5-2,2.80791,41.99403,48
L5-2,2.80801,41.99399,49
L5-2,2.80807,41.99397,50
L5-2,2.80817,41.99391,51
L5-2,2.80824,41.99387,52
L5-2,2.80828,41.99384,53
L5-2,2.80836,41.99376,54
L5-2,2.8084,41.9937,55
L5-2,2.80854,41.99349,56
L5-2,2.80856,41.99345,57
L5-2,2.80862,41.99326,58
L5-2,2.80864,41.99322,59
L5-2,2.80884,41.9927,60
L5-2,2.80884,41.99269,61
L5-2,2.80885,41.99263,62
L5-2,2.80885,41.9926,63
L5-2,2.80885,41.99257,64
L5-2,2.80885,41.99253,65
L5-2,2.80885,41.99249,66
L5-2,2.80883,41.99241,67
L5-2,2.80883,41.9924,68
L5-2,2.80882,41.99239,69
L5-2,2.80881,41.99238,70
L5-2,2.8088,41.99237,71
L5-2,2.8088,41.99236,72
L5-2,2.80879,41.99236,73
L5-2,2.80878,41.99234,74
L5-2,2.80878,41.99233,75
L5-2,2.80877,41.99231,76
L5-2,2.80877,41.9923,77
L5-2,2.80877,41.99228,78
L5-2,2.80877,41.99227,79
L5-2,2.80877,41.99226,80
L5-2,2.80878,41.99224,81
L5-2,2.80879,41.99223,82
L5-2,2.8088,41.99221,83
L5-2,2.8088,41.99219,84
L5-2,2.80881,41.99218,85
L5-2,2.80882,41.99218,86
L5-2,2.80883,41.99217,87
L5-2,2.80884,41.99216,88
L5-2,2.80885,41.99215,89
L5-2,2.80887,41.99214,90
L5-2,2.80888,41.99213,91
L5-2,2.8089,41.99213,92
L5-2,2.80892,41.99212,93
L5-2,2.80893,41.99212,94
L5-2,2.80895,41.99211,95
L5-2,2.80897,41.99211,96
L5-2,2.80899,41.99211,97
L5-2,2.80901,41.99211,98
L5-2,2.80902,41.99211,99
L5-2,2.80904,41.99211,100
L5-2,2.80906,41.99211,101
L5-2,2.80908,41.99212,102
L5-2,2.8091,41.99212,103
L5-2,2.80911,41.99212,104
L5-2,2.80913,41.99213,105
L5-2,2.80914,41.99214,106
L5-2,2.80916,41.99214,107
L5-2,2.80917,41.99215,108
L5-2,2.80918,41.99216,109
L5-2,2.80919,41.99217,110
L5-2,2.8092,41.99218,111
L5-2,2.80921,41.99219,112
L5-2,2.80927,41.9922,113
L5-2,2.80933,41.99221,114
L5-2,2.80937,41.99222,115
L5-2,2.80942,41.99224,116
L5-2,2.80948,41.99225,117
L5-2,2.80951,41.99226,118
L5-2,2.80956,41.99226,119
L5-2,2.80984,41.99227,120
L5-2,2.8102,41.99226,121
L5-2,2.81061,41.99226,122
L5-2,2.81069,41.99226,123
L5-2,2.81078,41.99226,124
L5-2,2.81102,41.99227,125
L5-2,2.81111,41.99228,126
L5-2,2.81119,41.99227,127
L5-2,2.81122,41.99227,128
L5-2,2.81127,41.99225,129
L5-2,2.81131,41.99225,130
L5-2,2.81137,41.99223,131
L5-2,2.81137,41.99222,132
L5-2,2.81138,41.99222,133
L5-2,2.81138,41.99221,134
L5-2,2.81138,41.9922,135
L5-2,2.81139,41.9922,136
L5-2,2.81139,41.99219,137
L5-2,2.8114,41.99219,138
L5-2,2.8114,41.99218,139
L5-2,2.81141,41.99217,140
L5-2,2.81143,41.99216,141
L5-2,2.81144,41.99214,142
L5-2,2.81146,41.99213,143
L5-2,2.81148,41.99212,144
L5-2,2.81149,41.99211,145
L5-2,2.81151,41.99211,146
L5-2,2.81155,41.99208,147
L5-2,2.81163,41.99208,148
L5-2,2.81166,41.99208,149
L5-2,2.81169,41.99208,150
L5-2,2.81173,41.99208,151
L5-2,2.81176,41.99209,152
L5-2,2.81179,41.9921,153
L5-2,2.81182,41.99211,154
L5-2,2.81185,41.99212,155
L5-2,2.81187,41.99213,156
L5-2,2.8119,41.99215,157
L5-2,2.81192,41.99217,158
L5-2,2.81194,41.99219,159
L5-2,2.81196,41.99222,160
L5-2,2.81299,41.99222,161
L5-2,2.81306,41.99222,162
L5-2,2.81375,41.9922,163
L5-2,2.81385,41.9922,164
L5-2,2.81472,41.99219,165
L5-2,2.81479,41.99219,166
L5-2,2.81482,41.99219,167
L5-2,2.81559,41.99217,168
L5-2,2.81645,41.99216,169
L5-2,2.81692,41.99215,170
L5-2,2.81703,41.99215,171
L5-2,2.81711,41.99215,172
L5-2,2.8173,41.99214,173
L5-2,2.8175,41.99214,174
L5-2,2.81758,41.99213,175
L5-2,2.81761,41.99213,176
L5-2,2.81813,41.99215,177
L5-2,2.81814,41.99214,178
L5-2,2.81815,41.99214,179
L5-2,2.81815,41.99213,180
L5-2,2.81816,41.99213,181
L5-2,2.81816,41.99212,182
L5-2,2.81817,41.99212,183
L5-2,2.81818,41.99211,184
L5-2,2.81819,41.99211,185
L5-2,2.8182,41.99211,186
L5-2,2.8182,41.9921,187
L5-2,2.81821,41.9921,188
L5-2,2.81822,41.9921,189
L5-2,2.81823,41.9921,190
L5-2,2.81824,41.99209,191
L5-2,2.81825,41.99209,192
L5-2,2.81826,41.99209,193
L5-2,2.81827,41.99209,194
L5-2,2.81828,41.99209,195
L5-2,2.81829,41.99209,196
L5-2,2.8183,41.99209,197
L5-2,2.81836,41.99195,198
L5-2,2.81843,41.99185,199
L5-2,2.81847,41.99177,200
L5-2,2.81859,41.99152,201
L5-2,2.81868,41.99135,202
L5-2,2.8187,41.99129,203
L5-2,2.8188,41.99104,204
L5-2,2.81886,41.99091,205
L5-2,2.81899,41.99058,206
L5-2,2.81922,41.99005,207
L5-2,2.81926,41.98996,208
L5-2,2.81928,41.98992,209
L5-2,2.81933,41.98984,210
L5-2,2.81938,41.98982,211
L5-2,2.81946,41.98982,212
L5-2,2.81981,41.98984,213
L5-2,2.82018,41.98985,214
L5-2,2.82038,41.98985,215
L5-2,2.82048,41.98985,216
L5-2,2.82052,41.98984,217
L5-2,2.82061,41.98984,218
L5-2,2.82081,41.98976,219
L5-2,2.82165,41.98935,220
L5-2,2.82178,41.98929,221
L5-2,2.82178,41.98925,222
L5-2,2.82179,41.98921,223
L5-2,2.82181,41.98917,224
L5-2,2.82183,41.98914,225
L5-2,2.82186,41.9891,226
L5-2,2.82189,41.98907,227
L5-2,2.82193,41.98904,228
L5-2,2.82198,41.98902,229
L5-2,2.82203,41.989,230
L5-2,2.82212,41.98898,231
L5-2,2.82215,41.98884,232
L5-2,2.82225,41.98845,233
L5-2,2.82229,41.98824,234
L5-2,2.82228,41.98816,235
L5-2,2.82226,41.98808,236
L5-2,2.82226,41.98807,237
L5-2,2.82223,41.98801,238
L5-2,2.82219,41.98794,239
L5-2,2.8221,41.98784,240
L5-2,2.82195,41.98771,241
L5-2,2.8215,41.98727,242
L5-2,2.82142,41.98704,243
L5-2,2.82137,41.98701,244
L5-2,2.82124,41.98695,245
L5-2,2.82112,41.98688,246
L5-2,2.82105,41.98681,247
L5-2,2.82098,41.98672,248
L5-2,2.82094,41.98662,249
L5-2,2.82093,41.98659,250
L5-2,2.82092,41.98649,251
L5-2,2.82093,41.98644,252
L5-2,2.82095,41.98641,253
L5-2,2.82097,41.98639,254
L5-2,2.82099,41.98639,255
L5-2,2.82102,41.98637,256
L5-2,2.82104,41.98636,257
L5-2,2.82112,41.98634,258
L5-2,2.82118,41.98634,259
L5-2,2.82123,41.98635,260
L5-2,2.82126,41.98636,261
L5-2,2.82132,41.98639,262
L5-2,2.82146,41.98649,263
L5-2,2.82152,41.98647,264
L5-2,2.82171,41.98641,265
L5-2,2.82181,41.98637,266
L5-2,2.82185,41.98635,267
L5-2,2.82204,41.98626,268
L5-2,2.82232,41.98614,269
L5-2,2.82242,41.98609,270
L5-2,2.82241,41.98608,271
L5-2,2.82241,41.98607,272
L5-2,2.82241,41.98606,273
L5-2,2.82241,41.98605,274
L5-2,2.82241,41.98604,275
L5-2,2.82242,41.98603,276
L5-2,2.82242,41.98602,277
L5-2,2.82243,41.98601,278
L5-2,2.82243,41.986,279
L5-2,2.82244,41.986,280
L5-2,2.82244,41.98599,281
L5-2,2.82238,41.9859,282
L5-2,2.82232,41.98584,283
L5-2,2.82218,41.98572,284
L5-2,2.82212,41.98566,285
L5-2,2.82212,41.98565,286
L5-2,2.82142,41.98515,287
L5-2,2.82136,41.98512,288
L5-2,2.82134,41.98509,289
L5-2,2.82112,41.98491,290
L5-2,2.821,41.98481,291
L5-2,2.82072,41.98458,292
L5-2,2.82061,41.98449,293
L5-2,2.82055,41.98444,294
L5-2,2.82054,41.98443,295
L5-2,2.82038,41.98426,296
L5-2,2.81977,41.98361,297
L5-2,2.81973,41.98352,298
L5-2,2.81972,41.98344,299
L5-2,2.81974,41.9833,300
L5-2,2.81975,41.9832,301
L5-2,2.81976,41.98315,302
L5-2,2.81983,41.98272,303
L5-2,2.81984,41.98268,304
L5-2,2.8191,41.98235,305
L5-2,2.81908,41.98235,306
L5-2,2.81906,41.98235,307
L5-2,2.81903,41.98235,308
L5-2,2.81901,41.98234,309
L5-2,2.81899,41.98233,310
L5-2,2.81896,41.98233,311
L5-2,2.81894,41.98231,312
L5-2,2.81884,41.98227,313
L5-2,2.81822,41.98201,314
L5-2,2.81813,41.98198,315
L5-2,2.81769,41.98179,316
L5-2,2.81754,41.98174,317
L5-2,2.81704,41.98152,318
L5-2,2.81639,41.98124,319
L5-2,2.81595,41.98107,320
L5-2,2.81588,41.98104,321
L5-2,2.81577,41.981,322
L5-2,2.8157,41.98097,323
L5-2,2.8156,41.98094,324
L5-2,2.8154,41.98086,325
L5-2,2.81505,41.98073,326
L5-2,2.81427,41.98039,327
L5-2,2.81416,41.98035,328
L5-2,2.81357,41.9801,329
L5-2,2.81333,41.98,330
L5-2,2.81357,41.97969,331
L5-2,2.81373,41.97948,332
L5-2,2.81377,41.97942,333
L5-2,2.81388,41.97924,334
L5-2,2.81395,41.97913,335
L5-2,2.81399,41.97907,336
L5-2,2.81404,41.97901,337
L5-2,2.81409,41.97892,338
L5-2,2.81411,41.97888,339
L5-2,2.81413,41.97878,340
L5-2,2.81413,41.97869,341
L5-2,2.81408,41.97858,342
L5-2,2.81399,41.97835,343
L5-2,2.81377,41.9778,344
L5-2,2.81375,41.97774,345
L5-2,2.81374,41.97772,346
L5-2,2.8137,41.97759,347
L5-2,2.81348,41.97695,348
L5-2,2.81343,41.9768,349
L5-2,2.81338,41.97663,350
L5-2,2.81334,41.97655,351
L5-2,2.81329,41.97639,352
L5-2,2.81328,41.97637,353
L5-2,2.81322,41.97616,354
L5-2,2.81322,41.97615,355
L5-2,2.81321,41.97615,356
L5-2,2.8132,41.97615,357
L5-2,2.81319,41.97615,358
L5-2,2.81319,41.97614,359
L5-2,2.81318,41.97614,360
L5-2,2.81318,41.97613,361
L5-2,2.81317,41.97613,362
L5-2,2.81317,41.97612,363
L5-2,2.81317,41.97611,364
L5-2,2.81317,41.9761,365
L5-2,2.81317,41.97609,366
L5-2,2.81282,41.97594,367
L5-2,2.81273,41.9759,368
L5-2,2.81265,41.97587,369
L5-2,2.8118,41.97554,370
L5-2,2.81161,41.97576,371
L5-2,2.81068,41.97538,372
L5-2,2.81086,41.97513,373
L5-2,2.81078,41.9751,374
L5-2,2.81086,41.97513,375
L5-2,2.81104,41.9749,376
L5-2,2.81106,41.97486,377
L5-2,2.81121,41.97463,378
L5-2,2.81137,41.97441,379
L5-2,2.81174,41.97391,380
L5-2,2.81178,41.97384,381
L5-2,2.81179,41.97383,382
L5-2,2.81196,41.97361,383
L5-2,2.81198,41.97357,384
L5-2,2.812,41.97355,385
L5-2,2.81217,41.97329,386
L5-2,2.81219,41.97327,387
L5-2,2.8124,41.97299,388
L5-2,2.81256,41.97286,389
L5-2,2.81252,41.97276,390
L5-2,2.81247,41.97263,391
L5-2,2.81245,41.97254,392
L5-2,2.81227,41.97209,393
L5-2,2.81214,41.9718,394
L5-2,2.81192,41.9712,395
L5-2,2.81189,41.97113,396
L5-2,2.81187,41.97109,397
L5-2,2.81179,41.97089,398
L5-2,2.81178,41.97084,399
L5-2,2.81168,41.97059,400
L5-2,2.81167,41.97056,401
L5-2,2.81161,41.97041,402
L5-2,2.81158,41.97033,403
L5-2,2.8114,41.96987,404
L5-2,2.81114,41.96921,405
L5-2,2.81112,41.96914,406
L5-2,2.81104,41.96894,407
L5-2,2.81087,41.96851,408
L5-2,2.81087,41.96849,409
L5-2,2.81083,41.96841,410
L5-2,2.81081,41.96836,411
L5-2,2.81071,41.96811,412
L5-2,2.81049,41.96762,413
L5-2,2.81044,41.9675,414
L5-2,2.8101,41.96717,415
L5-2,2.80993,41.96698,416
L5-2,2.8098,41.96703,417
L5-2,2.80934,41.96714,418
L5-2,2.80912,41.96719,419
L5-2,2.80904,41.96721,420
L5-2,2.80897,41.96722,421
L5-2,2.80896,41.96723,422
L5-2,2.80892,41.96724,423
L5-2,2.80885,41.96725,424
L5-2,2.80884,41.96725,425
L5-2,2.80829,41.96739,426
L5-2,2.8081,41.96742,427
L5-2,2.80783,41.96745,428
L5-2,2.80786,41.96712,429
L5-2,2.80796,41.96624,430
L5-2,2.80796,41.96607,431
L5-2,2.80795,41.9659,432
L5-2,2.80794,41.96572,433
L5-2,2.80786,41.96573,434
L5-2,2.80781,41.96573,435
L5-2,2.80775,41.96572,436
L5-2,2.8077,41.96571,437
L5-2,2.80765,41.96569,438
L5-2,2.8076,41.96567,439
L5-2,2.80756,41.96564,440
L5-2,2.80752,41.96561,441
L5-2,2.8071,41.96585,442
L5-2,2.80676,41.96603,443
L5-2,2.80641,41.96623,444
L5-2,2.80577,41.96657,445
L5-2,2.80552,41.9667,446
L5-2,2.80523,41.96681,447
L5-2,2.80379,41.96737,448
L5-2,2.80254,41.96783,449
L5-2,2.80182,41.96809,450
L5-2,2.80165,41.96815,451
L5-2,2.80158,41.96817,452
L5-2,2.80151,41.9682,453
L5-2,2.80112,41.96832,454
L5-2,2.80081,41.9684,455
L5-2,2.80033,41.9685,456
L5-2,2.80009,41.96854,457
L5-2,2.80004,41.96858,458
L5-2,2.7996,41.96865,459
L5-2,2.7994,41.96869,460
L5-2,2.79939,41.96871,461
L5-2,2.79938,41.96874,462
L5-2,2.79936,41.96877,463
L5-2,2.79934,41.96879,464
L5-2,2.79932,41.96881,465
L5-2,2.79929,41.96883,466
L5-2,2.79926,41.96885,467
L5-2,2.79923,41.96887,468
L5-2,2.79997,41.97057,469
L5-2,2.799999300416067,41.97058719395024,470
L5-2,2.800141078734753,41.97065352359032,471
L5-2,2.80014587059658,41.97083251422493,472
L5-2,2.800057782249064,41.97088960054251,473
L5-2,2.799866469798862,41.97089477651301,474
L5-2,2.799706539453215,41.97088652945136,475
L5-2,2.799632494529842,41.97088699424234,476
L5-2,2.799552583898151,41.9708902322205,477
L5-2,2.799501233847979,41.97088740751789,478
L5-2,2.79944,41.97088,479
L5-2,2.79939,41.97088,480
L5-2,2.79931,41.97089,481
L5-2,2.79924,41.9709,482
L5-2,2.79917,41.9709,483
L5-2,2.79909,41.97091,484
L5-2,2.79903,41.97091,485
L5-2,2.799,41.97091,486
L5-2,2.79894,41.97091,487
L5-2,2.79887,41.9709,488
L8-401,2.82745,41.96229,2
L8-401,2.82804,41.96231,3
L8-401,2.82813,41.96232,4
L8-401,2.82813,41.96231,5
L8-401,2.82814,41.96231,6
L8-401,2.82814,41.9623,7
L8-401,2.82815,41.9623,8
L8-401,2.82816,41.96229,9
L8-401,2.82817,41.96229,10
L8-401,2.82818,41.96228,11
L8-401,2.82819,41.96228,12
L8-401,2.8282,41.96228,13
L8-401,2.82821,41.96228,14
L8-401,2.82822,41.96228,15
L8-401,2.82823,41.96228,16
L8-401,2.82824,41.96228,17
L8-401,2.82825,41.96228,18
L8-401,2.82826,41.96228,19
L8-401,2.82857,41.96213,20
L8-401,2.82864,41.9621,21
L8-401,2.8287,41.96208,22
L8-401,2.82877,41.96206,23
L8-401,2.82884,41.96203,24
L8-401,2.8289,41.96201,25
L8-401,2.82895,41.96198,26
L8-401,2.829,41.96194,27
L8-401,2.82906,41.96188,28
L8-401,2.82935,41.96154,29
L8-401,2.82946,41.9614,30
L8-401,2.82956,41.96128,31
L8-401,2.82975,41.96111,32
L8-401,2.82978,41.9611,33
L8-401,2.8299,41.96101,34
L8-401,2.82998,41.96097,35
L8-401,2.83004,41.96095,36
L8-401,2.83033,41.96086,37
L8-401,2.8306,41.96082,38
L8-401,2.83072,41.96081,39
L8-401,2.83082,41.96081,40
L8-401,2.83098,41.96081,41
L8-401,2.83108,41.96082,42
L8-401,2.83116,41.96083,43
L8-401,2.83125,41.96085,44
L8-401,2.83137,41.96088,45
L8-401,2.83151,41.96093,46
L8-401,2.83158,41.96096,47
L8-401,2.83192,41.96116,48
L8-401,2.83195,41.96118,49
L8-401,2.83201,41.96125,50
L8-401,2.83205,41.9613,51
L8-401,2.83216,41.96145,52
L8-401,2.83222,41.96155,53
L8-401,2.83225,41.96164,54
L8-401,2.8323,41.96177,55
L8-401,2.83233,41.96198,56
L8-401,2.83234,41.96204,57
L8-401,2.83232,41.96236,58
L8-401,2.83229,41.96254,59
L8-401,2.83229,41.96258,60
L8-401,2.83224,41.96273,61
L8-401,2.83203,41.96338,62
L8-401,2.83202,41.96341,63
L8-401,2.83199,41.96352,64
L8-401,2.83248,41.96358,65
L8-401,2.83295,41.96364,66
L8-401,2.83299,41.96365,67
L8-401,2.83375,41.96381,68
L8-401,2.83415,41.96391,69
L8-401,2.83449,41.96405,70
L8-401,2.83482,41.96419,71
L8-401,2.83515,41.96436,72
L8-401,2.83578,41.96477,73
L8-401,2.83579,41.96477,74
L8-401,2.83616,41.96501,75
L8-401,2.83641,41.96516,76
L8-401,2.83706,41.96551,77
L8-401,2.83727,41.96566,78
L8-401,2.83737,41.96577,79
L8-401,2.83744,41.96584,80
L8-401,2.83754,41.96595,81
L8-401,2.83788,41.96638,82
L8-401,2.83804,41.96659,83
L8-401,2.83815,41.96675,84
L8-401,2.83821,41.96686,85
L8-401,2.83837,41.9671,86
L8-401,2.8384,41.96711,87
L8-401,2.83842,41.96711,88
L8-401,2.83845,41.96712,89
L8-401,2.83847,41.96713,90
L8-401,2.8385,41.96714,91
L8-401,2.83852,41.96715,92
L8-401,2.83854,41.96717,93
L8-401,2.83855,41.96719,94
L8-401,2.83856,41.9672,95
L8-401,2.83857,41.96721,96
L8-401,2.8386,41.96722,97
L8-401,2.83861,41.96723,98
L8-401,2.83861,41.96724,99
L8-401,2.83862,41.96725,100
L8-401,2.83862,41.96726,101
L8-401,2.83863,41.96728,102
L8-401,2.83863,41.96729,103
L8-401,2.83863,41.96731,104
L8-401,2.83863,41.96732,105
L8-401,2.83863,41.96734,106
L8-401,2.83863,41.96736,107
L8-401,2.83862,41.96738,108
L8-401,2.83861,41.9674,109
L8-401,2.8386,41.96742,110
L8-401,2.83859,41.96744,111
L8-401,2.83857,41.96746,112
L8-401,2.83855,41.96747,113
L8-401,2.83853,41.96749,114
L8-401,2.83851,41.9675,115
L8-401,2.83848,41.96751,116
L8-401,2.83846,41.96752,117
L8-401,2.83843,41.96753,118
L8-401,2.8384,41.96754,119
L8-401,2.83837,41.96754,120
L8-401,2.83835,41.96754,121
L8-401,2.83832,41.96754,122
L8-401,2.83829,41.96754,123
L8-401,2.83826,41.96753,124
L8-401,2.83823,41.96753,125
L8-401,2.83821,41.96752,126
L8-401,2.83818,41.96751,127
L8-401,2.83816,41.96749,128
L8-401,2.83814,41.96748,129
L8-401,2.83812,41.96746,130
L8-401,2.8381,41.96745,131
L8-401,2.83808,41.96743,132
L8-401,2.83773,41.96749,133
L8-401,2.8377,41.96751,134
L8-401,2.83745,41.96764,135
L8-401,2.83737,41.96768,136
L8-401,2.83707,41.96786,137
L8-401,2.83682,41.96802,138
L8-401,2.83652,41.96828,139
L8-401,2.83632,41.96849,140
L8-401,2.83612,41.96873,141
L8-401,2.83601,41.96893,142
L8-401,2.83598,41.96898,143
L8-401,2.83594,41.96907,144
L8-401,2.8359,41.96916,145
L8-401,2.83588,41.96924,146
L8-401,2.83586,41.96932,147
L8-401,2.83584,41.96941,148
L8-401,2.83583,41.9695,149
L8-401,2.83583,41.97039,150
L8-401,2.8358,41.97061,151
L8-401,2.83579,41.9707,152
L8-401,2.83576,41.97082,153
L8-401,2.83574,41.97093,154
L8-401,2.83572,41.97103,155
L8-401,2.83568,41.97114,156
L8-401,2.83563,41.97124,157
L8-401,2.83558,41.97133,158
L8-401,2.83554,41.97141,159
L8-401,2.83547,41.97148,160
L8-401,2.8354,41.97155,161
L8-401,2.83532,41.97161,162
L8-401,2.83522,41.97167,163
L8-401,2.83511,41.97173,164
L8-401,2.83496,41.97179,165
L8-401,2.83464,41.97191,166
L8-401,2.83449,41.97196,167
L8-401,2.83424,41.97204,168
L8-401,2.83399,41.97212,169
L8-401,2.83377,41.97218,170
L8-401,2.83356,41.97226,171
L8-401,2.83342,41.9723,172
L8-401,2.83328,41.97235,173
L8-401,2.83312,41.97241,174
L8-401,2.83296,41.97249,175
L8-401,2.83286,41.97254,176
L8-401,2.83261,41.97268,177
L8-401,2.83247,41.97275,178
L8-401,2.83229,41.97285,179
L8-401,2.83212,41.97292,180
L8-401,2.83203,41.97297,181
L8-401,2.83197,41.973,182
L8-401,2.83195,41.97301,183
L8-401,2.83187,41.97305,184
L8-401,2.83183,41.97307,185
L8-401,2.83179,41.97308,186
L8-401,2.83174,41.9731,187
L8-401,2.83167,41.97313,188
L8-401,2.8316,41.97316,189
L8-401,2.83153,41.97318,190
L8-401,2.83146,41.97319,191
L8-401,2.83143,41.9732,192
L8-401,2.83139,41.97321,193
L8-401,2.83124,41.97326,194
L8-401,2.83116,41.97327,195
L8-401,2.83101,41.97329,196
L8-401,2.83063,41.97333,197
L8-401,2.83032,41.97335,198
L8-401,2.83009,41.97337,199
L8-401,2.82972,41.97337,200
L8-401,2.82937,41.97338,201
L8-401,2.82867,41.97339,202
L8-401,2.82856,41.9734,203
L8-401,2.82836,41.97341,204
L8-401,2.8282,41.97343,205
L8-401,2.82779,41.97347,206
L8-401,2.82757,41.9735,207
L8-401,2.82752,41.97351,208
L8-401,2.827,41.97358,209
L8-401,2.8267,41.97363,210
L8-401,2.82663,41.97364,211
L8-401,2.82623,41.97371,212
L8-401,2.8258,41.9738,213
L8-401,2.82513,41.97394,214
L8-401,2.8249,41.97404,215
L8-401,2.82492,41.97408,216
L8-401,2.82492,41.97411,217
L8-401,2.82492,41.97414,218
L8-401,2.82492,41.97417,219
L8-401,2.82491,41.9742,220
L8-401,2.8249,41.97423,221
L8-401,2.82488,41.97426,222
L8-401,2.82486,41.97429,223
L8-401,2.82483,41.97431,224
L8-401,2.8248,41.97433,225
L8-401,2.82477,41.97435,226
L8-401,2.82473,41.97437,227
L8-401,2.82472,41.97437,228
L8-401,2.82469,41.97438,229
L8-401,2.82467,41.97439,230
L8-401,2.82465,41.97439,231
L8-401,2.82463,41.97439,232
L8-401,2.82461,41.9744,233
L8-401,2.82458,41.9744,234
L8-401,2.82456,41.9744,235
L8-401,2.82454,41.9744,236
L8-401,2.82452,41.97439,237
L8-401,2.8245,41.97439,238
L8-401,2.82448,41.97439,239
L8-401,2.82446,41.97438,240
L8-401,2.82444,41.97438,241
L8-401,2.82443,41.97437,242
L8-401,2.82441,41.97437,243
L8-401,2.82438,41.97436,244
L8-401,2.82435,41.97434,245
L8-401,2.82433,41.97433,246
L8-401,2.82431,41.97431,247
L8-401,2.82429,41.97429,248
L8-401,2.82427,41.97427,249
L8-401,2.82425,41.97425,250
L8-401,2.82424,41.97423,251
L8-401,2.82402,41.97424,252
L8-401,2.82394,41.97424,253
L8-401,2.82385,41.97425,254
L8-401,2.82369,41.97426,255
L8-401,2.82361,41.97425,256
L8-401,2.82341,41.97428,257
L8-401,2.82332,41.97429,258
L8-401,2.82324,41.9743,259
L8-401,2.82297,41.97433,260
L8-401,2.82278,41.97436,261
L8-401,2.82223,41.97447,262
L8-401,2.82212,41.97449,263
L8-401,2.82206,41.9745,264
L8-401,2.82128,41.97467,265
L8-401,2.82122,41.97468,266
L8-401,2.82063,41.97479,267
L8-401,2.82045,41.97484,268
L8-401,2.82032,41.97486,269
L8-401,2.82028,41.97486,270
L8-401,2.81994,41.97493,271
L8-401,2.81953,41.97502,272
L8-401,2.81908,41.97511,273
L8-401,2.8189,41.97515,274
L8-401,2.81884,41.97516,275
L8-401,2.81838,41.97526,276
L8-401,2.81818,41.9753,277
L8-401,2.81814,41.97531,278
L8-401,2.81782,41.97538,279
L8-401,2.81753,41.97544,280
L8-401,2.8175,41.97544,281
L8-401,2.81722,41.9755,282
L8-401,2.81698,41.97555,283
L8-401,2.81675,41.97559,284
L8-401,2.81665,41.97567,285
L8-401,2.814882447774443,41.97604470402423,286
L8-401,2.815682035061864,41.9783994658131,287
L8-401,2.815523230395507,41.97798365323082,288
L7-102,2.80596,41.97235,2
L7-102,2.80609,41.97256,3
L7-102,2.80636,41.97301,4
L7-102,2.80665,41.97347,5
L7-102,2.80677,41.97367,6
L7-102,2.80681,41.97373,7
L7-102,2.80714,41.97429,8
L7-102,2.80617,41.9749,9
L7-102,2.80596,41.97503,10
L7-102,2.80593,41.9751,11
L7-102,2.80612,41.97514,12
L7-102,2.80621,41.97517,13
L7-102,2.8063,41.9752,14
L7-102,2.80641,41.97525,15
L7-102,2.80653,41.97531,16
L7-102,2.80669,41.97541,17
L7-102,2.80681,41.9755,18
L7-102,2.80735,41.97584,19
L7-102,2.80771,41.97604,20
L7-102,2.8079,41.97614,21
L7-102,2.80818,41.97626,22
L7-102,2.80848,41.97635,23
L7-102,2.80883,41.97645,24
L7-102,2.80893,41.97648,25
L7-102,2.80916,41.97652,26
L7-102,2.80943,41.97657,27
L7-102,2.80973,41.9766,28
L7-102,2.80974,41.9766,29
L7-102,2.80977,41.97662,30
L7-102,2.81005,41.9772,31
L7-102,2.8102,41.97754,32
L7-102,2.8103,41.9778,33
L7-102,2.81058,41.97845,34
L7-102,2.81076,41.97893,35
L7-102,2.81075,41.97896,36
L7-102,2.81074,41.97899,37
L7-102,2.81074,41.97901,38
L7-102,2.81075,41.97903,39
L7-102,2.81076,41.97904,40
L7-102,2.81077,41.97905,41
L7-102,2.81081,41.97907,42
L7-102,2.81085,41.97908,43
L7-102,2.81088,41.97909,44
L7-102,2.81092,41.9791,45
L7-102,2.81094,41.9791,46
L7-102,2.81095,41.9791,47
L7-102,2.81097,41.9791,48
L7-102,2.81099,41.97909,49
L7-102,2.81101,41.97909,50
L7-102,2.81104,41.97907,51
L7-102,2.81105,41.97906,52
L7-102,2.81106,41.97904,53
L7-102,2.81139,41.97922,54
L7-102,2.81149,41.97926,55
L7-102,2.8116,41.97931,56
L7-102,2.81178,41.97938,57
L7-102,2.8127,41.97975,58
L7-102,2.81333,41.98,59
L7-102,2.81357,41.9801,60
L7-102,2.81416,41.98035,61
L7-102,2.81427,41.98039,62
L7-102,2.81505,41.98073,63
L7-102,2.8154,41.98086,64
L7-102,2.8156,41.98094,65
L7-102,2.8157,41.98097,66
L7-102,2.81577,41.981,67
L7-102,2.81588,41.98104,68
L7-102,2.81595,41.98107,69
L7-102,2.81639,41.98124,70
L7-102,2.81704,41.98152,71
L7-102,2.81754,41.98174,72
L7-102,2.81769,41.98179,73
L7-102,2.81812,41.98196,74
L7-102,2.81814,41.98197,75
L7-102,2.81821,41.982,76
L7-102,2.81884,41.98227,77
L7-102,2.81894,41.98231,78
L7-102,2.81896,41.98233,79
L7-102,2.81899,41.98233,80
L7-102,2.81901,41.98234,81
L7-102,2.81903,41.98235,82
L7-102,2.81906,41.98235,83
L7-102,2.81908,41.98235,84
L7-102,2.8191,41.98235,85
L7-102,2.81911,41.98235,86
L7-102,2.81913,41.98234,87
L7-102,2.81917,41.98231,88
L7-102,2.81919,41.9823,89
L7-102,2.81921,41.98228,90
L7-102,2.81923,41.98227,91
L7-102,2.81924,41.98224,92
L7-102,2.81925,41.98222,93
L7-102,2.81925,41.9822,94
L7-102,2.81925,41.98214,95
L7-102,2.81918,41.98199,96
L7-102,2.81916,41.98194,97
L7-102,2.81913,41.98186,98
L7-102,2.8191,41.9818,99
L7-102,2.81905,41.98171,100
L7-102,2.81906,41.98162,101
L7-102,2.81903,41.98152,102
L7-102,2.81965,41.98144,103
L7-102,2.81976,41.98143,104
L7-102,2.82018,41.98139,105
L7-102,2.82014,41.9815,106
L7-102,2.82006,41.98175,107
L7-102,2.81991,41.98234,108
L7-102,2.82063,41.98238,109
L7-102,2.82094,41.9824,110
L7-102,2.8216,41.98244,111
L7-102,2.82172,41.98244,112
L7-102,2.82192,41.98241,113
L7-102,2.82199,41.9824,114
L7-102,2.82271,41.98224,115
L7-102,2.82286,41.98222,116
L7-102,2.82288,41.98221,117
L7-102,2.82302,41.98219,118
L7-102,2.82311,41.98218,119
L7-102,2.82323,41.98219,120
L7-102,2.82348,41.98221,121
L7-102,2.82357,41.98218,122
L7-102,2.82358,41.98218,123
L7-102,2.8236,41.98217,124
L7-102,2.8236,41.98216,125
L7-102,2.8236,41.98215,126
L7-102,2.82361,41.98213,127
L7-102,2.82362,41.98204,128
L7-102,2.82362,41.9819,129
L7-102,2.82361,41.9818,130
L7-102,2.82364,41.98151,131
L7-102,2.82368,41.98136,132
L7-102,2.8237,41.98128,133
L7-102,2.82373,41.98125,134
L7-102,2.82375,41.98123,135
L7-102,2.82377,41.9812,136
L7-102,2.8238,41.98116,137
L7-102,2.82382,41.98114,138
L7-102,2.82384,41.98112,139
L7-102,2.82389,41.98104,140
L7-102,2.82416,41.98063,141
L7-102,2.82425,41.98062,142
L7-102,2.82481,41.98063,143
L7-102,2.82492,41.98064,144
L7-102,2.82494,41.98064,145
L7-102,2.82496,41.98064,146
L7-102,2.82499,41.98063,147
L7-102,2.82502,41.98061,148
L7-102,2.82513,41.98052,149
L7-102,2.82521,41.98046,150
L7-102,2.82526,41.98044,151
L7-102,2.82528,41.98044,152
L7-102,2.8253,41.98044,153
L7-102,2.82534,41.98046,154
L7-102,2.82537,41.98047,155
L7-102,2.82564,41.98055,156
L7-102,2.82571,41.98056,157
L7-102,2.82574,41.98057,158
L7-102,2.82582,41.98058,159
L7-102,2.82591,41.98058,160
L7-102,2.82596,41.98059,161
L7-102,2.82603,41.9806,162
L7-102,2.82612,41.98064,163
L7-102,2.82627,41.9807,164
L7-102,2.82631,41.98071,165
L7-102,2.82637,41.98073,166
L7-102,2.82642,41.98074,167
L7-102,2.82644,41.98078,168
L7-102,2.82645,41.98082,169
L7-102,2.82645,41.98087,170
L7-102,2.82645,41.98091,171
L7-102,2.82645,41.98094,172
L7-102,2.82643,41.98098,173
L7-102,2.8264,41.98105,174
L7-102,2.82623,41.98144,175
L7-102,2.82622,41.98146,176
L7-102,2.82621,41.98148,177
L7-102,2.8262,41.98151,178
L7-102,2.8262,41.98152,179
L7-102,2.8262,41.98156,180
L7-102,2.82622,41.98162,181
L7-102,2.82622,41.98163,182
L7-102,2.82639,41.98208,183
L7-102,2.82643,41.98217,184
L7-102,2.82645,41.9822,185
L7-102,2.82647,41.98224,186
L7-102,2.82652,41.98229,187
L7-102,2.82687,41.98266,188
L7-102,2.82714,41.98295,189
L7-102,2.82718,41.98299,190
L7-102,2.82728,41.9831,191
L7-102,2.82799,41.98367,192
L7-102,2.8279,41.98382,193
L7-102,2.82785,41.9839,194
L7-102,2.82783,41.98395,195
L7-102,2.82782,41.98398,196
L7-102,2.82782,41.98402,197
L7-102,2.82777,41.98466,198
L7-102,2.82775,41.98494,199
L7-102,2.82774,41.98498,200
L7-102,2.82775,41.985,201
L7-102,2.82774,41.98504,202
L7-102,2.82774,41.9851,203
L7-102,2.82771,41.98515,204
L7-102,2.82768,41.98519,205
L7-102,2.82767,41.9852,206
L7-102,2.82766,41.9852,207
L7-102,2.82765,41.9852,208
L7-102,2.82756,41.98518,209
L7-102,2.82754,41.98523,210
L7-102,2.82753,41.98528,211
L7-102,2.82747,41.98544,212
L7-102,2.82739,41.98571,213
L7-102,2.82732,41.98567,214
L7-102,2.82739,41.98571,215
L7-102,2.82747,41.98544,216
L7-102,2.82753,41.98528,217
L7-102,2.82754,41.98523,218
L7-102,2.82756,41.98518,219
L7-102,2.82765,41.9852,220
L7-102,2.82766,41.9852,221
L7-102,2.82767,41.9852,222
L7-102,2.82768,41.98519,223
L7-102,2.82771,41.98515,224
L7-102,2.82774,41.9851,225
L7-102,2.82774,41.98504,226
L7-102,2.82775,41.985,227
L7-102,2.82774,41.98498,228
L7-102,2.82775,41.98494,229
L7-102,2.82777,41.98466,230
L7-102,2.82782,41.98402,231
L7-102,2.82782,41.98398,232
L7-102,2.82783,41.98395,233
L7-102,2.82785,41.9839,234
L7-102,2.8279,41.98382,235
L7-102,2.82799,41.98367,236
L7-102,2.82728,41.9831,237
L7-102,2.82718,41.98299,238
L7-102,2.82714,41.98295,239
L7-102,2.82687,41.98266,240
L7-102,2.82652,41.98229,241
L7-102,2.82647,41.98224,242
L7-102,2.82645,41.9822,243
L7-102,2.82643,41.98217,244
L7-102,2.82639,41.98208,245
L7-102,2.82622,41.98163,246
L7-102,2.82622,41.98162,247
L7-102,2.8262,41.98156,248
L7-102,2.8262,41.98152,249
L7-102,2.8262,41.98151,250
L7-102,2.82621,41.98148,251
L7-102,2.82622,41.98146,252
L7-102,2.82623,41.98144,253
L7-102,2.8264,41.98105,254
L7-102,2.82643,41.98098,255
L7-102,2.82645,41.98094,256
L7-102,2.82645,41.98091,257
L7-102,2.82645,41.98087,258
L7-102,2.82645,41.98082,259
L7-102,2.82644,41.98078,260
L7-102,2.82642,41.98074,261
L7-102,2.82655,41.98073,262
L7-102,2.82665,41.98073,263
L7-102,2.82669,41.98073,264
L7-102,2.82682,41.98072,265
L7-102,2.82697,41.98072,266
L7-102,2.82709,41.98073,267
L7-102,2.82711,41.98073,268
L7-102,2.82718,41.98073,269
L7-102,2.82728,41.98072,270
L7-102,2.82745,41.98071,271
L7-102,2.8276,41.98068,272
L7-102,2.82784,41.98029,273
L7-102,2.82796,41.97985,274
L7-102,2.82799,41.97978,275
L7-102,2.82803,41.97969,276
L7-102,2.82806,41.97964,277
L7-102,2.82811,41.9796,278
L7-102,2.82816,41.97957,279
L7-102,2.82821,41.97956,280
L7-102,2.82825,41.97955,281
L7-102,2.82828,41.97955,282
L7-102,2.82846,41.97945,283
L7-102,2.82861,41.97941,284
L7-102,2.82877,41.9794,285
L7-102,2.8289,41.9794,286
L7-102,2.82914,41.97941,287
L7-102,2.82923,41.97943,288
L7-102,2.82931,41.97945,289
L7-102,2.82946,41.97952,290
L7-102,2.82961,41.9796,291
L7-102,2.82978,41.97971,292
L7-102,2.82995,41.97982,293
L7-102,2.83014,41.97996,294
L7-102,2.83035,41.98014,295
L7-102,2.83044,41.98025,296
L7-102,2.8305,41.98034,297
L7-102,2.8306,41.98055,298
L7-102,2.83077,41.98092,299
L7-102,2.83095,41.9813,300
L7-102,2.83112,41.98166,301
L7-102,2.8311,41.98166,302
L7-102,2.83105,41.98166,303
L7-102,2.831,41.98168,304
L7-102,2.83086,41.98173,305
L7-102,2.8308,41.98175,306
L7-102,2.83074,41.98179,307
L7-102,2.83071,41.98182,308
L7-102,2.83069,41.98185,309
L7-102,2.83069,41.9819,310
L7-102,2.83072,41.98195,311
L7-102,2.83078,41.982,312
L7-102,2.83088,41.98204,313
L7-102,2.831,41.98205,314
L7-102,2.83116,41.98206,315
L7-102,2.83137,41.98205,316
L7-102,2.83154,41.98203,317
L7-102,2.8316,41.98202,318
L7-102,2.83165,41.98202,319
L7-102,2.83171,41.98203,320
L7-102,2.83175,41.98204,321
L7-102,2.8318,41.98205,322
L7-102,2.83183,41.98207,323
L7-102,2.83204,41.98215,324
L7-102,2.83221,41.9822,325
L7-102,2.83235,41.98224,326
L7-102,2.83267,41.98234,327
L7-102,2.83286,41.98241,328
L7-102,2.83299,41.98247,329
L7-102,2.83302,41.98248,330
L7-102,2.83305,41.9825,331
L7-102,2.83308,41.98253,332
L7-102,2.83313,41.98257,333
L7-102,2.83316,41.98261,334
L7-102,2.83321,41.98268,335
L7-102,2.83335,41.98292,336
L7-102,2.83339,41.98304,337
L7-102,2.83341,41.98312,338
L7-102,2.83343,41.98319,339
L7-102,2.83345,41.98327,340
L7-102,2.83346,41.98332,341
L7-102,2.83348,41.98337,342
L7-102,2.83349,41.98343,343
L7-102,2.83349,41.98347,344
L7-102,2.83348,41.98351,345
L7-102,2.83347,41.98355,346
L7-102,2.83345,41.9836,347
L7-102,2.83342,41.98365,348
L7-102,2.8333,41.98396,349
L7-102,2.83329,41.98397,350
L7-102,2.83325,41.98415,351
L7-102,2.8332,41.98424,352
L7-102,2.83317,41.98431,353
L7-102,2.83314,41.98435,354
L7-102,2.83312,41.98436,355
L7-102,2.83287,41.98449,356
L7-102,2.83259,41.98465,357
L7-102,2.83248,41.98471,358
L7-102,2.8324,41.98476,359
L7-102,2.83229,41.98483,360
L12-1,2.82204,41.98626,2
L12-1,2.82232,41.98614,3
L12-1,2.82241,41.98609,4
L12-1,2.82241,41.98607,5
L12-1,2.82241,41.98606,6
L12-1,2.82241,41.98605,7
L12-1,2.82241,41.98604,8
L12-1,2.82242,41.98603,9
L12-1,2.82242,41.98602,10
L12-1,2.82243,41.98601,11
L12-1,2.82244,41.98599,12
L12-1,2.82245,41.98598,13
L12-1,2.82246,41.98598,14
L12-1,2.82247,41.98598,15
L12-1,2.82247,41.98597,16
L12-1,2.82248,41.98597,17
L12-1,2.82249,41.98596,18
L12-1,2.8225,41.98596,19
L12-1,2.82251,41.98596,20
L12-1,2.82252,41.98596,21
L12-1,2.82253,41.98596,22
L12-1,2.82254,41.98595,23
L12-1,2.82255,41.98595,24
L12-1,2.82258,41.98595,25
L12-1,2.8226,41.98596,26
L12-1,2.82261,41.98596,27
L12-1,2.82262,41.98596,28
L12-1,2.82262,41.98597,29
L12-1,2.82263,41.98597,30
L12-1,2.82264,41.98597,31
L12-1,2.82266,41.98598,32
L12-1,2.82277,41.98598,33
L12-1,2.82295,41.98599,34
L12-1,2.82302,41.98602,35
L12-1,2.82327,41.98611,36
L12-1,2.82348,41.98545,37
L12-1,2.82349,41.9854,38
L12-1,2.82347,41.98501,39
L12-1,2.82346,41.98466,40
L12-1,2.82333,41.98427,41
L12-1,2.82321,41.9839,42
L12-1,2.8232,41.98388,43
L12-1,2.82308,41.98353,44
L12-1,2.82308,41.98352,45
L12-1,2.82307,41.98348,46
L12-1,2.82301,41.98336,47
L12-1,2.82297,41.98323,48
L12-1,2.82285,41.98287,49
L12-1,2.82281,41.98271,50
L12-1,2.82271,41.98224,51
L12-1,2.82288,41.98221,52
L12-1,2.82291,41.98207,53
L12-1,2.82292,41.98202,54
L12-1,2.82295,41.98166,55
L12-1,2.82297,41.98139,56
L12-1,2.82299,41.98119,57
L12-1,2.8232,41.98119,58
L12-1,2.82361,41.9812,59
L12-1,2.82365,41.98123,60
L12-1,2.82368,41.98124,61
L12-1,2.8237,41.98128,62
L12-1,2.82368,41.98136,63
L12-1,2.82364,41.98151,64
L12-1,2.82361,41.9818,65
L12-1,2.82362,41.9819,66
L12-1,2.82362,41.98204,67
L12-1,2.82373,41.98232,68
L12-1,2.82374,41.98235,69
L12-1,2.82375,41.98239,70
L12-1,2.82378,41.9825,71
L12-1,2.82378,41.98256,72
L12-1,2.82379,41.98265,73
L12-1,2.82379,41.98275,74
L12-1,2.82413,41.98274,75
L12-1,2.82434,41.98271,76
L12-1,2.82436,41.98273,77
L12-1,2.82442,41.98281,78
L12-1,2.82455,41.98302,79
L12-1,2.82471,41.98328,80
L12-1,2.82477,41.98327,81
L12-1,2.82478,41.98328,82
L12-1,2.8248,41.98329,83
L12-1,2.82482,41.9833,84
L12-1,2.82483,41.98332,85
L12-1,2.82515,41.98374,86
L12-1,2.82517,41.98376,87
L12-1,2.82543,41.98415,88
L12-1,2.82548,41.98424,89
L12-1,2.82551,41.98428,90
L12-1,2.82556,41.98437,91
L12-1,2.82556,41.98438,92
L12-1,2.82564,41.98455,93
L12-1,2.82567,41.98466,94
L12-1,2.82569,41.98472,95
L12-1,2.82571,41.98478,96
L12-1,2.82563,41.98476,97
L12-1,2.82558,41.98476,98
L12-1,2.82553,41.98476,99
L12-1,2.82536,41.98477,100
L12-1,2.82533,41.98477,101
L12-1,2.82527,41.98478,102
L12-1,2.82519,41.98479,103
L12-1,2.82503,41.98482,104
L12-1,2.82505,41.9849,105
L12-1,2.82497,41.98535,106
L12-1,2.82496,41.98539,107
L12-1,2.82497,41.98549,108
L12-1,2.82497,41.98551,109
L12-1,2.82498,41.98557,110
L12-1,2.82498,41.98561,111
L12-1,2.82496,41.98568,112
L12-1,2.82494,41.98577,113
L12-1,2.82493,41.9858,114
L12-1,2.82491,41.98586,115
L12-1,2.82472,41.9863,116
L12-1,2.8247,41.98636,117
L12-1,2.82462,41.98653,118
L12-1,2.82458,41.98662,119
L12-1,2.82455,41.98666,120
L12-1,2.82448,41.98678,121
L12-1,2.8244,41.98692,122
L12-1,2.82433,41.98702,123
L12-1,2.8243,41.98715,124
L12-1,2.82426,41.98729,125
L12-1,2.82424,41.98734,126
L12-1,2.82419,41.9874,127
L12-1,2.82417,41.98747,128
L12-1,2.82416,41.98756,129
L12-1,2.82417,41.98771,130
L12-1,2.82418,41.98775,131
L12-1,2.8242,41.98782,132
L12-1,2.82422,41.98793,133
L12-1,2.82419,41.98797,134
L12-1,2.82415,41.98801,135
L12-1,2.82409,41.98805,136
L12-1,2.82398,41.98814,137
L12-1,2.82393,41.98819,138
L12-1,2.82391,41.98822,139
L12-1,2.82391,41.98826,140
L12-1,2.82391,41.98834,141
L12-1,2.82392,41.98842,142
L12-1,2.82398,41.98878,143
L12-1,2.82398,41.9888,144
L12-1,2.824,41.98884,145
L12-1,2.82401,41.9889,146
L12-1,2.82405,41.98898,147
L12-1,2.8241,41.9891,148
L12-1,2.82414,41.98919,149
L12-1,2.82447,41.98946,150
L12-1,2.82456,41.98939,151
L12-1,2.82478,41.9893,152
L12-1,2.82493,41.98923,153
L12-1,2.82497,41.98921,154
L12-1,2.82503,41.98919,155
L12-1,2.82516,41.98925,156
L12-1,2.82524,41.9892,157
L12-1,2.8253,41.98917,158
L12-1,2.82543,41.9891,159
L12-1,2.82561,41.989,160
L12-1,2.82576,41.98895,161
L12-1,2.82594,41.98893,162
L12-1,2.82595,41.98896,163
L12-1,2.82596,41.98897,164
L12-1,2.82597,41.98898,165
L12-1,2.82598,41.98898,166
L12-1,2.82599,41.98898,167
L12-1,2.82601,41.98898,168
L12-1,2.82617,41.98896,169
L12-1,2.82618,41.98896,170
L12-1,2.82621,41.98896,171
L12-1,2.82624,41.98896,172
L12-1,2.82631,41.98898,173
L12-1,2.82639,41.98902,174
L12-1,2.82644,41.98904,175
L12-1,2.82661,41.98909,176
L12-1,2.82672,41.98895,177
L12-1,2.82673,41.98893,178
L12-1,2.82676,41.98889,179
L12-1,2.8268,41.98886,180
L12-1,2.82682,41.98884,181
L12-1,2.82685,41.98882,182
L12-1,2.82687,41.9888,183
L12-1,2.82689,41.98878,184
L12-1,2.827,41.98871,185
L12-1,2.82705,41.98868,186
L12-1,2.8272,41.98861,187
L12-1,2.82725,41.9886,188
L12-1,2.82732,41.98859,189
L12-1,2.82742,41.98857,190
L12-1,2.82749,41.98856,191
L12-1,2.82766,41.98852,192
L12-1,2.82774,41.9885,193
L12-1,2.82818,41.98841,194
L12-1,2.82821,41.9884,195
L12-1,2.82825,41.98838,196
L12-1,2.8283,41.98837,197
L12-1,2.82836,41.98834,198
L12-1,2.82843,41.9883,199
L12-1,2.82851,41.98826,200
L12-1,2.82856,41.98825,201
L12-1,2.82864,41.98825,202
L12-1,2.82891,41.98827,203
L12-1,2.82909,41.98827,204
L12-1,2.82924,41.98826,205
L12-1,2.82937,41.98824,206
L12-1,2.82949,41.98823,207
L12-1,2.82976,41.98817,208
L12-1,2.82997,41.98812,209
L12-1,2.83008,41.98811,210
L12-1,2.83009,41.98811,211
L12-1,2.83015,41.98811,212
L12-1,2.83025,41.98813,213
L12-1,2.83029,41.98814,214
L12-1,2.83033,41.98816,215
L12-1,2.83037,41.98818,216
L12-1,2.8304,41.98821,217
L12-1,2.83059,41.98834,218
L12-1,2.83071,41.98844,219
L12-1,2.83081,41.98852,220
L12-1,2.83086,41.98856,221
L12-1,2.83094,41.9886,222
L12-1,2.83098,41.98862,223
L12-1,2.83103,41.98864,224
L12-1,2.83109,41.98865,225
L12-1,2.83116,41.98866,226
L12-1,2.83127,41.98867,227
L12-1,2.83129,41.98866,228
L12-1,2.8313,41.98866,229
L12-1,2.83133,41.98866,230
L12-1,2.83161,41.98861,231
L12-1,2.83204,41.98853,232
L12-1,2.83213,41.9885,233
L12-1,2.83222,41.98848,234
L12-1,2.83242,41.98841,235
L12-1,2.83309,41.98815,236
L12-1,2.83361,41.98795,237
L12-1,2.83366,41.98793,238
L12-1,2.83376,41.98789,239
L12-1,2.83378,41.98796,240
L12-1,2.83379,41.988,241
L12-1,2.83382,41.98811,242
L12-1,2.83384,41.98818,243
L12-1,2.83387,41.9883,244
L12-1,2.83388,41.98831,245
L12-1,2.83389,41.98837,246
L12-1,2.83391,41.98851,247
L12-1,2.83394,41.98866,248
L12-1,2.8339,41.98869,249
L12-1,2.83388,41.98872,250
L12-1,2.83375,41.98871,251
L12-1,2.83366,41.9887,252
L12-1,2.83356,41.9887,253
L12-1,2.83342,41.98868,254
L12-1,2.83335,41.98868,255
L12-1,2.8333,41.98867,256
L12-1,2.8332,41.98867,257
L12-1,2.83306,41.98866,258
L12-1,2.83302,41.98866,259
L12-1,2.833,41.98866,260
L12-1,2.83292,41.98867,261
L12-1,2.83251,41.98877,262
L12-1,2.83243,41.98879,263
L12-1,2.83233,41.98882,264
L12-1,2.83232,41.98879,265
L12-1,2.83231,41.98878,266
L12-1,2.83228,41.98872,267
L12-1,2.83221,41.98858,268
L12-1,2.83218,41.98854,269
L12-1,2.83213,41.9885,270
L12-1,2.83204,41.98853,271
L12-1,2.83161,41.98861,272
L12-1,2.83133,41.98866,273
L12-1,2.8313,41.98866,274
L12-1,2.83129,41.98866,275
L12-1,2.83127,41.98867,276
L12-1,2.83116,41.98866,277
L12-1,2.83109,41.98865,278
L12-1,2.83103,41.98864,279
L12-1,2.83098,41.98862,280
L12-1,2.83094,41.9886,281
L12-1,2.83086,41.98856,282
L12-1,2.83081,41.98852,283
L12-1,2.83071,41.98844,284
L12-1,2.83059,41.98834,285
L12-1,2.8304,41.98821,286
L12-1,2.83037,41.98818,287
L12-1,2.83033,41.98816,288
L12-1,2.83029,41.98814,289
L12-1,2.83025,41.98813,290
L12-1,2.83015,41.98811,291
L12-1,2.83009,41.98811,292
L12-1,2.83008,41.98811,293
L12-1,2.82997,41.98812,294
L12-1,2.82976,41.98817,295
L12-1,2.82949,41.98823,296
L12-1,2.82937,41.98824,297
L12-1,2.82924,41.98826,298
L12-1,2.82909,41.98827,299
L12-1,2.82891,41.98827,300
L12-1,2.82864,41.98825,301
L12-1,2.82856,41.98825,302
L12-1,2.82851,41.98826,303
L12-1,2.82843,41.9883,304
L12-1,2.82836,41.98834,305
L12-1,2.8283,41.98837,306
L12-1,2.82825,41.98838,307
L12-1,2.82821,41.9884,308
L12-1,2.82818,41.98841,309
L12-1,2.82774,41.9885,310
L12-1,2.82766,41.98852,311
L12-1,2.82749,41.98856,312
L12-1,2.82742,41.98857,313
L12-1,2.82732,41.98859,314
L12-1,2.82725,41.9886,315
L12-1,2.8272,41.98861,316
L12-1,2.82705,41.98868,317
L12-1,2.827,41.98871,318
L12-1,2.82689,41.98878,319
L12-1,2.82687,41.9888,320
L12-1,2.82685,41.98882,321
L12-1,2.82682,41.98884,322
L12-1,2.8268,41.98886,323
L12-1,2.82676,41.98889,324
L12-1,2.82673,41.98893,325
L12-1,2.82672,41.98895,326
L12-1,2.82661,41.98909,327
L12-1,2.82644,41.98904,328
L12-1,2.82639,41.98902,329
L12-1,2.82631,41.98898,330
L12-1,2.82624,41.98896,331
L12-1,2.82621,41.98896,332
L12-1,2.82618,41.98896,333
L12-1,2.82617,41.98896,334
L12-1,2.82601,41.98898,335
L12-1,2.82599,41.98898,336
L12-1,2.82598,41.98898,337
L12-1,2.82597,41.98898,338
L12-1,2.82596,41.98897,339
L12-1,2.82595,41.98896,340
L12-1,2.82594,41.98893,341
L12-1,2.82576,41.98895,342
L12-1,2.82561,41.989,343
L12-1,2.82543,41.9891,344
L12-1,2.8253,41.98917,345
L12-1,2.82524,41.9892,346
L12-1,2.82516,41.98925,347
L12-1,2.82503,41.98919,348
L12-1,2.82497,41.98921,349
L12-1,2.82493,41.98923,350
L12-1,2.8248,41.98929,351
L12-1,2.82478,41.9893,352
L12-1,2.82456,41.98939,353
L12-1,2.82447,41.98946,354
L12-1,2.82417,41.98964,355
L12-1,2.82405,41.9896,356
L12-1,2.82393,41.98957,357
L12-1,2.82386,41.98955,358
L12-1,2.82375,41.98953,359
L12-1,2.82366,41.98953,360
L12-1,2.82334,41.9895,361
L12-1,2.82286,41.98947,362
L12-1,2.82281,41.98947,363
L12-1,2.82274,41.98948,364
L12-1,2.82265,41.98946,365
L12-1,2.82253,41.98945,366
L12-1,2.82251,41.98946,367
L12-1,2.8225,41.98947,368
L12-1,2.8225,41.98948,369
L12-1,2.82248,41.98949,370
L12-1,2.82242,41.98953,371
L12-1,2.82237,41.98955,372
L12-1,2.82232,41.98957,373
L12-1,2.82226,41.98958,374
L12-1,2.82221,41.98958,375
L12-1,2.82215,41.98958,376
L12-1,2.82209,41.98957,377
L12-1,2.82204,41.98956,378
L12-1,2.82199,41.98954,379
L12-1,2.82195,41.98952,380
L12-1,2.82191,41.9895,381
L12-1,2.82187,41.98947,382
L12-1,2.82184,41.98944,383
L12-1,2.82181,41.98941,384
L12-1,2.8218,41.98937,385
L12-1,2.82179,41.98933,386
L12-1,2.82178,41.98929,387
L12-1,2.82178,41.98925,388
L12-1,2.82179,41.98921,389
L12-1,2.82181,41.98917,390
L12-1,2.82183,41.98914,391
L12-1,2.82186,41.9891,392
L12-1,2.82189,41.98907,393
L12-1,2.82193,41.98904,394
L12-1,2.82198,41.98902,395
L12-1,2.82203,41.989,396
L12-1,2.82212,41.98898,397
L12-1,2.82215,41.98884,398
L12-1,2.82225,41.98845,399
L12-1,2.82229,41.98824,400
L12-1,2.82228,41.98816,401
L12-1,2.82226,41.98807,402
L12-1,2.82223,41.98801,403
L12-1,2.82219,41.98794,404
L12-1,2.8221,41.98784,405
L12-1,2.82195,41.98771,406
L12-1,2.8215,41.98727,407
L12-1,2.82142,41.98704,408
L12-1,2.82137,41.98701,409
L12-1,2.82124,41.98695,410
L12-1,2.82112,41.98688,411
L12-1,2.82105,41.98681,412
L12-1,2.82098,41.98672,413
L12-1,2.82094,41.98662,414
L12-1,2.82093,41.98659,415
L12-1,2.82092,41.98649,416
L12-1,2.82093,41.98644,417
L12-1,2.82095,41.98641,418
L12-1,2.82097,41.98639,419
L12-1,2.82103,41.98637,420
L12-1,2.82112,41.98634,421
L12-1,2.82118,41.98634,422
L12-1,2.82123,41.98635,423
L12-1,2.82126,41.98636,424
L12-1,2.82132,41.98639,425
L12-1,2.82146,41.98649,426
L12-1,2.82152,41.98647,427
L12-1,2.82171,41.98641,428
L12-1,2.82181,41.98637,429
L12-1,2.82185,41.98635,430
L12-1,2.82204,41.98626,431
L11-1F,2.82882,41.96525,2
L11-1F,2.82876,41.96555,3
L11-1F,2.82872,41.9657,4
L11-1F,2.82864,41.9659,5
L11-1F,2.82854,41.96627,6
L11-1F,2.82827,41.96706,7
L11-1F,2.82805,41.96769,8
L11-1F,2.82803,41.96775,9
L11-1F,2.8279,41.96812,10
L11-1F,2.82777,41.96852,11
L11-1F,2.82768,41.96876,12
L11-1F,2.82762,41.96892,13
L11-1F,2.82752,41.96919,14
L11-1F,2.82735,41.96976,15
L11-1F,2.82734,41.96981,16
L11-1F,2.82711,41.97081,17
L11-1F,2.82706,41.97106,18
L11-1F,2.82704,41.97111,19
L11-1F,2.827,41.97116,20
L11-1F,2.82698,41.97118,21
L11-1F,2.82691,41.97123,22
L11-1F,2.82688,41.97124,23
L11-1F,2.82679,41.97126,24
L11-1F,2.82668,41.97127,25
L11-1F,2.82645,41.97236,26
L11-1F,2.82641,41.97255,27
L11-1F,2.82639,41.97266,28
L11-1F,2.82637,41.97273,29
L11-1F,2.82636,41.97278,30
L11-1F,2.82636,41.97284,31
L11-1F,2.82635,41.97286,32
L11-1F,2.8264,41.97302,33
L11-1F,2.82642,41.97308,34
L11-1F,2.82648,41.97322,35
L11-1F,2.8265,41.97328,36
L11-1F,2.82652,41.97334,37
L11-1F,2.82657,41.97346,38
L11-1F,2.82663,41.97364,39
L11-1F,2.82623,41.97371,40
L11-1F,2.8258,41.9738,41
L11-1F,2.82513,41.97394,42
L11-1F,2.8249,41.97404,43
L11-1F,2.82492,41.97408,44
L11-1F,2.82492,41.97411,45
L11-1F,2.82492,41.97414,46
L11-1F,2.82492,41.97417,47
L11-1F,2.82491,41.9742,48
L11-1F,2.8249,41.97423,49
L11-1F,2.82488,41.97426,50
L11-1F,2.82486,41.97429,51
L11-1F,2.82483,41.97431,52
L11-1F,2.8248,41.97433,53
L11-1F,2.82477,41.97435,54
L11-1F,2.82473,41.97437,55
L11-1F,2.82472,41.97437,56
L11-1F,2.82469,41.97438,57
L11-1F,2.82467,41.97439,58
L11-1F,2.82465,41.97439,59
L11-1F,2.82463,41.97439,60
L11-1F,2.82461,41.9744,61
L11-1F,2.82458,41.9744,62
L11-1F,2.82456,41.9744,63
L11-1F,2.82454,41.9744,64
L11-1F,2.82452,41.97439,65
L11-1F,2.8245,41.97439,66
L11-1F,2.82448,41.97439,67
L11-1F,2.82446,41.97438,68
L11-1F,2.82444,41.97438,69
L11-1F,2.82443,41.97437,70
L11-1F,2.82441,41.97437,71
L11-1F,2.82438,41.97436,72
L11-1F,2.82435,41.97434,73
L11-1F,2.82433,41.97433,74
L11-1F,2.82431,41.97431,75
L11-1F,2.82429,41.97429,76
L11-1F,2.82427,41.97427,77
L11-1F,2.82425,41.97425,78
L11-1F,2.82424,41.97423,79
L11-1F,2.82402,41.97424,80
L11-1F,2.82394,41.97424,81
L11-1F,2.82385,41.97425,82
L11-1F,2.82369,41.97426,83
L11-1F,2.82361,41.97425,84
L11-1F,2.82341,41.97428,85
L11-1F,2.82332,41.97429,86
L11-1F,2.82324,41.9743,87
L11-1F,2.82297,41.97433,88
L11-1F,2.82278,41.97436,89
L11-1F,2.82223,41.97447,90
L11-1F,2.82212,41.97449,91
L11-1F,2.82206,41.9745,92
L11-1F,2.82128,41.97467,93
L11-1F,2.82122,41.97468,94
L11-1F,2.82063,41.97479,95
L11-1F,2.82045,41.97484,96
L11-1F,2.82046,41.97503,97
L11-1F,2.82047,41.97587,98
L11-1F,2.82045,41.97594,99
L11-1F,2.82045,41.97598,100
L11-1F,2.82046,41.97601,101
L11-1F,2.82047,41.97605,102
L11-1F,2.82049,41.97609,103
L11-1F,2.8205,41.9761,104
L11-1F,2.8205,41.97612,105
L11-1F,2.82068,41.97643,106
L11-1F,2.82089,41.97683,107
L11-1F,2.82108,41.9772,108
L11-1F,2.82119,41.97742,109
L11-1F,2.82129,41.9776,110
L11-1F,2.82162,41.97826,111
L11-1F,2.8213,41.97832,112
L11-1F,2.82039,41.97851,113
L11-1F,2.82038,41.97851,114
L11-1F,2.82073,41.97889,115
L11-1F,2.82115,41.97937,116
L11-1F,2.82119,41.97942,117
L11-1F,2.82124,41.97947,118
L11-1F,2.82153,41.97977,119
L11-1F,2.82181,41.98007,120
L11-1F,2.82161,41.98019,121
L11-1F,2.82096,41.98056,122
L11-1F,2.82088,41.98061,123
L11-1F,2.82076,41.98067,124
L11-1F,2.82062,41.98077,125
L11-1F,2.82049,41.98086,126
L11-1F,2.82046,41.98089,127
L11-1F,2.82046,41.9809,128
L11-1F,2.82039,41.98097,129
L11-1F,2.82035,41.98103,130
L11-1F,2.82028,41.98117,131
L11-1F,2.82024,41.98125,132
L11-1F,2.82018,41.98139,133
L11-1F,2.81991,41.98234,134
L11-1F,2.81989,41.98244,135
L11-1F,2.81986,41.9826,136
L11-1F,2.81984,41.98268,137
L11-1F,2.81983,41.98272,138
L11-1F,2.81976,41.98315,139
L11-1F,2.81975,41.9832,140
L11-1F,2.81974,41.9833,141
L11-1F,2.81972,41.98344,142
L11-1F,2.81973,41.98352,143
L11-1F,2.81977,41.98361,144
L11-1F,2.82038,41.98426,145
L11-1F,2.82054,41.98443,146
L11-1F,2.82055,41.98444,147
L11-1F,2.82061,41.98449,148
L11-1F,2.82072,41.98458,149
L11-1F,2.821,41.98481,150
L11-1F,2.82112,41.98491,151
L11-1F,2.82134,41.98509,152
L11-1F,2.82136,41.98512,153
L11-1F,2.82142,41.98515,154
L11-1F,2.82212,41.98565,155
L11-1F,2.82212,41.98566,156
L11-1F,2.82222,41.98569,157
L11-1F,2.82237,41.98579,158
L11-1F,2.82246,41.98585,159
L11-1F,2.82251,41.98589,160
L11-1F,2.82257,41.98595,161
L11-1F,2.82259,41.98596,162
L11-1F,2.8226,41.98596,163
L11-1F,2.82261,41.98596,164
L11-1F,2.82262,41.98596,165
L11-1F,2.82262,41.98597,166
L11-1F,2.82263,41.98597,167
L11-1F,2.82264,41.98597,168
L11-1F,2.82265,41.98598,169
L11-1F,2.82266,41.98598,170
L11-1F,2.82266,41.98599,171
L11-1F,2.82267,41.98599,172
L11-1F,2.82267,41.986,173
L11-1F,2.82268,41.986,174
L11-1F,2.82268,41.98601,175
L11-1F,2.82269,41.98601,176
L11-1F,2.82269,41.98602,177
L11-1F,2.82269,41.98603,178
L11-1F,2.8227,41.98603,179
L11-1F,2.8227,41.98604,180
L11-1F,2.8227,41.98605,181
L11-1F,2.8227,41.98606,182
L11-1F,2.8227,41.98607,183
L11-1F,2.8227,41.98608,184
L11-1F,2.8227,41.98609,185
L11-1F,2.82269,41.9861,186
L11-1F,2.82269,41.98611,187
L11-1F,2.82268,41.98611,188
L11-1F,2.82268,41.98612,189
L11-1F,2.82267,41.98613,190
L11-1F,2.82266,41.98614,191
L11-1F,2.82265,41.98614,192
L11-1F,2.82265,41.98615,193
L11-1F,2.82264,41.98615,194
L11-1F,2.82263,41.98615,195
L11-1F,2.82262,41.98616,196
L11-1F,2.82261,41.98616,197
L11-1F,2.8226,41.98616,198
L11-1F,2.82259,41.98617,199
L11-1F,2.82258,41.98617,200
L11-1F,2.82257,41.98617,201
L11-1F,2.82256,41.98617,202
L11-1F,2.82255,41.98617,203
L11-1F,2.82254,41.98617,204
L11-1F,2.82253,41.98617,205
L11-1F,2.82242,41.98622,206
L11-1F,2.82197,41.98646,207
L11-1F,2.82193,41.98648,208
L11-1F,2.82183,41.98653,209
L11-1F,2.82164,41.9866,210
L11-1F,2.82159,41.98662,211
L11-1F,2.82164,41.98668,212
L11-1F,2.82168,41.98675,213
L11-1F,2.82173,41.98686,214
L11-1F,2.8217,41.98692,215
L11-1F,2.82166,41.98695,216
L11-1F,2.82164,41.98697,217
L11-1F,2.82161,41.98699,218
L11-1F,2.82158,41.98701,219
L11-1F,2.82154,41.98703,220
L11-1F,2.82151,41.98703,221
L11-1F,2.82148,41.98704,222
L11-1F,2.82146,41.98704,223
L11-1F,2.82142,41.98704,224
L11-1F,2.82137,41.98701,225
L11-1F,2.82124,41.98695,226
L11-1F,2.82112,41.98688,227
L11-1F,2.82105,41.98681,228
L11-1F,2.82098,41.98672,229
L11-1F,2.82094,41.98662,230
L11-1F,2.82076,41.98658,231
L11-1F,2.82067,41.98657,232
L11-1F,2.82059,41.98655,233
L11-1F,2.82029,41.98648,234
L11-1F,2.8185,41.98605,235
L11-1F,2.81847,41.98605,236
L11-1F,2.81795,41.98586,237
L11-1F,2.81776,41.98581,238
L11-1F,2.8172,41.98514,239
L11-1F,2.81714,41.98514,240
L11-1F,2.8171,41.98513,241
L11-1F,2.81707,41.98511,242
L11-1F,2.81704,41.9851,243
L11-1F,2.817,41.98508,244
L11-1F,2.81698,41.98506,245
L11-1F,2.81695,41.98504,246
L11-1F,2.81693,41.98501,247
L11-1F,2.81691,41.98499,248
L11-1F,2.81676,41.98497,249
L11-1F,2.81671,41.98496,250
L11-1F,2.81664,41.98494,251
L11-1F,2.81658,41.98491,252
L11-1F,2.81643,41.98489,253
L11-1F,2.81596,41.9848,254
L11-1F,2.81541,41.98469,255
L11-1F,2.81518,41.98464,256
L11-1F,2.81466,41.98454,257
L11-1F,2.81453,41.98451,258
L11-1F,2.81417,41.98444,259
L11-1F,2.81395,41.98441,260
L11-1F,2.81375,41.98441,261
L11-1F,2.81355,41.98442,262
L11-1F,2.81345,41.98443,263
L11-1F,2.81332,41.98444,264
L11-1F,2.81307,41.98446,265
L11-1F,2.81291,41.98447,266
L11-1F,2.81291,41.98448,267
L11-1F,2.8129,41.98449,268
L11-1F,2.8129,41.9845,269
L11-1F,2.81289,41.98451,270
L11-1F,2.81289,41.98452,271
L11-1F,2.81288,41.98452,272
L11-1F,2.81287,41.98453,273
L11-1F,2.81286,41.98453,274
L11-1F,2.81286,41.98454,275
L11-1F,2.81285,41.98454,276
L11-1F,2.81284,41.98455,277
L11-1F,2.81283,41.98455,278
L11-1F,2.81282,41.98455,279
L11-1F,2.81281,41.98455,280
L11-1F,2.8128,41.98455,281
L11-1F,2.8128,41.98456,282
L11-1F,2.81279,41.98456,283
L11-1F,2.81278,41.98456,284
L11-1F,2.81277,41.98456,285
L11-1F,2.81277,41.98455,286
L11-1F,2.81276,41.98455,287
L11-1F,2.81275,41.98455,288
L11-1F,2.81274,41.98455,289
L11-1F,2.81273,41.98455,290
L11-1F,2.81272,41.98454,291
L11-1F,2.81271,41.98454,292
L11-1F,2.8127,41.98453,293
L11-1F,2.81269,41.98453,294
L11-1F,2.81269,41.98452,295
L11-1F,2.81268,41.98452,296
L11-1F,2.81268,41.98451,297
L11-1F,2.81267,41.98451,298
L11-1F,2.81266,41.98451,299
L11-1F,2.81265,41.98451,300
L11-1F,2.81243,41.98457,301
L11-1F,2.81223,41.9846,302
L11-1F,2.81213,41.98462,303
L11-1F,2.812,41.98462,304
L11-1F,2.81183,41.9846,305
L11-1F,2.81169,41.9846,306
L11-1F,2.81169,41.98458,307
L11-1F,2.81174,41.98399,308
L11-1F,2.81178,41.9833,309
L11-1F,2.81197,41.98335,310
L7-1,2.80596,41.97235,2
L7-1,2.80563,41.97182,3
L7-1,2.80566,41.97182,4
L7-1,2.80574,41.97178,5
L7-1,2.80576,41.97178,6
L7-1,2.80618,41.97162,7
L7-1,2.80666,41.97234,8
L7-1,2.80711,41.97299,9
L7-1,2.80727,41.97323,10
L7-1,2.80742,41.97345,11
L7-1,2.80745,41.97351,12
L7-1,2.80771,41.97394,13
L7-1,2.80791,41.97427,14
L7-1,2.80803,41.97448,15
L7-1,2.80832,41.97502,16
L7-1,2.80855,41.97572,17
L7-1,2.80862,41.97601,18
L7-1,2.80863,41.97606,19
L7-1,2.80862,41.9761,20
L7-1,2.8086,41.97615,21
L7-1,2.80853,41.97627,22
L7-1,2.80887,41.97636,23
L7-1,2.80904,41.9764,24
L7-1,2.8093,41.97645,25
L7-1,2.80971,41.97652,26
L7-1,2.80971,41.97651,27
L7-1,2.80972,41.97649,28
L7-1,2.80973,41.97648,29
L7-1,2.80974,41.97647,30
L7-1,2.80976,41.97646,31
L7-1,2.80978,41.97646,32
L7-1,2.80981,41.97645,33
L7-1,2.80983,41.97645,34
L7-1,2.80985,41.97645,35
L7-1,2.80988,41.97645,36
L7-1,2.80991,41.97646,37
L7-1,2.80992,41.97646,38
L7-1,2.80994,41.97647,39
L7-1,2.80999,41.97648,40
L7-1,2.81,41.97648,41
L7-1,2.81001,41.97649,42
L7-1,2.81002,41.97649,43
L7-1,2.81003,41.9765,44
L7-1,2.81004,41.97652,45
L7-1,2.81021,41.97655,46
L7-1,2.8103,41.97655,47
L7-1,2.81076,41.97655,48
L7-1,2.81098,41.97656,49
L7-1,2.81108,41.97656,50
L7-1,2.81115,41.97656,51
L7-1,2.81182,41.97655,52
L7-1,2.81203,41.97656,53
L7-1,2.81214,41.97656,54
L7-1,2.81229,41.97656,55
L7-1,2.81288,41.97657,56
L7-1,2.81312,41.97656,57
L7-1,2.81334,41.97655,58
L7-1,2.81338,41.97663,59
L7-1,2.81343,41.9768,60
L7-1,2.81348,41.97695,61
L7-1,2.8137,41.97759,62
L7-1,2.81374,41.97772,63
L7-1,2.81375,41.97774,64
L7-1,2.81377,41.9778,65
L7-1,2.81399,41.97835,66
L7-1,2.81408,41.97858,67
L7-1,2.81413,41.97869,68
L7-1,2.81413,41.97878,69
L7-1,2.81411,41.97888,70
L7-1,2.81409,41.97892,71
L7-1,2.81404,41.97901,72
L7-1,2.81399,41.97907,73
L7-1,2.81395,41.97913,74
L7-1,2.81388,41.97924,75
L7-1,2.81377,41.97942,76
L7-1,2.81373,41.97948,77
L7-1,2.81333,41.98,78
L7-1,2.81357,41.9801,79
L7-1,2.81416,41.98035,80
L7-1,2.81427,41.98039,81
L7-1,2.81505,41.98073,82
L7-1,2.81532,41.98083,83
L7-1,2.8154,41.98086,84
L7-1,2.8156,41.98094,85
L7-1,2.81569,41.98092,86
L7-1,2.81577,41.9809,87
L7-1,2.81589,41.98087,88
L7-1,2.81606,41.98082,89
L7-1,2.8162,41.98073,90
L7-1,2.81625,41.9807,91
L7-1,2.81633,41.98069,92
L7-1,2.81639,41.98068,93
L7-1,2.81646,41.98069,94
L7-1,2.81711,41.98088,95
L7-1,2.81728,41.98091,96
L7-1,2.81742,41.98094,97
L7-1,2.81752,41.98095,98
L7-1,2.81778,41.98088,99
L7-1,2.81869,41.9807,100
L7-1,2.81928,41.9804,101
L7-1,2.81958,41.98024,102
L7-1,2.81972,41.98017,103
L7-1,2.81992,41.98007,104
L7-1,2.82013,41.97996,105
L7-1,2.82051,41.97977,106
L7-1,2.82093,41.97956,107
L7-1,2.82119,41.97942,108
L7-1,2.82124,41.97947,109
L7-1,2.82153,41.97977,110
L7-1,2.82181,41.98007,111
L7-1,2.82161,41.98019,112
L7-1,2.82141,41.98031,113
L7-1,2.82096,41.98056,114
L7-1,2.82088,41.98061,115
L7-1,2.82076,41.98067,116
L7-1,2.82062,41.98077,117
L7-1,2.82049,41.98086,118
L7-1,2.82046,41.98089,119
L7-1,2.82046,41.9809,120
L7-1,2.82039,41.98097,121
L7-1,2.82035,41.98103,122
L7-1,2.82028,41.98117,123
L7-1,2.82024,41.98125,124
L7-1,2.82018,41.98139,125
L7-1,2.82046,41.98139,126
L7-1,2.82055,41.9814,127
L7-1,2.82168,41.98128,128
L7-1,2.82279,41.98115,129
L7-1,2.82299,41.98119,130
L7-1,2.8232,41.98119,131
L7-1,2.82361,41.9812,132
L7-1,2.8238,41.98116,133
L7-1,2.82382,41.98114,134
L7-1,2.82384,41.98112,135
L7-1,2.82389,41.98104,136
L7-1,2.82416,41.98063,137
L7-1,2.82425,41.98062,138
L7-1,2.82481,41.98063,139
L7-1,2.82492,41.98064,140
L7-1,2.82494,41.98064,141
L7-1,2.82496,41.98064,142
L7-1,2.82499,41.98063,143
L7-1,2.82502,41.98061,144
L7-1,2.82513,41.98052,145
L7-1,2.82521,41.98046,146
L7-1,2.82526,41.98044,147
L7-1,2.82528,41.98044,148
L7-1,2.8253,41.98044,149
L7-1,2.82534,41.98046,150
L7-1,2.82537,41.98047,151
L7-1,2.82564,41.98055,152
L7-1,2.82571,41.98056,153
L7-1,2.82574,41.98057,154
L7-1,2.82582,41.98058,155
L7-1,2.82591,41.98058,156
L7-1,2.82596,41.98059,157
L7-1,2.82603,41.9806,158
L7-1,2.82612,41.98064,159
L7-1,2.82627,41.9807,160
L7-1,2.82631,41.98071,161
L7-1,2.82637,41.98073,162
L7-1,2.82642,41.98074,163
L7-1,2.82655,41.98073,164
L7-1,2.82665,41.98073,165
L7-1,2.82669,41.98073,166
L7-1,2.82682,41.98072,167
L7-1,2.82697,41.98072,168
L7-1,2.82709,41.98073,169
L7-1,2.82711,41.98073,170
L7-1,2.82718,41.98073,171
L7-1,2.82728,41.98072,172
L7-1,2.82745,41.98071,173
L7-1,2.8276,41.98068,174
L7-1,2.82784,41.98029,175
L7-1,2.82796,41.97985,176
L7-1,2.82799,41.97978,177
L7-1,2.82803,41.97969,178
L7-1,2.82806,41.97964,179
L7-1,2.82811,41.9796,180
L7-1,2.82816,41.97957,181
L7-1,2.82821,41.97956,182
L7-1,2.82825,41.97955,183
L7-1,2.82828,41.97955,184
L7-1,2.82837,41.9795,185
L7-1,2.82846,41.97945,186
L7-1,2.82861,41.97941,187
L7-1,2.82877,41.9794,188
L7-1,2.8289,41.9794,189
L7-1,2.82914,41.97941,190
L7-1,2.82923,41.97943,191
L7-1,2.82931,41.97945,192
L7-1,2.82946,41.97952,193
L7-1,2.82961,41.9796,194
L7-1,2.82978,41.97971,195
L7-1,2.82995,41.97982,196
L7-1,2.83014,41.97996,197
L7-1,2.83035,41.98014,198
L7-1,2.83044,41.98025,199
L7-1,2.8305,41.98034,200
L7-1,2.8306,41.98055,201
L7-1,2.83077,41.98092,202
L7-1,2.83095,41.9813,203
L7-1,2.83112,41.98166,204
L7-1,2.8311,41.98166,205
L7-1,2.83105,41.98166,206
L7-1,2.831,41.98168,207
L7-1,2.83086,41.98173,208
L7-1,2.8308,41.98175,209
L7-1,2.83074,41.98179,210
L7-1,2.83071,41.98182,211
L7-1,2.83069,41.98185,212
L7-1,2.83069,41.9819,213
L7-1,2.83072,41.98195,214
L7-1,2.83078,41.982,215
L7-1,2.83088,41.98204,216
L7-1,2.831,41.98205,217
L7-1,2.83116,41.98206,218
L7-1,2.83137,41.98205,219
L7-1,2.83154,41.98203,220
L7-1,2.8316,41.98202,221
L7-1,2.83165,41.98202,222
L7-1,2.83171,41.98203,223
L7-1,2.83175,41.98204,224
L7-1,2.8318,41.98205,225
L7-1,2.83183,41.98207,226
L7-1,2.83204,41.98215,227
L7-1,2.83221,41.9822,228
L7-1,2.83235,41.98224,229
L7-1,2.83267,41.98234,230
L7-1,2.83286,41.98241,231
L7-1,2.83299,41.98247,232
L7-1,2.83302,41.98248,233
L7-1,2.83305,41.9825,234
L7-1,2.83308,41.98253,235
L7-1,2.83313,41.98257,236
L7-1,2.83316,41.98261,237
L7-1,2.83321,41.98268,238
L7-1,2.83335,41.98292,239
L7-1,2.83339,41.98304,240
L7-1,2.83341,41.98312,241
L7-1,2.83343,41.98319,242
L7-1,2.83345,41.98327,243
L7-1,2.83346,41.98332,244
L7-1,2.83348,41.98337,245
L7-1,2.83349,41.98343,246
L7-1,2.83349,41.98347,247
L7-1,2.83348,41.98351,248
L7-1,2.83347,41.98355,249
L7-1,2.83345,41.9836,250
L7-1,2.83342,41.98365,251
L7-1,2.8333,41.98396,252
L7-1,2.83329,41.98397,253
L7-1,2.83325,41.98415,254
L7-1,2.8332,41.98424,255
L7-1,2.83317,41.98431,256
L7-1,2.83314,41.98435,257
L7-1,2.83312,41.98436,258
L7-1,2.83287,41.98449,259
L7-1,2.83259,41.98465,260
L7-1,2.83248,41.98471,261
L7-1,2.8324,41.98476,262
L7-1,2.83229,41.98483,263
L7-201,2.81778,41.98088,2
L7-201,2.81869,41.9807,3
L7-201,2.81928,41.9804,4
L7-201,2.81958,41.98024,5
L7-201,2.81972,41.98017,6
L7-201,2.81992,41.98007,7
L7-201,2.82013,41.97996,8
L7-201,2.82051,41.97977,9
L7-201,2.82093,41.97956,10
L7-201,2.82119,41.97942,11
L7-201,2.82124,41.97947,12
L7-201,2.82153,41.97977,13
L7-201,2.82181,41.98007,14
L7-201,2.82161,41.98019,15
L7-201,2.82141,41.98031,16
L7-201,2.82096,41.98056,17
L7-201,2.82088,41.98061,18
L7-201,2.82076,41.98067,19
L7-201,2.82062,41.98077,20
L7-201,2.82049,41.98086,21
L7-201,2.82046,41.98089,22
L7-201,2.82046,41.9809,23
L7-201,2.82039,41.98097,24
L7-201,2.82035,41.98103,25
L7-201,2.82028,41.98117,26
L7-201,2.82024,41.98125,27
L7-201,2.82018,41.98139,28
L7-201,2.82046,41.98139,29
L7-201,2.82055,41.9814,30
L7-201,2.82168,41.98128,31
L7-201,2.82252,41.98118,32
L7-201,2.82279,41.98115,33
L7-201,2.82299,41.98119,34
L7-201,2.8232,41.98119,35
L7-201,2.82361,41.9812,36
L7-201,2.8238,41.98116,37
L7-201,2.82382,41.98114,38
L7-201,2.82384,41.98112,39
L7-201,2.82389,41.98104,40
L7-201,2.82416,41.98063,41
L7-201,2.82425,41.98062,42
L7-201,2.82432,41.98062,43
L7-201,2.82481,41.98063,44
L7-201,2.82492,41.98064,45
L7-201,2.82494,41.98064,46
L7-201,2.82496,41.98064,47
L7-201,2.82499,41.98063,48
L7-201,2.82502,41.98061,49
L7-201,2.82513,41.98052,50
L7-201,2.82521,41.98046,51
L7-201,2.82526,41.98044,52
L7-201,2.82528,41.98044,53
L7-201,2.8253,41.98044,54
L7-201,2.82534,41.98046,55
L7-201,2.82537,41.98047,56
L7-201,2.82564,41.98055,57
L7-201,2.82571,41.98056,58
L7-201,2.82574,41.98057,59
L7-201,2.82582,41.98058,60
L7-201,2.82591,41.98058,61
L7-201,2.82596,41.98059,62
L7-201,2.82603,41.9806,63
L7-201,2.82612,41.98064,64
L7-201,2.82627,41.9807,65
L7-201,2.82631,41.98071,66
L7-201,2.82637,41.98073,67
L7-201,2.82642,41.98074,68
L7-201,2.82644,41.98078,69
L7-201,2.82645,41.98082,70
L7-201,2.82645,41.98087,71
L7-201,2.82645,41.98091,72
L7-201,2.82645,41.98094,73
L7-201,2.82643,41.98098,74
L7-201,2.8264,41.98105,75
L7-201,2.82623,41.98144,76
L7-201,2.82622,41.98146,77
L7-201,2.82621,41.98148,78
L7-201,2.8262,41.98151,79
L7-201,2.8262,41.98152,80
L7-201,2.8262,41.98156,81
L7-201,2.82622,41.98162,82
L7-201,2.82622,41.98163,83
L7-201,2.82639,41.98208,84
L7-201,2.82643,41.98217,85
L7-201,2.82645,41.9822,86
L7-201,2.82647,41.98224,87
L7-201,2.82652,41.98229,88
L7-201,2.82687,41.98266,89
L7-201,2.82714,41.98295,90
L7-201,2.82718,41.98299,91
L7-201,2.82728,41.9831,92
L7-201,2.82799,41.98367,93
L7-201,2.8279,41.98382,94
L7-201,2.82785,41.9839,95
L7-201,2.82783,41.98395,96
L7-201,2.82782,41.98398,97
L7-201,2.82782,41.98402,98
L7-201,2.82777,41.98466,99
L7-201,2.82775,41.98494,100
L7-201,2.82774,41.98498,101
L7-201,2.82775,41.985,102
L7-201,2.82774,41.98504,103
L7-201,2.82774,41.9851,104
L7-201,2.82771,41.98515,105
L7-201,2.82768,41.98519,106
L7-201,2.82767,41.9852,107
L7-201,2.82766,41.9852,108
L7-201,2.82765,41.9852,109
L7-201,2.82756,41.98518,110
L7-201,2.82754,41.98523,111
L7-201,2.82753,41.98528,112
L7-201,2.82747,41.98544,113
L7-201,2.82739,41.98571,114
L7-201,2.82732,41.98567,115
L7-101,2.80596,41.97235,2
L7-101,2.80563,41.97182,3
L7-101,2.80566,41.97182,4
L7-101,2.80574,41.97178,5
L7-101,2.80576,41.97178,6
L7-101,2.80618,41.97162,7
L7-101,2.80666,41.97234,8
L7-101,2.80711,41.97299,9
L7-101,2.8072,41.97312,10
L7-101,2.80727,41.97323,11
L7-101,2.80742,41.97345,12
L7-101,2.80745,41.97351,13
L7-101,2.80771,41.97394,14
L7-101,2.80791,41.97427,15
L7-101,2.80803,41.97448,16
L7-101,2.80832,41.97502,17
L7-101,2.80855,41.97572,18
L7-101,2.80862,41.97601,19
L7-101,2.80863,41.97606,20
L7-101,2.80862,41.9761,21
L7-101,2.8086,41.97615,22
L7-101,2.80853,41.97627,23
L7-101,2.80887,41.97636,24
L7-101,2.80904,41.9764,25
L7-101,2.8093,41.97645,26
L7-101,2.80971,41.97652,27
L7-101,2.80973,41.97648,28
L7-101,2.80976,41.97646,29
L7-101,2.80978,41.97646,30
L7-101,2.80981,41.97645,31
L7-101,2.80983,41.97645,32
L7-101,2.80985,41.97645,33
L7-101,2.80988,41.97645,34
L7-101,2.80991,41.97646,35
L7-101,2.80994,41.97647,36
L7-101,2.81,41.97648,37
L7-101,2.81001,41.97649,38
L7-101,2.81002,41.97649,39
L7-101,2.81003,41.9765,40
L7-101,2.81004,41.97652,41
L7-101,2.81021,41.97655,42
L7-101,2.8103,41.97655,43
L7-101,2.81076,41.97655,44
L7-101,2.81098,41.97656,45
L7-101,2.81108,41.97656,46
L7-101,2.81115,41.97656,47
L7-101,2.81182,41.97655,48
L7-101,2.81203,41.97656,49
L7-101,2.81214,41.97656,50
L7-101,2.81228,41.97657,51
L7-101,2.8125,41.97658,52
L7-101,2.81268,41.97658,53
L7-101,2.81303,41.97659,54
L7-101,2.81335,41.97659,55
L7-101,2.81337,41.97667,56
L7-101,2.81343,41.9768,57
L7-101,2.81348,41.97695,58
L7-101,2.8137,41.97759,59
L7-101,2.81374,41.97772,60
L7-101,2.81375,41.97774,61
L7-101,2.81377,41.9778,62
L7-101,2.81399,41.97835,63
L7-101,2.81408,41.97858,64
L7-101,2.81413,41.97869,65
L7-101,2.81413,41.97878,66
L7-101,2.81411,41.97888,67
L7-101,2.81409,41.97892,68
L7-101,2.81404,41.97901,69
L7-101,2.81399,41.97907,70
L7-101,2.81395,41.97913,71
L7-101,2.81388,41.97924,72
L7-101,2.81377,41.97942,73
L7-101,2.81373,41.97948,74
L7-101,2.81333,41.98,75
L7-101,2.81357,41.9801,76
L7-101,2.81416,41.98035,77
L7-101,2.81427,41.98039,78
L7-101,2.81505,41.98073,79
L7-101,2.8154,41.98086,80
L7-101,2.8156,41.98094,81
L7-101,2.81568,41.98092,82
L7-101,2.81575,41.98091,83
L7-101,2.81585,41.98088,84
L7-101,2.816,41.98085,85
L7-101,2.81606,41.98079,86
L7-101,2.81615,41.98073,87
L7-101,2.81621,41.98071,88
L7-101,2.81629,41.98069,89
L7-101,2.81636,41.98069,90
L7-101,2.81643,41.98069,91
L7-101,2.81673,41.98077,92
L7-101,2.81698,41.98084,93
L7-101,2.81711,41.98088,94
L7-101,2.81728,41.98091,95
L7-101,2.81742,41.98094,96
L7-101,2.81752,41.98095,97
L7-101,2.81778,41.98088,98
L7-101,2.81869,41.9807,99
L7-101,2.81928,41.9804,100
L7-101,2.81958,41.98024,101
L7-101,2.81972,41.98017,102
L7-101,2.81992,41.98007,103
L7-101,2.82013,41.97996,104
L7-101,2.82051,41.97977,105
L7-101,2.82093,41.97956,106
L7-101,2.82119,41.97942,107
L7-101,2.82124,41.97947,108
L7-101,2.82153,41.97977,109
L7-101,2.82181,41.98007,110
L7-101,2.82161,41.98019,111
L7-101,2.82141,41.98031,112
L7-101,2.82096,41.98056,113
L7-101,2.82088,41.98061,114
L7-101,2.8208,41.98065,115
L7-101,2.82076,41.98067,116
L7-101,2.82062,41.98077,117
L7-101,2.82047,41.98088,118
L7-101,2.82046,41.9809,119
L7-101,2.82039,41.98097,120
L7-101,2.82035,41.98103,121
L7-101,2.82028,41.98117,122
L7-101,2.82024,41.98125,123
L7-101,2.82018,41.98139,124
L7-101,2.82046,41.98139,125
L7-101,2.82055,41.9814,126
L7-101,2.82097,41.98136,127
L7-101,2.82168,41.98128,128
L7-101,2.82279,41.98115,129
L7-101,2.82299,41.98119,130
L7-101,2.8232,41.98119,131
L7-101,2.82361,41.9812,132
L7-101,2.8238,41.98116,133
L7-101,2.82384,41.98113,134
L7-101,2.82389,41.98104,135
L7-101,2.82416,41.98063,136
L7-101,2.82425,41.98062,137
L7-101,2.82434,41.98062,138
L7-101,2.8244,41.98063,139
L7-101,2.82481,41.98063,140
L7-101,2.82492,41.98064,141
L7-101,2.82498,41.98064,142
L7-101,2.82502,41.98061,143
L7-101,2.82513,41.98052,144
L7-101,2.82521,41.98046,145
L7-101,2.82527,41.98044,146
L7-101,2.8253,41.98044,147
L7-101,2.82534,41.98046,148
L7-101,2.82537,41.98047,149
L7-101,2.82564,41.98055,150
L7-101,2.82573,41.98057,151
L7-101,2.82582,41.98058,152
L7-101,2.82591,41.98058,153
L7-101,2.82596,41.98059,154
L7-101,2.82603,41.9806,155
L7-101,2.82612,41.98064,156
L7-101,2.82627,41.9807,157
L7-101,2.82631,41.98071,158
L7-101,2.82637,41.98073,159
L7-101,2.82645,41.98074,160
L7-101,2.82647,41.98079,161
L7-101,2.82648,41.98083,162
L7-101,2.82648,41.98087,163
L7-101,2.82648,41.98091,164
L7-101,2.82648,41.98092,165
L7-101,2.82647,41.98095,166
L7-101,2.82646,41.98098,167
L7-101,2.82642,41.98106,168
L7-101,2.82632,41.98126,169
L7-101,2.82623,41.98144,170
L7-101,2.82621,41.98147,171
L7-101,2.8262,41.98152,172
L7-101,2.8262,41.98156,173
L7-101,2.82622,41.98162,174
L7-101,2.82639,41.98208,175
L7-101,2.82643,41.98217,176
L7-101,2.82645,41.9822,177
L7-101,2.82647,41.98224,178
L7-101,2.82652,41.98229,179
L7-101,2.82662,41.9824,180
L7-101,2.82687,41.98266,181
L7-101,2.82714,41.98295,182
L7-101,2.82718,41.98299,183
L7-101,2.82728,41.9831,184
L7-101,2.82799,41.98367,185
L7-101,2.8279,41.98382,186
L7-101,2.82785,41.9839,187
L7-101,2.82783,41.98395,188
L7-101,2.82782,41.98398,189
L7-101,2.82782,41.98402,190
L7-101,2.82804,41.98409,191
L7-101,2.82815,41.98411,192
L7-101,2.82824,41.98416,193
L7-101,2.82838,41.98424,194
L7-101,2.82854,41.9844,195
L7-101,2.8287,41.98456,196
L7-101,2.82874,41.9846,197
L7-101,2.82886,41.98473,198
L7-101,2.82887,41.98475,199
L7-101,2.829,41.98491,200
L7-101,2.82928,41.9854,201
L7-101,2.82937,41.98557,202
L7-101,2.82945,41.98577,203
L7-101,2.82951,41.98612,204
L7-101,2.82952,41.9862,205
L7-101,2.82951,41.98612,206
L7-101,2.82945,41.98577,207
L7-101,2.82937,41.98557,208
L7-101,2.82928,41.9854,209
L7-101,2.829,41.98491,210
L7-101,2.82887,41.98475,211
L7-101,2.82886,41.98473,212
L7-101,2.82874,41.9846,213
L7-101,2.8287,41.98456,214
L7-101,2.82854,41.9844,215
L7-101,2.82838,41.98424,216
L7-101,2.82824,41.98416,217
L7-101,2.82815,41.98411,218
L7-101,2.82804,41.98409,219
L7-101,2.82782,41.98402,220
L7-101,2.82782,41.98398,221
L7-101,2.82783,41.98395,222
L7-101,2.82785,41.9839,223
L7-101,2.8279,41.98382,224
L7-101,2.82799,41.98367,225
L7-101,2.82728,41.9831,226
L7-101,2.82718,41.98299,227
L7-101,2.82714,41.98295,228
L7-101,2.82687,41.98266,229
L7-101,2.82662,41.9824,230
L7-101,2.82652,41.98229,231
L7-101,2.82647,41.98224,232
L7-101,2.82645,41.9822,233
L7-101,2.82643,41.98217,234
L7-101,2.82639,41.98208,235
L7-101,2.82622,41.98162,236
L7-101,2.8262,41.98156,237
L7-101,2.8262,41.98152,238
L7-101,2.82621,41.98147,239
L7-101,2.82623,41.98144,240
L7-101,2.82632,41.98126,241
L7-101,2.82642,41.98106,242
L7-101,2.82646,41.98098,243
L7-101,2.82647,41.98095,244
L7-101,2.82648,41.98091,245
L7-101,2.82648,41.98087,246
L7-101,2.82648,41.98083,247
L7-101,2.82647,41.98079,248
L7-101,2.82645,41.98074,249
L7-101,2.82658,41.98074,250
L7-101,2.82667,41.98073,251
L7-101,2.82671,41.98073,252
L7-101,2.82683,41.98072,253
L7-101,2.82698,41.98072,254
L7-101,2.82711,41.98073,255
L7-101,2.82719,41.98073,256
L7-101,2.82729,41.98072,257
L7-101,2.82746,41.98071,258
L7-101,2.82761,41.98069,259
L7-101,2.82782,41.98034,260
L7-101,2.82784,41.98029,261
L7-101,2.82796,41.97985,262
L7-101,2.82799,41.97978,263
L7-101,2.82804,41.97969,264
L7-101,2.82806,41.97964,265
L7-101,2.82811,41.9796,266
L7-101,2.82816,41.97957,267
L7-101,2.82821,41.97956,268
L7-101,2.82825,41.97955,269
L7-101,2.82828,41.97955,270
L7-101,2.82837,41.9795,271
L7-101,2.82846,41.97945,272
L7-101,2.82861,41.97941,273
L7-101,2.82871,41.9794,274
L7-101,2.82877,41.9794,275
L7-101,2.8289,41.9794,276
L7-101,2.82895,41.9794,277
L7-101,2.82914,41.97941,278
L7-101,2.82919,41.97942,279
L7-101,2.82923,41.97943,280
L7-101,2.82931,41.97945,281
L7-101,2.82946,41.97952,282
L7-101,2.82961,41.9796,283
L7-101,2.82978,41.97971,284
L7-101,2.82995,41.97982,285
L7-101,2.82997,41.97983,286
L7-101,2.83014,41.97996,287
L7-101,2.8303,41.9801,288
L7-101,2.83035,41.98014,289
L7-101,2.83044,41.98025,290
L7-101,2.8305,41.98034,291
L7-101,2.8306,41.98055,292
L7-101,2.83077,41.98092,293
L7-101,2.83085,41.98109,294
L7-101,2.83095,41.9813,295
L7-101,2.83112,41.98165,296
L7-101,2.83105,41.98166,297
L7-101,2.831,41.98168,298
L7-101,2.83086,41.98173,299
L7-101,2.8308,41.98175,300
L7-101,2.83074,41.98179,301
L7-101,2.83071,41.98182,302
L7-101,2.83069,41.98185,303
L7-101,2.83069,41.9819,304
L7-101,2.83072,41.98195,305
L7-101,2.83078,41.982,306
L7-101,2.83088,41.98204,307
L7-101,2.831,41.98205,308
L7-101,2.83116,41.98206,309
L7-101,2.83122,41.98206,310
L7-101,2.83137,41.98205,311
L7-101,2.83146,41.98204,312
L7-101,2.83154,41.98203,313
L7-101,2.8316,41.98202,314
L7-101,2.83165,41.98202,315
L7-101,2.83171,41.98203,316
L7-101,2.83175,41.98204,317
L7-101,2.8318,41.98205,318
L7-101,2.83183,41.98207,319
L7-101,2.83192,41.9821,320
L7-101,2.83204,41.98215,321
L7-101,2.83221,41.9822,322
L7-101,2.83235,41.98224,323
L7-101,2.83236,41.98224,324
L7-101,2.83267,41.98234,325
L7-101,2.8328,41.98239,326
L7-101,2.83286,41.98241,327
L7-101,2.83299,41.98247,328
L7-101,2.83302,41.98248,329
L7-101,2.83305,41.9825,330
L7-101,2.83308,41.98253,331
L7-101,2.83313,41.98257,332
L7-101,2.83316,41.98261,333
L7-101,2.83321,41.98268,334
L7-101,2.83327,41.98278,335
L7-101,2.83335,41.98292,336
L7-101,2.83339,41.98304,337
L7-101,2.83341,41.98312,338
L7-101,2.83343,41.98319,339
L7-101,2.83345,41.98327,340
L7-101,2.83346,41.98332,341
L7-101,2.83348,41.98337,342
L7-101,2.83349,41.98343,343
L7-101,2.83349,41.98347,344
L7-101,2.83348,41.98351,345
L7-101,2.83347,41.98355,346
L7-101,2.83345,41.9836,347
L7-101,2.83342,41.98365,348
L7-101,2.83329,41.98396,349
L7-101,2.83327,41.98407,350
L7-101,2.83325,41.98415,351
L7-101,2.8332,41.98424,352
L7-101,2.83317,41.98431,353
L7-101,2.83314,41.98435,354
L7-101,2.83312,41.98436,355
L7-101,2.83307,41.98439,356
L7-101,2.83287,41.98449,357
L7-101,2.83259,41.98465,358
L7-101,2.83248,41.98471,359
L7-101,2.8324,41.98476,360
L7-101,2.83229,41.98483,361
L7-101,2.83227,41.9848,362
L1-202,2.83321,41.99497,2
L1-202,2.83301,41.99534,3
L1-202,2.83292,41.99557,4
L1-202,2.83274,41.99546,5
L1-202,2.83259,41.99536,6
L1-202,2.83244,41.99527,7
L1-202,2.83228,41.9952,8
L1-202,2.83212,41.99516,9
L1-202,2.83199,41.99514,10
L1-202,2.8319,41.99514,11
L1-202,2.83181,41.99516,12
L1-202,2.83162,41.99518,13
L1-202,2.83149,41.99519,14
L1-202,2.83139,41.99519,15
L1-202,2.8313,41.99517,16
L1-202,2.83122,41.99514,17
L1-202,2.8311,41.99507,18
L1-202,2.83102,41.99522,19
L1-202,2.83094,41.99554,20
L1-202,2.83091,41.99565,21
L1-202,2.83088,41.99574,22
L1-202,2.83077,41.99618,23
L1-202,2.83059,41.99684,24
L1-202,2.8305,41.99719,25
L1-202,2.83046,41.99735,26
L1-202,2.83043,41.99749,27
L1-202,2.83043,41.99755,28
L1-202,2.83042,41.99779,29
L1-202,2.83039,41.99832,30
L1-202,2.83037,41.99872,31
L1-202,2.83036,41.99886,32
L1-202,2.83036,41.99953,33
L1-202,2.83031,41.99951,34
L1-202,2.83009,41.99943,35
L1-202,2.8297,41.99925,36
L1-202,2.82897,41.99868,37
L1-202,2.82866,41.9984,38
L1-202,2.82861,41.99837,39
L1-202,2.82829,41.99824,40
L1-202,2.82787,41.99807,41
L1-202,2.82793,41.99779,42
L1-202,2.8281,41.99696,43
L1-202,2.8281,41.99693,44
L1-202,2.82817,41.99658,45
L1-202,2.8283,41.99595,46
L1-202,2.82837,41.99563,47
L1-202,2.82841,41.99541,48
L1-202,2.82849,41.99499,49
L1-202,2.8285,41.99493,50
L1-202,2.8285,41.99491,51
L1-202,2.82849,41.99486,52
L1-202,2.82848,41.99483,53
L1-202,2.82848,41.99481,54
L1-202,2.82845,41.99476,55
L1-202,2.8284,41.99468,56
L1-202,2.82832,41.99455,57
L1-202,2.82825,41.99443,58
L1-202,2.82821,41.99431,59
L1-202,2.82812,41.99413,60
L1-202,2.82809,41.99406,61
L1-202,2.82804,41.99394,62
L1-202,2.82802,41.99385,63
L1-202,2.82802,41.99373,64
L1-202,2.82802,41.99367,65
L1-202,2.82804,41.99354,66
L1-202,2.82808,41.99331,67
L1-202,2.82809,41.99329,68
L1-202,2.8281,41.99326,69
L1-202,2.82814,41.9931,70
L1-202,2.82823,41.99264,71
L1-202,2.82824,41.99258,72
L1-202,2.82827,41.99251,73
L1-202,2.8283,41.99247,74
L1-202,2.82832,41.99245,75
L1-202,2.82837,41.99241,76
L1-202,2.8284,41.9924,77
L1-202,2.82843,41.99239,78
L1-202,2.82845,41.99238,79
L1-202,2.82847,41.99237,80
L1-202,2.8285,41.99237,81
L1-202,2.82854,41.99237,82
L1-202,2.82856,41.99237,83
L1-202,2.82864,41.99238,84
L1-202,2.82885,41.99228,85
L1-202,2.82899,41.99219,86
L1-202,2.82945,41.99193,87
L1-202,2.82963,41.99182,88
L1-202,2.82974,41.99176,89
L1-202,2.82979,41.99172,90
L1-202,2.82986,41.99167,91
L1-202,2.82988,41.99162,92
L1-202,2.82989,41.99159,93
L1-202,2.82991,41.99151,94
L1-202,2.8299,41.99144,95
L1-202,2.82988,41.99129,96
L1-202,2.82985,41.99122,97
L1-202,2.82981,41.99112,98
L1-202,2.82979,41.99102,99
L1-202,2.82979,41.99094,100
L1-202,2.82983,41.99082,101
L1-202,2.82985,41.99079,102
L1-202,2.82989,41.99074,103
L1-202,2.83,41.99063,104
L1-202,2.83014,41.99051,105
L1-202,2.83029,41.99038,106
L1-202,2.83032,41.99033,107
L1-202,2.83033,41.9903,108
L1-202,2.83034,41.99026,109
L1-202,2.83034,41.99025,110
L1-202,2.83035,41.9902,111
L1-202,2.83034,41.99013,112
L1-202,2.83031,41.99007,113
L1-202,2.83025,41.99,114
L1-202,2.83015,41.98994,115
L1-202,2.83003,41.98989,116
L1-202,2.82994,41.98987,117
L1-202,2.82986,41.98986,118
L1-202,2.82979,41.98985,119
L1-202,2.82971,41.98985,120
L1-202,2.82959,41.98989,121
L1-202,2.82951,41.98994,122
L1-202,2.82944,41.99001,123
L1-202,2.82937,41.99012,124
L1-202,2.82928,41.9903,125
L1-202,2.82914,41.99061,126
L1-202,2.82912,41.99067,127
L1-202,2.8291,41.99071,128
L1-202,2.82902,41.99084,129
L1-202,2.82898,41.99089,130
L1-202,2.82897,41.9909,131
L1-202,2.82891,41.99095,132
L1-202,2.82889,41.99096,133
L1-202,2.82888,41.99096,134
L1-202,2.82885,41.99098,135
L1-202,2.82885,41.99099,136
L1-202,2.82879,41.99101,137
L1-202,2.82872,41.99103,138
L1-202,2.82864,41.99105,139
L1-202,2.82857,41.99106,140
L1-202,2.8285,41.99107,141
L1-202,2.8283,41.99107,142
L1-202,2.8282,41.99106,143
L1-202,2.82813,41.99105,144
L1-202,2.82805,41.99102,145
L1-202,2.828,41.99099,146
L1-202,2.82796,41.99095,147
L1-202,2.82792,41.99092,148
L1-202,2.82788,41.99087,149
L1-202,2.82785,41.99083,150
L1-202,2.82782,41.9908,151
L1-202,2.8278,41.99076,152
L1-202,2.82778,41.9907,153
L1-202,2.82774,41.99058,154
L1-202,2.82773,41.99051,155
L1-202,2.82772,41.99045,156
L1-202,2.82769,41.99026,157
L1-202,2.82768,41.99002,158
L1-202,2.82768,41.98984,159
L1-202,2.82768,41.98981,160
L1-202,2.82767,41.98977,161
L1-202,2.82765,41.98974,162
L1-202,2.82763,41.98972,163
L1-202,2.8276,41.9897,164
L1-202,2.82755,41.98968,165
L1-202,2.82754,41.98968,166
L1-202,2.82753,41.98968,167
L1-202,2.8275,41.98968,168
L1-202,2.82746,41.98968,169
L1-202,2.82743,41.98969,170
L1-202,2.8274,41.98971,171
L1-202,2.82736,41.98973,172
L1-202,2.82731,41.98975,173
L1-202,2.82727,41.98978,174
L1-202,2.82723,41.98982,175
L1-202,2.82718,41.98989,176
L1-202,2.8269,41.99025,177
L1-202,2.82688,41.99029,178
L1-202,2.82687,41.99032,179
L1-202,2.82687,41.99035,180
L1-202,2.82687,41.99036,181
L1-202,2.82688,41.99039,182
L1-202,2.8269,41.99045,183
L1-202,2.82692,41.9905,184
L1-202,2.82694,41.99055,185
L1-202,2.82694,41.99058,186
L1-202,2.82695,41.9906,187
L1-202,2.82695,41.99061,188
L1-202,2.82695,41.99063,189
L1-202,2.82694,41.99064,190
L1-202,2.82694,41.99066,191
L1-202,2.82693,41.99067,192
L1-202,2.82692,41.99067,193
L1-202,2.8269,41.99068,194
L1-202,2.82688,41.99069,195
L1-202,2.82686,41.9907,196
L1-202,2.82683,41.9907,197
L1-202,2.82681,41.9907,198
L1-202,2.82678,41.9907,199
L1-202,2.82675,41.99069,200
L1-202,2.82674,41.99069,201
L1-202,2.82673,41.99068,202
L1-202,2.82671,41.99067,203
L1-202,2.8267,41.99065,204
L1-202,2.82669,41.99064,205
L1-202,2.82669,41.99063,206
L1-202,2.82668,41.99061,207
L1-202,2.82668,41.99059,208
L1-202,2.82668,41.99057,209
L1-202,2.82668,41.99052,210
L1-202,2.82669,41.99049,211
L1-202,2.82673,41.99031,212
L1-202,2.82672,41.99027,213
L1-202,2.82671,41.99022,214
L1-202,2.82667,41.99019,215
L1-202,2.82663,41.99017,216
L1-202,2.8266,41.99016,217
L1-202,2.82656,41.99016,218
L1-202,2.82652,41.99016,219
L1-202,2.82646,41.99018,220
L1-202,2.82642,41.99021,221
L1-202,2.82639,41.99026,222
L1-202,2.82632,41.99044,223
L1-202,2.8263,41.99047,224
L1-202,2.82627,41.99051,225
L1-202,2.82609,41.99062,226
L1-202,2.82605,41.99045,227
L1-202,2.82602,41.99033,228
L1-202,2.82599,41.99026,229
L1-202,2.82594,41.99016,230
L1-202,2.82591,41.99012,231
L1-202,2.82587,41.99007,232
L1-202,2.82565,41.99003,233
L1-202,2.82558,41.99,234
L1-202,2.82548,41.98996,235
L1-202,2.82531,41.98989,236
L1-202,2.82514,41.98981,237
L1-202,2.82495,41.98973,238
L1-202,2.82481,41.98967,239
L1-202,2.82474,41.98964,240
L1-202,2.82467,41.9896,241
L1-202,2.82447,41.98946,242
L1-202,2.82417,41.98964,243
L1-202,2.82391,41.98959,244
L1-202,2.82385,41.98957,245
L1-202,2.82368,41.98954,246
L1-202,2.82366,41.98953,247
L1-202,2.82286,41.98947,248
L1-202,2.82281,41.98947,249
L1-202,2.82274,41.98948,250
L1-202,2.82265,41.98946,251
L1-202,2.82253,41.98945,252
L1-202,2.82252,41.98945,253
L1-202,2.82251,41.98946,254
L1-202,2.8225,41.98947,255
L1-202,2.8225,41.98948,256
L1-202,2.82249,41.98948,257
L1-202,2.82248,41.98949,258
L1-202,2.82242,41.98953,259
L1-202,2.82237,41.98955,260
L1-202,2.82232,41.98957,261
L1-202,2.82226,41.98958,262
L1-202,2.82221,41.98958,263
L1-202,2.82215,41.98958,264
L1-202,2.82209,41.98957,265
L1-202,2.82204,41.98956,266
L1-202,2.82199,41.98954,267
L1-202,2.82195,41.98952,268
L1-202,2.82191,41.9895,269
L1-202,2.82187,41.98947,270
L1-202,2.82184,41.98944,271
L1-202,2.82181,41.98941,272
L1-202,2.8218,41.98937,273
L1-202,2.82179,41.98933,274
L1-202,2.82178,41.98929,275
L1-202,2.82178,41.98925,276
L1-202,2.82179,41.98921,277
L1-202,2.82181,41.98917,278
L1-202,2.82183,41.98914,279
L1-202,2.82186,41.9891,280
L1-202,2.82189,41.98907,281
L1-202,2.82193,41.98904,282
L1-202,2.82198,41.98902,283
L1-202,2.82203,41.989,284
L1-202,2.82212,41.98898,285
L1-202,2.82215,41.98884,286
L1-202,2.82225,41.98845,287
L1-202,2.82229,41.98824,288
L1-202,2.82228,41.98816,289
L1-202,2.82226,41.98808,290
L1-202,2.82226,41.98807,291
L1-202,2.82223,41.98801,292
L1-202,2.82219,41.98794,293
L1-202,2.8221,41.98784,294
L1-202,2.82195,41.98771,295
L1-202,2.8215,41.98727,296
L1-202,2.82142,41.98704,297
L1-202,2.82137,41.98701,298
L1-202,2.82124,41.98695,299
L1-202,2.82112,41.98688,300
L1-202,2.82105,41.98681,301
L1-202,2.82098,41.98672,302
L1-202,2.82094,41.98662,303
L1-202,2.82093,41.98659,304
L1-202,2.82092,41.98649,305
L1-202,2.82093,41.98644,306
L1-202,2.82095,41.98641,307
L1-202,2.82097,41.98639,308
L1-202,2.82099,41.98639,309
L1-202,2.82102,41.98637,310
L1-202,2.82104,41.98636,311
L1-202,2.82112,41.98634,312
L1-202,2.82118,41.98634,313
L1-202,2.82123,41.98635,314
L1-202,2.82126,41.98636,315
L1-202,2.82132,41.98639,316
L1-202,2.82146,41.98649,317
L1-202,2.82152,41.98647,318
L1-202,2.82171,41.98641,319
L1-202,2.82181,41.98637,320
L1-202,2.82185,41.98635,321
L1-202,2.82204,41.98626,322
L1-2,2.83321,41.99497,2
L1-2,2.83301,41.99534,3
L1-2,2.83292,41.99557,4
L1-2,2.83274,41.99546,5
L1-2,2.83259,41.99536,6
L1-2,2.83244,41.99527,7
L1-2,2.83228,41.9952,8
L1-2,2.83212,41.99516,9
L1-2,2.83199,41.99514,10
L1-2,2.8319,41.99514,11
L1-2,2.83181,41.99516,12
L1-2,2.83162,41.99518,13
L1-2,2.83149,41.99519,14
L1-2,2.83139,41.99519,15
L1-2,2.8313,41.99517,16
L1-2,2.83122,41.99514,17
L1-2,2.8311,41.99507,18
L1-2,2.83102,41.99522,19
L1-2,2.83094,41.99554,20
L1-2,2.83091,41.99565,21
L1-2,2.83088,41.99574,22
L1-2,2.83077,41.99618,23
L1-2,2.83059,41.99684,24
L1-2,2.8305,41.99719,25
L1-2,2.83046,41.99735,26
L1-2,2.83043,41.99749,27
L1-2,2.83043,41.99755,28
L1-2,2.83042,41.99779,29
L1-2,2.83039,41.99832,30
L1-2,2.83037,41.99872,31
L1-2,2.83036,41.99886,32
L1-2,2.83036,41.99953,33
L1-2,2.83031,41.99951,34
L1-2,2.83009,41.99943,35
L1-2,2.8297,41.99925,36
L1-2,2.82897,41.99868,37
L1-2,2.82866,41.9984,38
L1-2,2.82861,41.99837,39
L1-2,2.82829,41.99824,40
L1-2,2.82787,41.99807,41
L1-2,2.82793,41.99779,42
L1-2,2.82801,41.99741,43
L1-2,2.8281,41.99696,44
L1-2,2.8281,41.99693,45
L1-2,2.82817,41.99658,46
L1-2,2.8283,41.99595,47
L1-2,2.82837,41.99563,48
L1-2,2.82841,41.99541,49
L1-2,2.82849,41.99499,50
L1-2,2.8285,41.99493,51
L1-2,2.8285,41.99491,52
L1-2,2.82849,41.99486,53
L1-2,2.82848,41.99483,54
L1-2,2.82848,41.99481,55
L1-2,2.82845,41.99476,56
L1-2,2.8284,41.99468,57
L1-2,2.82832,41.99455,58
L1-2,2.82825,41.99443,59
L1-2,2.82821,41.99431,60
L1-2,2.82812,41.99413,61
L1-2,2.82809,41.99406,62
L1-2,2.82804,41.99394,63
L1-2,2.82802,41.99385,64
L1-2,2.82802,41.99373,65
L1-2,2.82802,41.99367,66
L1-2,2.82804,41.99354,67
L1-2,2.82808,41.99331,68
L1-2,2.82809,41.99329,69
L1-2,2.8281,41.99326,70
L1-2,2.82814,41.9931,71
L1-2,2.82823,41.99264,72
L1-2,2.82824,41.99258,73
L1-2,2.82827,41.99251,74
L1-2,2.8283,41.99247,75
L1-2,2.82832,41.99245,76
L1-2,2.82837,41.99241,77
L1-2,2.8284,41.9924,78
L1-2,2.82843,41.99239,79
L1-2,2.82845,41.99238,80
L1-2,2.82847,41.99237,81
L1-2,2.8285,41.99237,82
L1-2,2.82854,41.99237,83
L1-2,2.82856,41.99237,84
L1-2,2.82864,41.99238,85
L1-2,2.82885,41.99228,86
L1-2,2.82899,41.99219,87
L1-2,2.82945,41.99193,88
L1-2,2.82963,41.99182,89
L1-2,2.82974,41.99176,90
L1-2,2.82979,41.99172,91
L1-2,2.82986,41.99167,92
L1-2,2.82988,41.99162,93
L1-2,2.82989,41.99159,94
L1-2,2.82991,41.99151,95
L1-2,2.8299,41.99144,96
L1-2,2.82988,41.99129,97
L1-2,2.82985,41.99122,98
L1-2,2.82981,41.99112,99
L1-2,2.82979,41.99102,100
L1-2,2.82979,41.99094,101
L1-2,2.82983,41.99082,102
L1-2,2.82985,41.99079,103
L1-2,2.82989,41.99074,104
L1-2,2.83,41.99063,105
L1-2,2.83014,41.99051,106
L1-2,2.83029,41.99038,107
L1-2,2.83032,41.99033,108
L1-2,2.83033,41.9903,109
L1-2,2.83034,41.99026,110
L1-2,2.83034,41.99025,111
L1-2,2.83035,41.9902,112
L1-2,2.83034,41.99013,113
L1-2,2.83031,41.99007,114
L1-2,2.83025,41.99,115
L1-2,2.83015,41.98994,116
L1-2,2.83003,41.98989,117
L1-2,2.82994,41.98987,118
L1-2,2.82986,41.98986,119
L1-2,2.82979,41.98985,120
L1-2,2.82971,41.98985,121
L1-2,2.82959,41.98989,122
L1-2,2.82951,41.98994,123
L1-2,2.82944,41.99001,124
L1-2,2.82937,41.99012,125
L1-2,2.82928,41.9903,126
L1-2,2.82914,41.99061,127
L1-2,2.82912,41.99067,128
L1-2,2.8291,41.99071,129
L1-2,2.82902,41.99084,130
L1-2,2.82898,41.99089,131
L1-2,2.82897,41.9909,132
L1-2,2.82891,41.99095,133
L1-2,2.82889,41.99096,134
L1-2,2.82888,41.99096,135
L1-2,2.82885,41.99098,136
L1-2,2.82885,41.99099,137
L1-2,2.82879,41.99101,138
L1-2,2.82872,41.99103,139
L1-2,2.82864,41.99105,140
L1-2,2.82857,41.99106,141
L1-2,2.8285,41.99107,142
L1-2,2.8283,41.99107,143
L1-2,2.8282,41.99106,144
L1-2,2.82813,41.99105,145
L1-2,2.82805,41.99102,146
L1-2,2.828,41.99099,147
L1-2,2.82796,41.99095,148
L1-2,2.82792,41.99092,149
L1-2,2.82788,41.99087,150
L1-2,2.82785,41.99083,151
L1-2,2.82782,41.9908,152
L1-2,2.8278,41.99076,153
L1-2,2.82778,41.9907,154
L1-2,2.82774,41.99058,155
L1-2,2.82773,41.99051,156
L1-2,2.82772,41.99045,157
L1-2,2.82769,41.99026,158
L1-2,2.82768,41.99002,159
L1-2,2.82768,41.98984,160
L1-2,2.82768,41.98981,161
L1-2,2.82767,41.98977,162
L1-2,2.82765,41.98974,163
L1-2,2.82763,41.98972,164
L1-2,2.8276,41.9897,165
L1-2,2.82755,41.98968,166
L1-2,2.82754,41.98968,167
L1-2,2.82753,41.98968,168
L1-2,2.8275,41.98968,169
L1-2,2.82746,41.98968,170
L1-2,2.82743,41.98969,171
L1-2,2.8274,41.98971,172
L1-2,2.82736,41.98973,173
L1-2,2.82731,41.98975,174
L1-2,2.82727,41.98978,175
L1-2,2.82723,41.98982,176
L1-2,2.82718,41.98989,177
L1-2,2.8269,41.99025,178
L1-2,2.82688,41.99029,179
L1-2,2.82687,41.99032,180
L1-2,2.82687,41.99035,181
L1-2,2.82687,41.99036,182
L1-2,2.82688,41.99039,183
L1-2,2.8269,41.99045,184
L1-2,2.82692,41.9905,185
L1-2,2.82694,41.99055,186
L1-2,2.82694,41.99058,187
L1-2,2.82695,41.9906,188
L1-2,2.82695,41.99061,189
L1-2,2.82695,41.99063,190
L1-2,2.82694,41.99064,191
L1-2,2.82694,41.99066,192
L1-2,2.82693,41.99067,193
L1-2,2.82692,41.99067,194
L1-2,2.8269,41.99068,195
L1-2,2.82688,41.99069,196
L1-2,2.82686,41.9907,197
L1-2,2.82683,41.9907,198
L1-2,2.82681,41.9907,199
L1-2,2.82678,41.9907,200
L1-2,2.82675,41.99069,201
L1-2,2.82674,41.99069,202
L1-2,2.82673,41.99068,203
L1-2,2.82671,41.99067,204
L1-2,2.8267,41.99065,205
L1-2,2.82669,41.99064,206
L1-2,2.82669,41.99063,207
L1-2,2.82668,41.99061,208
L1-2,2.82668,41.99059,209
L1-2,2.82668,41.99057,210
L1-2,2.82668,41.99052,211
L1-2,2.82669,41.99049,212
L1-2,2.82673,41.99031,213
L1-2,2.82672,41.99027,214
L1-2,2.82671,41.99022,215
L1-2,2.82667,41.99019,216
L1-2,2.82663,41.99017,217
L1-2,2.8266,41.99016,218
L1-2,2.82656,41.99016,219
L1-2,2.82652,41.99016,220
L1-2,2.82646,41.99018,221
L1-2,2.82642,41.99021,222
L1-2,2.82639,41.99026,223
L1-2,2.82632,41.99044,224
L1-2,2.8263,41.99047,225
L1-2,2.82627,41.99051,226
L1-2,2.82609,41.99062,227
L1-2,2.82605,41.99045,228
L1-2,2.82602,41.99033,229
L1-2,2.82599,41.99026,230
L1-2,2.82594,41.99016,231
L1-2,2.82591,41.99012,232
L1-2,2.82587,41.99007,233
L1-2,2.82565,41.99003,234
L1-2,2.82558,41.99,235
L1-2,2.82548,41.98996,236
L1-2,2.82531,41.98989,237
L1-2,2.82514,41.98981,238
L1-2,2.82495,41.98973,239
L1-2,2.82481,41.98967,240
L1-2,2.82474,41.98964,241
L1-2,2.82467,41.9896,242
L1-2,2.82447,41.98946,243
L1-2,2.82417,41.98964,244
L1-2,2.82391,41.98959,245
L1-2,2.82385,41.98957,246
L1-2,2.82368,41.98954,247
L1-2,2.82366,41.98953,248
L1-2,2.82286,41.98947,249
L1-2,2.82281,41.98947,250
L1-2,2.82274,41.98948,251
L1-2,2.82265,41.98946,252
L1-2,2.82258,41.98945,253
L1-2,2.82253,41.98945,254
L1-2,2.82252,41.98945,255
L1-2,2.82251,41.98946,256
L1-2,2.8225,41.98947,257
L1-2,2.8225,41.98948,258
L1-2,2.82249,41.98948,259
L1-2,2.82248,41.98949,260
L1-2,2.82242,41.98953,261
L1-2,2.82237,41.98955,262
L1-2,2.82232,41.98957,263
L1-2,2.82226,41.98958,264
L1-2,2.82221,41.98958,265
L1-2,2.82215,41.98958,266
L1-2,2.82209,41.98957,267
L1-2,2.82204,41.98956,268
L1-2,2.82199,41.98954,269
L1-2,2.82195,41.98952,270
L1-2,2.82191,41.9895,271
L1-2,2.82187,41.98947,272
L1-2,2.82184,41.98944,273
L1-2,2.82181,41.98941,274
L1-2,2.8218,41.98937,275
L1-2,2.82179,41.98933,276
L1-2,2.82178,41.98929,277
L1-2,2.82178,41.98925,278
L1-2,2.82179,41.98921,279
L1-2,2.82181,41.98917,280
L1-2,2.82183,41.98914,281
L1-2,2.82186,41.9891,282
L1-2,2.82189,41.98907,283
L1-2,2.82193,41.98904,284
L1-2,2.82198,41.98902,285
L1-2,2.82203,41.989,286
L1-2,2.82212,41.98898,287
L1-2,2.82215,41.98884,288
L1-2,2.82225,41.98845,289
L1-2,2.82229,41.98824,290
L1-2,2.82228,41.98816,291
L1-2,2.82226,41.98808,292
L1-2,2.82226,41.98807,293
L1-2,2.82223,41.98801,294
L1-2,2.82219,41.98794,295
L1-2,2.8221,41.98784,296
L1-2,2.82195,41.98771,297
L1-2,2.8215,41.98727,298
L1-2,2.82142,41.98704,299
L1-2,2.82137,41.98701,300
L1-2,2.82124,41.98695,301
L1-2,2.82112,41.98688,302
L1-2,2.82105,41.98681,303
L1-2,2.82098,41.98672,304
L1-2,2.82094,41.98662,305
L1-2,2.82093,41.98659,306
L1-2,2.82092,41.98649,307
L1-2,2.82093,41.98644,308
L1-2,2.82095,41.98641,309
L1-2,2.82097,41.98639,310
L1-2,2.82099,41.98639,311
L1-2,2.82102,41.98637,312
L1-2,2.82104,41.98636,313
L1-2,2.82112,41.98634,314
L1-2,2.82118,41.98634,315
L1-2,2.82123,41.98635,316
L1-2,2.82126,41.98636,317
L1-2,2.82132,41.98639,318
L1-2,2.82146,41.98649,319
L1-2,2.82152,41.98647,320
L1-2,2.82171,41.98641,321
L1-2,2.82181,41.98637,322
L1-2,2.82185,41.98635,323
L1-2,2.82232,41.98614,324
L1-2,2.82242,41.98609,325
L1-2,2.82241,41.98608,326
L1-2,2.82241,41.98607,327
L1-2,2.82241,41.98606,328
L1-2,2.82241,41.98605,329
L1-2,2.82241,41.98604,330
L1-2,2.82242,41.98603,331
L1-2,2.82242,41.98602,332
L1-2,2.82243,41.98601,333
L1-2,2.82243,41.986,334
L1-2,2.82244,41.986,335
L1-2,2.82244,41.98599,336
L1-2,2.82238,41.9859,337
L1-2,2.82232,41.98584,338
L1-2,2.82218,41.98572,339
L1-2,2.82212,41.98566,340
L1-2,2.82212,41.98565,341
L1-2,2.82142,41.98515,342
L1-2,2.82136,41.98512,343
L1-2,2.82134,41.98509,344
L1-2,2.82112,41.98491,345
L1-2,2.821,41.98481,346
L1-2,2.82072,41.98458,347
L1-2,2.82061,41.98449,348
L1-2,2.82055,41.98444,349
L1-2,2.82054,41.98443,350
L1-2,2.82038,41.98426,351
L1-2,2.81977,41.98361,352
L1-2,2.81973,41.98352,353
L1-2,2.81972,41.98344,354
L1-2,2.81974,41.9833,355
L1-2,2.81975,41.9832,356
L1-2,2.81976,41.98315,357
L1-2,2.81983,41.98272,358
L1-2,2.81984,41.98268,359
L1-2,2.81986,41.9826,360
L1-2,2.81989,41.98244,361
L1-2,2.81991,41.98234,362
L1-2,2.82006,41.98175,363
L1-2,2.82014,41.9815,364
L1-2,2.82018,41.98139,365
L1-2,2.82046,41.98139,366
L1-2,2.82055,41.9814,367
L1-2,2.82168,41.98128,368
L1-2,2.82252,41.98118,369
L1-2,2.82279,41.98115,370
L1-2,2.82299,41.98119,371
L1-2,2.8232,41.98119,372
L1-2,2.82328,41.98097,373
L1-2,2.8234,41.98064,374
L1-2,2.82344,41.98054,375
L1-2,2.82344,41.98053,376
L1-2,2.82346,41.98046,377
L1-2,2.8235,41.98037,378
L1-2,2.8235,41.98035,379
L1-2,2.82352,41.98027,380
L1-2,2.82356,41.98005,381
L1-2,2.82359,41.97985,382
L1-2,2.8236,41.97981,383
L1-2,2.82372,41.97888,384
L1-2,2.82318,41.97885,385
L1-2,2.82306,41.97884,386
L1-2,2.82271,41.97889,387
L1-2,2.82271,41.9789,388
L1-2,2.8227,41.9789,389
L1-2,2.8227,41.97891,390
L1-2,2.82269,41.97891,391
L1-2,2.82269,41.97892,392
L1-2,2.82268,41.97892,393
L1-2,2.82268,41.97893,394
L1-2,2.82267,41.97893,395
L1-2,2.82266,41.97893,396
L1-2,2.82266,41.97894,397
L1-2,2.82265,41.97894,398
L1-2,2.82264,41.97894,399
L1-2,2.82264,41.97895,400
L1-2,2.82263,41.97895,401
L1-2,2.82262,41.97895,402
L1-2,2.82261,41.97895,403
L1-2,2.8226,41.97895,404
L1-2,2.82259,41.97895,405
L1-2,2.82258,41.97895,406
L1-2,2.82257,41.97895,407
L1-2,2.82256,41.97895,408
L1-2,2.82256,41.97894,409
L1-2,2.82255,41.97894,410
L1-2,2.82254,41.97894,411
L1-2,2.82253,41.97894,412
L1-2,2.82253,41.97893,413
L1-2,2.82252,41.97893,414
L1-2,2.82251,41.97892,415
L1-2,2.8225,41.97892,416
L1-2,2.8225,41.97891,417
L1-2,2.8225,41.9789,418
L1-2,2.82249,41.9789,419
L1-2,2.82249,41.97889,420
L1-2,2.82248,41.97888,421
L1-2,2.82248,41.97887,422
L1-2,2.82248,41.97886,423
L1-2,2.82248,41.97885,424
L1-2,2.82248,41.97884,425
L1-2,2.82249,41.97884,426
L1-2,2.82249,41.97883,427
L1-2,2.82242,41.9788,428
L1-2,2.82233,41.97874,429
L1-2,2.82191,41.97853,430
L1-2,2.82171,41.97831,431
L1-2,2.82162,41.97826,432
L1-2,2.82129,41.9776,433
L1-2,2.82119,41.97742,434
L1-2,2.82108,41.9772,435
L1-2,2.82089,41.97683,436
L1-2,2.82068,41.97643,437
L1-2,2.8205,41.97612,438
L1-2,2.8205,41.9761,439
L1-2,2.82049,41.97609,440
L1-2,2.82047,41.97605,441
L1-2,2.82046,41.97601,442
L1-2,2.82045,41.97598,443
L1-2,2.82045,41.97594,444
L1-2,2.82047,41.97587,445
L1-2,2.82047,41.97556,446
L1-2,2.82046,41.97503,447
L1-2,2.82045,41.97484,448
L1-2,2.82063,41.97479,449
L1-2,2.82122,41.97468,450
L1-2,2.82128,41.97467,451
L1-2,2.82206,41.9745,452
L1-2,2.82212,41.97449,453
L1-2,2.82223,41.97447,454
L1-2,2.82206,41.97379,455
L1-2,2.82206,41.97378,456
L1-2,2.82186,41.97311,457
L1-2,2.8217,41.97252,458
L1-2,2.82159,41.972,459
L1-2,2.82157,41.97189,460
L1-2,2.82151,41.9715,461
L1-2,2.82157,41.97096,462
L1-2,2.82158,41.97032,463
L1-2,2.82156,41.96978,464
L1-2,2.82151,41.96956,465
L1-2,2.82147,41.96937,466
L1-2,2.82146,41.96935,467
L1-2,2.82141,41.96909,468
L1-2,2.82137,41.96879,469
L1-2,2.82127,41.96833,470
L1-2,2.82125,41.96827,471
L1-2,2.82119,41.96795,472
L1-2,2.82116,41.96778,473
L1-2,2.82111,41.96758,474
L1-2,2.82111,41.96757,475
L1-2,2.82105,41.96741,476
L1-2,2.82102,41.96733,477
L1-2,2.82095,41.96713,478
L1-2,2.82094,41.96711,479
L1-2,2.82091,41.96703,480
L1-2,2.82089,41.96689,481
L1-2,2.82089,41.96679,482
L1-2,2.82089,41.96649,483
L1-2,2.82085,41.96644,484
L1-2,2.82084,41.9663,485
L1-2,2.82083,41.9663,486
L1-2,2.82082,41.96629,487
L1-2,2.82081,41.96629,488
L1-2,2.8208,41.96628,489
L1-2,2.82079,41.96628,490
L1-2,2.82078,41.96628,491
L1-2,2.82077,41.96627,492
L1-2,2.82076,41.96627,493
L1-2,2.82076,41.96626,494
L1-2,2.82075,41.96626,495
L1-2,2.82074,41.96625,496
L1-2,2.82074,41.96624,497
L1-2,2.82073,41.96624,498
L1-2,2.82073,41.96623,499
L1-2,2.82072,41.96623,500
L1-2,2.82072,41.96622,501
L1-2,2.82072,41.96621,502
L1-2,2.82071,41.9662,503
L1-2,2.82071,41.96619,504
L1-2,2.82071,41.96618,505
L1-2,2.82071,41.96617,506
L1-2,2.82071,41.96616,507
L1-2,2.82071,41.96615,508
L1-2,2.82071,41.96614,509
L1-2,2.82072,41.96613,510
L1-2,2.82072,41.96612,511
L1-2,2.82073,41.96612,512
L1-2,2.82073,41.96611,513
L1-2,2.82073,41.9661,514
L1-2,2.82074,41.9661,515
L1-2,2.82075,41.96609,516
L1-2,2.82076,41.96608,517
L1-2,2.82077,41.96607,518
L1-2,2.82078,41.96607,519
L1-2,2.82078,41.96606,520
L1-2,2.82079,41.96606,521
L1-2,2.8208,41.96606,522
L1-2,2.8208,41.96605,523
L1-2,2.82081,41.96605,524
L1-2,2.82082,41.96605,525
L1-2,2.82083,41.96605,526
L1-2,2.82084,41.96585,527
L1-2,2.82084,41.96584,528
L1-2,2.82089,41.96579,529
L1-2,2.82087,41.96532,530
L1-2,2.82086,41.96525,531
L1-2,2.82083,41.96495,532
L1-2,2.8208,41.96472,533
L1-2,2.82078,41.96462,534
L1-2,2.82078,41.96458,535
L1-2,2.82064,41.96402,536
L1-2,2.82062,41.96395,537
L1-2,2.82053,41.96372,538
L1-2,2.8205,41.96366,539
L1-2,2.82049,41.96363,540
L1-2,2.8204,41.96342,541
L1-2,2.8202,41.96299,542
L1-2,2.82015,41.96288,543
L1-2,2.82011,41.96277,544
L1-2,2.81995,41.96217,545
L1-2,2.81987,41.96175,546
L1-2,2.81982,41.96143,547
L1-2,2.81981,41.96125,548
L1-2,2.81979,41.96086,549
L1-2,2.81978,41.96072,550
L1-2,2.81972,41.96067,551
L1-2,2.81971,41.96054,552
L1-2,2.8197,41.96041,553
L1-2,2.81971,41.9603,554
L1-2,2.81972,41.95969,555
L1-2,2.81976,41.95894,556
L1-2,2.81979,41.9586,557
L1-2,2.81982,41.95856,558
L1-2,2.81982,41.95852,559
L1-2,2.81983,41.95836,560
L1-2,2.81985,41.95803,561
L1-2,2.81988,41.95749,562
L1-2,2.81989,41.95742,563
L1-2,2.81991,41.95723,564
L1-2,2.81991,41.95718,565
L1-2,2.81992,41.95702,566
L1-2,2.81994,41.95685,567
L1-2,2.81993,41.95679,568
L1-2,2.81993,41.95673,569
L1-2,2.81991,41.95655,570
L1-2,2.81989,41.95632,571
L1-2,2.81987,41.95623,572
L1-2,2.81986,41.95613,573
L1-2,2.81984,41.95599,574
L1-2,2.81982,41.95585,575
L1-2,2.81978,41.9557,576
L1-2,2.81973,41.95554,577
L1-2,2.81971,41.9555,578
L1-2,2.81967,41.95541,579
L1-2,2.81962,41.95529,580
L1-2,2.81952,41.95513,581
L1-2,2.81944,41.95501,582
L1-2,2.81943,41.955,583
L1-2,2.81934,41.95489,584
L1-2,2.81904,41.95453,585
L1-2,2.81888,41.95431,586
L1-2,2.81873,41.95412,587
L1-2,2.81856,41.95392,588
L1-2,2.81846,41.9538,589
L1-2,2.81824,41.9535,590
L1-2,2.81819,41.95342,591
L1-2,2.81815,41.95334,592
L1-2,2.81812,41.95326,593
L1-2,2.81805,41.9532,594
L1-2,2.8179,41.95284,595
L1-2,2.81789,41.95284,596
L1-2,2.81789,41.95283,597
L1-2,2.81788,41.95283,598
L1-2,2.81787,41.95283,599
L1-2,2.81787,41.95282,600
L1-2,2.81786,41.95282,601
L1-2,2.81786,41.95281,602
L1-2,2.81785,41.9528,603
L1-2,2.81785,41.95279,604
L1-2,2.81774,41.95271,605
L1-2,2.81745,41.95239,606
L1-2,2.81735,41.95226,607
L1-2,2.81732,41.9522,608
L1-2,2.81731,41.95211,609
L1-2,2.8173,41.95207,610
L1-2,2.81728,41.95204,611
L1-2,2.81724,41.95199,612
L1-2,2.81718,41.95186,613
L1-2,2.81709,41.95167,614
L1-2,2.81707,41.9516,615
L1-2,2.81705,41.95155,616
L1-2,2.81698,41.95145,617
L1-2,2.81692,41.95139,618
L1-2,2.81685,41.95134,619
L1-2,2.81676,41.95128,620
L1-2,2.81666,41.95122,621
L1-2,2.81644,41.95111,622
L1-2,2.81621,41.95115,623
L1-2,2.8161,41.95117,624
L1-2,2.81593,41.95118,625
L1-2,2.8157,41.95119,626
L1-2,2.81548,41.95119,627
L1-2,2.81516,41.95121,628
L1-2,2.81481,41.95122,629
L1-2,2.81472,41.95122,630
L1-2,2.81466,41.95122,631
L1-2,2.8144,41.95123,632
L1-2,2.81434,41.95123,633
L1-2,2.81416,41.95123,634
L1-2,2.81396,41.95121,635
L1-2,2.81395,41.95121,636
L1-2,2.8138,41.95119,637
L1-2,2.81327,41.95114,638
L1-2,2.81313,41.95114,639
L1-2,2.81306,41.95114,640
L1-2,2.813,41.95113,641
L1-2,2.81297,41.95114,642
L1-2,2.81281,41.95116,643
L1-2,2.8128,41.95116,644
L1-2,2.81266,41.95117,645
L1-2,2.81258,41.95118,646
L1-2,2.81217,41.95122,647
L1-2,2.81197,41.95125,648
L1-2,2.81186,41.95126,649
L1-2,2.8117,41.95128,650
L1-2,2.81152,41.95129,651
L1-2,2.81139,41.9513,652
L1-2,2.81115,41.9513,653
L1-2,2.81108,41.95129,654
L1-2,2.81098,41.95128,655
L1-2,2.8107,41.9512,656
L1-2,2.8106,41.95116,657
L1-2,2.81044,41.95109,658
L1-2,2.8103,41.95104,659
L1-2,2.81017,41.95099,660
L1-2,2.81003,41.95095,661
L1-2,2.80993,41.95094,662
L1-2,2.80973,41.95094,663
L1-2,2.80965,41.95094,664
L1-2,2.80936,41.95098,665
L1-2,2.80931,41.95098,666
L1-2,2.80923,41.951,667
L1-2,2.80921,41.951,668
L1-2,2.8091,41.95102,669
L1-2,2.80892,41.95104,670
L1-2,2.80885,41.95105,671
L1-2,2.8088,41.95106,672
L1-2,2.80844,41.95114,673
L1-2,2.80839,41.95115,674
L1-2,2.80821,41.95119,675
L2-1,2.80821,41.95119,2
L2-1,2.8081,41.95122,3
L2-1,2.80766,41.95131,4
L2-1,2.80762,41.95132,5
L2-1,2.80694,41.9515,6
L2-1,2.80687,41.95152,7
L2-1,2.80724,41.95239,8
L2-1,2.80734,41.95264,9
L2-1,2.80765,41.95341,10
L2-1,2.80767,41.95346,11
L2-1,2.80796,41.95417,12
L2-1,2.80808,41.95447,13
L2-1,2.80813,41.9546,14
L2-1,2.8082,41.95477,15
L2-1,2.80831,41.95502,16
L2-1,2.80836,41.95511,17
L2-1,2.80839,41.95515,18
L2-1,2.80843,41.95522,19
L2-1,2.80852,41.95533,20
L2-1,2.80856,41.95538,21
L2-1,2.80861,41.95543,22
L2-1,2.8087,41.9555,23
L2-1,2.80876,41.95554,24
L2-1,2.80881,41.95557,25
L2-1,2.80886,41.95561,26
L2-1,2.80895,41.95566,27
L2-1,2.809,41.95569,28
L2-1,2.80901,41.95569,29
L2-1,2.80934,41.95587,30
L2-1,2.80956,41.95598,31
L2-1,2.80966,41.95601,32
L2-1,2.80969,41.95601,33
L2-1,2.80972,41.95603,34
L2-1,2.80995,41.95612,35
L2-1,2.80998,41.95611,36
L2-1,2.81001,41.95611,37
L2-1,2.81004,41.9561,38
L2-1,2.81007,41.9561,39
L2-1,2.81011,41.9561,40
L2-1,2.81014,41.9561,41
L2-1,2.81017,41.95611,42
L2-1,2.81022,41.95611,43
L2-1,2.81025,41.95612,44
L2-1,2.81028,41.95613,45
L2-1,2.81032,41.95614,46
L2-1,2.81036,41.95616,47
L2-1,2.81039,41.95618,48
L2-1,2.81042,41.95619,49
L2-1,2.81043,41.9562,50
L2-1,2.81045,41.95622,51
L2-1,2.81048,41.95624,52
L2-1,2.8105,41.95626,53
L2-1,2.81052,41.95628,54
L2-1,2.81052,41.95629,55
L2-1,2.81054,41.95632,56
L2-1,2.81056,41.95635,57
L2-1,2.81057,41.95638,58
L2-1,2.81058,41.95641,59
L2-1,2.81058,41.95644,60
L2-1,2.81059,41.95647,61
L2-1,2.81058,41.9565,62
L2-1,2.81057,41.95653,63
L2-1,2.81056,41.95656,64
L2-1,2.81055,41.95658,65
L2-1,2.81054,41.95661,66
L2-1,2.81052,41.95664,67
L2-1,2.8105,41.95666,68
L2-1,2.81048,41.95668,69
L2-1,2.81046,41.9567,70
L2-1,2.81044,41.95672,71
L2-1,2.81041,41.95673,72
L2-1,2.81039,41.95675,73
L2-1,2.81037,41.95676,74
L2-1,2.81034,41.95677,75
L2-1,2.81031,41.95678,76
L2-1,2.81029,41.95679,77
L2-1,2.81027,41.95679,78
L2-1,2.81026,41.95679,79
L2-1,2.81025,41.9568,80
L2-1,2.81023,41.9568,81
L2-1,2.81022,41.9568,82
L2-1,2.81021,41.95681,83
L2-1,2.81019,41.95681,84
L2-1,2.81018,41.95681,85
L2-1,2.81014,41.95696,86
L2-1,2.81012,41.95701,87
L2-1,2.80995,41.95739,88
L2-1,2.80986,41.9576,89
L2-1,2.80982,41.95773,90
L2-1,2.80979,41.95784,91
L2-1,2.80977,41.95794,92
L2-1,2.80977,41.95799,93
L2-1,2.80975,41.95814,94
L2-1,2.80975,41.95827,95
L2-1,2.80976,41.95841,96
L2-1,2.80978,41.95856,97
L2-1,2.80979,41.9586,98
L2-1,2.80983,41.95876,99
L2-1,2.8099,41.95896,100
L2-1,2.81007,41.95939,101
L2-1,2.81029,41.95994,102
L2-1,2.81035,41.96009,103
L2-1,2.81036,41.96013,104
L2-1,2.81046,41.96025,105
L2-1,2.81055,41.96034,106
L2-1,2.81065,41.96042,107
L2-1,2.81079,41.96055,108
L2-1,2.81084,41.96059,109
L2-1,2.81089,41.96063,110
L2-1,2.81095,41.96071,111
L2-1,2.81108,41.96097,112
L2-1,2.81108,41.96101,113
L2-1,2.81109,41.96109,114
L2-1,2.81108,41.96118,115
L2-1,2.81106,41.96125,116
L2-1,2.81103,41.96131,117
L2-1,2.81101,41.96132,118
L2-1,2.811,41.96147,119
L2-1,2.811,41.96159,120
L2-1,2.811,41.9617,121
L2-1,2.81104,41.9618,122
L2-1,2.81117,41.96211,123
L2-1,2.81126,41.96233,124
L2-1,2.8113,41.96243,125
L2-1,2.81149,41.9629,126
L2-1,2.81178,41.96363,127
L2-1,2.81182,41.96374,128
L2-1,2.81183,41.96375,129
L2-1,2.81183,41.96377,130
L2-1,2.81197,41.9641,131
L2-1,2.81205,41.96431,132
L2-1,2.81238,41.96512,133
L2-1,2.81274,41.96599,134
L2-1,2.81279,41.96614,135
L2-1,2.81285,41.96627,136
L2-1,2.813,41.96664,137
L2-1,2.81305,41.96677,138
L2-1,2.81325,41.96726,139
L2-1,2.81333,41.96747,140
L2-1,2.81339,41.96762,141
L2-1,2.81356,41.96804,142
L2-1,2.81364,41.96824,143
L2-1,2.81375,41.9685,144
L2-1,2.81384,41.96871,145
L2-1,2.81392,41.9689,146
L2-1,2.81404,41.96922,147
L2-1,2.81419,41.96958,148
L2-1,2.81422,41.96965,149
L2-1,2.81428,41.96982,150
L2-1,2.81436,41.97001,151
L2-1,2.81437,41.97004,152
L2-1,2.8144,41.97011,153
L2-1,2.81441,41.97012,154
L2-1,2.81446,41.97025,155
L2-1,2.81452,41.9704,156
L2-1,2.81465,41.97072,157
L2-1,2.81465,41.97073,158
L2-1,2.81473,41.97093,159
L2-1,2.81487,41.97127,160
L2-1,2.81492,41.9714,161
L2-1,2.81514,41.97193,162
L2-1,2.81531,41.97236,163
L2-1,2.81551,41.97288,164
L2-1,2.81556,41.97299,165
L2-1,2.81575,41.97344,166
L2-1,2.81584,41.97366,167
L2-1,2.81591,41.97382,168
L2-1,2.81599,41.97403,169
L2-1,2.816,41.97405,170
L2-1,2.81625,41.97468,171
L2-1,2.81636,41.97497,172
L2-1,2.81648,41.97526,173
L2-1,2.81655,41.97543,174
L2-1,2.81661,41.97558,175
L2-1,2.81665,41.97567,176
L2-1,2.81667,41.97573,177
L2-1,2.81671,41.97582,178
L2-1,2.81696,41.97643,179
L2-1,2.81703,41.97659,180
L2-1,2.81713,41.97686,181
L2-1,2.8174,41.97751,182
L2-1,2.81741,41.97754,183
L2-1,2.81762,41.97809,184
L2-1,2.81768,41.97822,185
L2-1,2.81782,41.97854,186
L2-1,2.81798,41.97895,187
L2-1,2.81801,41.97901,188
L2-1,2.81811,41.97928,189
L2-1,2.81814,41.97936,190
L2-1,2.8182,41.97954,191
L2-1,2.81828,41.97974,192
L2-1,2.81839,41.98002,193
L2-1,2.81859,41.98044,194
L2-1,2.81869,41.9807,195
L2-1,2.81928,41.9804,196
L2-1,2.81958,41.98024,197
L2-1,2.81972,41.98017,198
L2-1,2.81992,41.98007,199
L2-1,2.82013,41.97996,200
L2-1,2.82051,41.97977,201
L2-1,2.82093,41.97956,202
L2-1,2.82119,41.97942,203
L2-1,2.82124,41.97947,204
L2-1,2.82153,41.97977,205
L2-1,2.82181,41.98007,206
L2-1,2.82161,41.98019,207
L2-1,2.82118,41.98044,208
L2-1,2.82096,41.98056,209
L2-1,2.82088,41.98061,210
L2-1,2.8208,41.98065,211
L2-1,2.82076,41.98067,212
L2-1,2.82062,41.98077,213
L2-1,2.82049,41.98086,214
L2-1,2.82046,41.98089,215
L2-1,2.82046,41.9809,216
L2-1,2.82039,41.98097,217
L2-1,2.82035,41.98103,218
L2-1,2.82028,41.98117,219
L2-1,2.82024,41.98125,220
L2-1,2.82018,41.98139,221
L2-1,2.82014,41.9815,222
L2-1,2.82006,41.98175,223
L2-1,2.81991,41.98234,224
L2-1,2.81989,41.98245,225
L2-1,2.81985,41.98263,226
L2-1,2.81984,41.98268,227
L2-1,2.81983,41.98272,228
L2-1,2.81976,41.98315,229
L2-1,2.81975,41.9832,230
L2-1,2.81974,41.9833,231
L2-1,2.81972,41.98344,232
L2-1,2.81973,41.98352,233
L2-1,2.81977,41.98361,234
L2-1,2.82038,41.98426,235
L2-1,2.82054,41.98443,236
L2-1,2.82055,41.98444,237
L2-1,2.82061,41.98449,238
L2-1,2.82072,41.98458,239
L2-1,2.821,41.98481,240
L2-1,2.82112,41.98491,241
L2-1,2.82134,41.98509,242
L2-1,2.82136,41.98512,243
L2-1,2.82142,41.98515,244
L2-1,2.82212,41.98565,245
L2-1,2.82212,41.98566,246
L2-1,2.82222,41.98569,247
L2-1,2.82237,41.98579,248
L2-1,2.82246,41.98585,249
L2-1,2.82251,41.98589,250
L2-1,2.82257,41.98595,251
L2-1,2.82259,41.98596,252
L2-1,2.8226,41.98596,253
L2-1,2.82261,41.98596,254
L2-1,2.82262,41.98596,255
L2-1,2.82262,41.98597,256
L2-1,2.82263,41.98597,257
L2-1,2.82264,41.98597,258
L2-1,2.82265,41.98598,259
L2-1,2.82266,41.98598,260
L2-1,2.82266,41.98599,261
L2-1,2.82267,41.98599,262
L2-1,2.82267,41.986,263
L2-1,2.82268,41.986,264
L2-1,2.82268,41.98601,265
L2-1,2.82269,41.98601,266
L2-1,2.82269,41.98602,267
L2-1,2.82269,41.98603,268
L2-1,2.8227,41.98603,269
L2-1,2.8227,41.98604,270
L2-1,2.8227,41.98605,271
L2-1,2.8227,41.98606,272
L2-1,2.8227,41.98607,273
L2-1,2.8227,41.98608,274
L2-1,2.8227,41.98609,275
L2-1,2.82269,41.9861,276
L2-1,2.82269,41.98611,277
L2-1,2.82268,41.98611,278
L2-1,2.82268,41.98612,279
L2-1,2.82267,41.98613,280
L2-1,2.82266,41.98614,281
L2-1,2.82265,41.98614,282
L2-1,2.82265,41.98615,283
L2-1,2.82264,41.98615,284
L2-1,2.82263,41.98615,285
L2-1,2.82262,41.98616,286
L2-1,2.82261,41.98616,287
L2-1,2.8226,41.98616,288
L2-1,2.82259,41.98617,289
L2-1,2.82258,41.98617,290
L2-1,2.82257,41.98617,291
L2-1,2.82256,41.98617,292
L2-1,2.82255,41.98617,293
L2-1,2.82254,41.98617,294
L2-1,2.82253,41.98617,295
L2-1,2.82242,41.98622,296
L2-1,2.82215,41.98636,297
L2-1,2.82197,41.98646,298
L2-1,2.82193,41.98648,299
L2-1,2.82183,41.98653,300
L2-1,2.82164,41.9866,301
L2-1,2.82159,41.98662,302
L2-1,2.82164,41.98668,303
L2-1,2.82168,41.98675,304
L2-1,2.82173,41.98686,305
L2-1,2.8217,41.98692,306
L2-1,2.82166,41.98695,307
L2-1,2.82164,41.98697,308
L2-1,2.82161,41.98699,309
L2-1,2.82158,41.98701,310
L2-1,2.82154,41.98703,311
L2-1,2.82159,41.98722,312
L2-1,2.82192,41.98755,313
L2-1,2.8221,41.98771,314
L2-1,2.82234,41.98799,315
L2-1,2.82236,41.98808,316
L2-1,2.82238,41.9882,317
L2-1,2.82237,41.98836,318
L2-1,2.82235,41.9885,319
L2-1,2.82231,41.98863,320
L2-1,2.82228,41.9888,321
L2-1,2.82228,41.9889,322
L2-1,2.82229,41.98899,323
L2-1,2.82232,41.98899,324
L2-1,2.82236,41.989,325
L2-1,2.82239,41.98901,326
L2-1,2.82242,41.98903,327
L2-1,2.82245,41.98904,328
L2-1,2.82247,41.98906,329
L2-1,2.8225,41.98908,330
L2-1,2.82252,41.9891,331
L2-1,2.82252,41.98911,332
L2-1,2.82253,41.98911,333
L2-1,2.82253,41.98912,334
L2-1,2.82254,41.98912,335
L2-1,2.82254,41.98913,336
L2-1,2.82255,41.98914,337
L2-1,2.82256,41.98917,338
L2-1,2.82257,41.9892,339
L2-1,2.82258,41.98923,340
L2-1,2.82259,41.98926,341
L2-1,2.82259,41.98929,342
L2-1,2.82259,41.98932,343
L2-1,2.82258,41.98935,344
L2-1,2.82257,41.98938,345
L2-1,2.82257,41.98939,346
L2-1,2.82256,41.9894,347
L2-1,2.82255,41.98941,348
L2-1,2.82255,41.98942,349
L2-1,2.82254,41.98943,350
L2-1,2.82253,41.98944,351
L2-1,2.82253,41.98945,352
L2-1,2.82252,41.98945,353
L2-1,2.82251,41.98946,354
L2-1,2.8225,41.98947,355
L2-1,2.8225,41.98948,356
L2-1,2.82249,41.98948,357
L2-1,2.82248,41.98949,358
L2-1,2.82242,41.98953,359
L2-1,2.82237,41.98955,360
L2-1,2.82232,41.98957,361
L2-1,2.82226,41.98958,362
L2-1,2.82221,41.98958,363
L2-1,2.82215,41.98958,364
L2-1,2.82209,41.98957,365
L2-1,2.82204,41.98956,366
L2-1,2.82199,41.98954,367
L2-1,2.82081,41.99008,368
L2-1,2.82077,41.99022,369
L2-1,2.82067,41.9905,370
L2-1,2.82052,41.99088,371
L2-1,2.82047,41.99102,372
L2-1,2.82039,41.99124,373
L2-1,2.82011,41.99204,374
L2-1,2.81997,41.99242,375
L2-1,2.81996,41.99244,376
L2-1,2.81993,41.99251,377
L2-1,2.81993,41.99252,378
L2-1,2.81992,41.99255,379
L2-1,2.8199,41.99259,380
L2-1,2.81977,41.99296,381
L2-1,2.81973,41.99309,382
L2-1,2.8197,41.99317,383
L2-1,2.81966,41.99327,384
L2-1,2.8196,41.99345,385
L2-1,2.81958,41.99353,386
L2-1,2.81955,41.99363,387
L2-1,2.81958,41.99363,388
L2-1,2.81969,41.99364,389
L2-1,2.81958,41.99363,390
L2-1,2.81955,41.99363,391
L2-1,2.81953,41.99371,392
L2-1,2.8195,41.99381,393
L2-1,2.81947,41.99399,394
L2-1,2.81945,41.99416,395
L2-1,2.81944,41.99424,396
L2-1,2.81942,41.99436,397
L2-1,2.81942,41.99449,398
L2-1,2.81941,41.99462,399
L2-1,2.81941,41.99467,400
L2-1,2.81941,41.99487,401
L2-1,2.81939,41.99518,402
L2-1,2.81938,41.99614,403
L2-1,2.81938,41.99626,404
L2-1,2.81935,41.99638,405
L2-1,2.81935,41.99639,406
L2-1,2.81934,41.99652,407
L2-1,2.81935,41.99671,408
L2-1,2.81932,41.99716,409
L2-1,2.81931,41.99735,410
L2-1,2.8193,41.99755,411
L2-1,2.81928,41.99766,412
L2-1,2.81926,41.99776,413
L2-1,2.81924,41.99784,414
L2-1,2.81921,41.99792,415
L2-1,2.81916,41.99807,416
L2-1,2.81912,41.99814,417
L2-1,2.81909,41.99822,418
L2-1,2.81903,41.99832,419
L2-1,2.81903,41.99834,420
L2-1,2.81894,41.99847,421
L2-1,2.81886,41.99859,422
L2-1,2.81876,41.99871,423
L2-1,2.81865,41.99884,424
L2-1,2.81856,41.99893,425
L2-1,2.81845,41.99903,426
L2-1,2.81832,41.99915,427
L2-1,2.81813,41.99932,428
L2-1,2.81795,41.99947,429
L2-1,2.81793,41.99951,430
L2-1,2.81792,41.99954,431
L2-1,2.8179,41.99956,432
L2-1,2.8179,41.99957,433
L5-501,2.78232,41.94016,2
L5-501,2.78136,41.94096,3
L5-501,2.78071,41.9415,4
L5-501,2.78053,41.94165,5
L5-501,2.7797,41.94233,6
L5-501,2.77996,41.94255,7
L5-501,2.78031,41.94278,8
L5-501,2.78128,41.94343,9
L5-501,2.78129,41.94344,10
L5-501,2.78154,41.94362,11
L5-501,2.78186,41.94384,12
L5-501,2.78209,41.94402,13
L5-501,2.78223,41.94416,14
L5-501,2.78241,41.94433,15
L5-501,2.78375,41.94524,16
L5-501,2.78395,41.94532,17
L5-501,2.7844,41.94547,18
L5-501,2.78517,41.94571,19
L5-501,2.78521,41.94573,20
L5-501,2.78527,41.94575,21
L5-501,2.78536,41.9458,22
L5-501,2.78549,41.94588,23
L5-501,2.78558,41.94594,24
L5-501,2.78563,41.94598,25
L5-501,2.78567,41.946,26
L5-501,2.78601,41.94597,27
L5-501,2.7863,41.94595,28
L5-501,2.78674,41.94593,29
L5-501,2.78701,41.94589,30
L5-501,2.78709,41.94587,31
L5-501,2.78716,41.94586,32
L5-501,2.78717,41.94585,33
L5-501,2.78725,41.94583,34
L5-501,2.78729,41.94582,35
L5-501,2.78732,41.9458,36
L5-501,2.78735,41.94578,37
L5-501,2.78736,41.94575,38
L5-501,2.78738,41.94571,39
L5-501,2.78736,41.94565,40
L5-501,2.78734,41.9456,41
L5-501,2.78733,41.94554,42
L5-501,2.78732,41.94546,43
L5-501,2.78732,41.94542,44
L5-501,2.78734,41.94532,45
L5-501,2.78734,41.9453,46
L5-501,2.78734,41.9451,47
L5-501,2.78735,41.94509,48
L5-501,2.78746,41.94478,49
L5-501,2.78755,41.94446,50
L5-501,2.78769,41.94398,51
L5-501,2.78784,41.94345,52
L5-501,2.78794,41.94326,53
L5-501,2.78795,41.94325,54
L5-501,2.78797,41.94325,55
L5-501,2.78799,41.94325,56
L5-501,2.788,41.94324,57
L5-501,2.78802,41.94323,58
L5-501,2.78803,41.94323,59
L5-501,2.78804,41.94322,60
L5-501,2.78806,41.94321,61
L5-501,2.78807,41.9432,62
L5-501,2.78808,41.94319,63
L5-501,2.78809,41.94318,64
L5-501,2.7881,41.94317,65
L5-501,2.7881,41.94316,66
L5-501,2.78811,41.94315,67
L5-501,2.78812,41.94313,68
L5-501,2.78812,41.94312,69
L5-501,2.78812,41.94311,70
L5-501,2.78812,41.9431,71
L5-501,2.78812,41.94308,72
L5-501,2.78812,41.94307,73
L5-501,2.78812,41.94306,74
L5-501,2.78811,41.94305,75
L5-501,2.78811,41.94303,76
L5-501,2.7881,41.94302,77
L5-501,2.7881,41.94301,78
L5-501,2.78809,41.943,79
L5-501,2.78808,41.94299,80
L5-501,2.78807,41.94298,81
L5-501,2.78806,41.94297,82
L5-501,2.78803,41.94296,83
L5-501,2.78802,41.94295,84
L5-501,2.788,41.94294,85
L5-501,2.78799,41.94294,86
L5-501,2.78797,41.94293,87
L5-501,2.78796,41.94293,88
L5-501,2.78794,41.94293,89
L5-501,2.78792,41.94292,90
L5-501,2.78791,41.94292,91
L5-501,2.78789,41.94292,92
L5-501,2.78787,41.94292,93
L5-501,2.78786,41.94292,94
L5-501,2.78784,41.94293,95
L5-501,2.78782,41.94293,96
L5-501,2.78781,41.94294,97
L5-501,2.78779,41.94294,98
L5-501,2.78778,41.94295,99
L5-501,2.78777,41.94295,100
L5-501,2.78775,41.94296,101
L5-501,2.78774,41.94297,102
L5-501,2.78773,41.94297,103
L5-501,2.78772,41.94298,104
L5-501,2.78771,41.94299,105
L5-501,2.7877,41.943,106
L5-501,2.7877,41.94301,107
L5-501,2.78769,41.94302,108
L5-501,2.78768,41.94304,109
L5-501,2.78768,41.94305,110
L5-501,2.78767,41.94306,111
L5-501,2.78767,41.94307,112
L5-501,2.78767,41.94309,113
L5-501,2.78767,41.9431,114
L5-501,2.78767,41.94311,115
L5-501,2.78767,41.94312,116
L5-501,2.78768,41.94314,117
L5-501,2.78768,41.94315,118
L5-501,2.78769,41.94316,119
L5-501,2.7877,41.94317,120
L5-501,2.7877,41.94318,121
L5-501,2.78771,41.94319,122
L5-501,2.78773,41.9432,123
L5-501,2.78774,41.94321,124
L5-501,2.78775,41.94322,125
L5-501,2.78776,41.94323,126
L5-501,2.78778,41.94323,127
L5-501,2.78779,41.94325,128
L5-501,2.78784,41.94345,129
L5-501,2.78769,41.94398,130
L5-501,2.78755,41.94446,131
L5-501,2.78746,41.94478,132
L5-501,2.78735,41.94509,133
L5-501,2.78734,41.9451,134
L5-501,2.78734,41.9453,135
L5-501,2.78734,41.94532,136
L5-501,2.78732,41.94542,137
L5-501,2.78732,41.94546,138
L5-501,2.78733,41.94554,139
L5-501,2.78734,41.9456,140
L5-501,2.78736,41.94565,141
L5-501,2.78738,41.94571,142
L5-501,2.78741,41.94577,143
L5-501,2.78745,41.94584,144
L5-501,2.78752,41.94593,145
L5-501,2.78757,41.94599,146
L5-501,2.78764,41.94605,147
L5-501,2.78781,41.94616,148
L5-501,2.78796,41.94625,149
L5-501,2.78804,41.94629,150
L5-501,2.78822,41.94637,151
L5-501,2.78838,41.94642,152
L5-501,2.78851,41.94646,153
L5-501,2.78864,41.9465,154
L5-501,2.78879,41.94654,155
L5-501,2.78889,41.94657,156
L5-501,2.78927,41.94671,157
L5-501,2.78936,41.94674,158
L5-501,2.7896,41.94688,159
L5-501,2.78985,41.94708,160
L5-501,2.78999,41.94721,161
L5-501,2.79174,41.94899,162
L5-501,2.79201,41.94924,163
L5-501,2.79295,41.95015,164
L5-501,2.79304,41.95014,165
L5-501,2.79305,41.95014,166
L5-501,2.79306,41.95015,167
L5-501,2.79307,41.95015,168
L5-501,2.7931,41.95018,169
L5-501,2.79311,41.95019,170
L5-501,2.79316,41.95025,171
L5-501,2.79326,41.95034,172
L5-501,2.7934,41.95048,173
L5-501,2.79374,41.95081,174
L5-501,2.79485,41.95193,175
L5-501,2.79488,41.95198,176
L5-501,2.7949,41.95203,177
L5-501,2.7949,41.95209,178
L5-501,2.79503,41.95224,179
L5-501,2.79513,41.9523,180
L5-501,2.79522,41.95236,181
L5-501,2.79524,41.95235,182
L5-501,2.79526,41.95235,183
L5-501,2.79529,41.95234,184
L5-501,2.79531,41.95234,185
L5-501,2.79534,41.95233,186
L5-501,2.79537,41.95233,187
L5-501,2.79539,41.95234,188
L5-501,2.79542,41.95234,189
L5-501,2.79544,41.95234,190
L5-501,2.79547,41.95235,191
L5-501,2.79549,41.95236,192
L5-501,2.79552,41.95237,193
L5-501,2.79553,41.95238,194
L5-501,2.79555,41.95239,195
L5-501,2.79556,41.9524,196
L5-501,2.79557,41.95241,197
L5-501,2.79558,41.95242,198
L5-501,2.79559,41.95243,199
L5-501,2.7956,41.95244,200
L5-501,2.79561,41.95245,201
L5-501,2.79562,41.95247,202
L5-501,2.79562,41.95248,203
L5-501,2.79563,41.9525,204
L5-501,2.79564,41.95252,205
L5-501,2.79564,41.95254,206
L5-501,2.79564,41.95256,207
L5-501,2.79564,41.95257,208
L5-501,2.79563,41.95259,209
L5-501,2.79562,41.95261,210
L5-501,2.79561,41.95263,211
L5-501,2.7956,41.95265,212
L5-501,2.79558,41.95267,213
L5-501,2.79564,41.95284,214
L5-501,2.79569,41.95288,215
L5-501,2.79577,41.95297,216
L5-501,2.79584,41.95298,217
L5-501,2.79588,41.953,218
L5-501,2.79592,41.95303,219
L5-501,2.79599,41.95306,220
L5-501,2.79611,41.95318,221
L5-501,2.79616,41.95325,222
L5-501,2.79625,41.95333,223
L5-501,2.79648,41.95354,224
L5-501,2.7967,41.95377,225
L5-501,2.79673,41.95379,226
L5-501,2.79692,41.95399,227
L5-501,2.79713,41.95419,228
L5-501,2.79716,41.95422,229
L5-501,2.79733,41.9544,230
L5-501,2.79739,41.95445,231
L5-501,2.79755,41.95461,232
L5-501,2.79762,41.95468,233
L5-501,2.79787,41.95495,234
L5-501,2.79793,41.95501,235
L5-501,2.79814,41.95521,236
L5-501,2.79817,41.95524,237
L5-501,2.79852,41.95558,238
L5-501,2.79872,41.95578,239
L5-501,2.79879,41.95587,240
L5-501,2.79881,41.95591,241
L5-501,2.79882,41.95594,242
L5-501,2.79882,41.95602,243
L5-501,2.79885,41.95605,244
L5-501,2.79906,41.95617,245
L5-501,2.79907,41.95617,246
L5-501,2.79908,41.95617,247
L5-501,2.79909,41.95616,248
L5-501,2.7991,41.95616,249
L5-501,2.79911,41.95616,250
L5-501,2.79913,41.95616,251
L5-501,2.79915,41.95616,252
L5-501,2.79917,41.95616,253
L5-501,2.79919,41.95615,254
L5-501,2.7992,41.95615,255
L5-501,2.79922,41.95615,256
L5-501,2.79923,41.95615,257
L5-501,2.79925,41.95615,258
L5-501,2.79926,41.95616,259
L5-501,2.79928,41.95616,260
L5-501,2.79929,41.95616,261
L5-501,2.7993,41.95617,262
L5-501,2.79931,41.95618,263
L5-501,2.79939,41.95625,264
L5-501,2.7994,41.95626,265
L5-501,2.79942,41.95628,266
L5-501,2.79942,41.9563,267
L5-501,2.79943,41.95632,268
L5-501,2.79943,41.95634,269
L5-501,2.79943,41.95636,270
L5-501,2.79942,41.95638,271
L5-501,2.79941,41.95641,272
L5-501,2.79941,41.95642,273
L5-501,2.79941,41.95643,274
L5-501,2.7994,41.95644,275
L5-501,2.7994,41.95645,276
L5-501,2.79939,41.95646,277
L5-501,2.79939,41.95647,278
L5-501,2.79938,41.95648,279
L5-501,2.79946,41.95663,280
L5-501,2.79954,41.9567,281
L5-501,2.79955,41.95671,282
L5-501,2.79982,41.95696,283
L5-501,2.80006,41.95721,284
L5-501,2.8003,41.95745,285
L5-501,2.80031,41.95746,286
L5-501,2.80043,41.95757,287
L5-501,2.8006,41.95766,288
L5-501,2.80063,41.95765,289
L5-501,2.80066,41.95765,290
L5-501,2.80069,41.95764,291
L5-501,2.80072,41.95764,292
L5-501,2.80074,41.95764,293
L5-501,2.80077,41.95764,294
L5-501,2.8008,41.95765,295
L5-501,2.80083,41.95765,296
L5-501,2.80086,41.95767,297
L5-501,2.8009,41.95768,298
L5-501,2.80093,41.95771,299
L5-501,2.80096,41.95773,300
L5-501,2.80098,41.95775,301
L5-501,2.801,41.95778,302
L5-501,2.80101,41.95781,303
L5-501,2.80102,41.95784,304
L5-501,2.80102,41.95786,305
L5-501,2.80102,41.95787,306
L5-501,2.80102,41.95789,307
L5-501,2.80102,41.95791,308
L5-501,2.80101,41.95792,309
L5-501,2.80101,41.95794,310
L5-501,2.801,41.95796,311
L5-501,2.80099,41.95797,312
L5-501,2.80098,41.95798,313
L5-501,2.80098,41.95799,314
L5-501,2.80097,41.95799,315
L5-501,2.80096,41.958,316
L5-501,2.80096,41.95801,317
L5-501,2.80095,41.95801,318
L5-501,2.80094,41.95802,319
L5-501,2.80094,41.95803,320
L5-501,2.80101,41.9581,321
L5-501,2.8011,41.9582,322
L5-501,2.80113,41.95827,323
L5-501,2.80148,41.95862,324
L5-501,2.80168,41.95882,325
L5-501,2.80172,41.95886,326
L5-501,2.80193,41.95906,327
L5-501,2.80197,41.9591,328
L5-501,2.80205,41.95918,329
L5-501,2.80219,41.95932,330
L5-501,2.80232,41.95946,331
L5-501,2.80243,41.95957,332
L5-501,2.80244,41.95956,333
L5-501,2.80245,41.95956,334
L5-501,2.80246,41.95955,335
L5-501,2.80247,41.95955,336
L5-501,2.80248,41.95954,337
L5-501,2.80249,41.95954,338
L5-501,2.8025,41.95953,339
L5-501,2.80251,41.95953,340
L5-501,2.80253,41.95952,341
L5-501,2.80255,41.95951,342
L5-501,2.80257,41.95951,343
L5-501,2.80259,41.9595,344
L5-501,2.80261,41.9595,345
L5-501,2.80263,41.95949,346
L5-501,2.80265,41.95949,347
L5-501,2.80267,41.95949,348
L5-501,2.80277,41.9595,349
L5-501,2.80282,41.95952,350
L5-501,2.80287,41.95954,351
L5-501,2.80288,41.95954,352
L5-501,2.80292,41.95957,353
L5-501,2.80296,41.9596,354
L5-501,2.80297,41.9596,355
L5-501,2.803,41.95963,356
L5-501,2.80302,41.95967,357
L5-501,2.80304,41.95971,358
L5-501,2.80305,41.95975,359
L5-501,2.80305,41.95979,360
L5-501,2.80305,41.95983,361
L5-501,2.80304,41.95986,362
L5-501,2.80303,41.95989,363
L5-501,2.80301,41.95993,364
L5-501,2.80299,41.95996,365
L5-501,2.80296,41.95999,366
L5-501,2.80294,41.96002,367
L5-501,2.8029,41.96004,368
L5-501,2.80302,41.96018,369
L5-501,2.8032,41.96025,370
L5-501,2.80336,41.96035,371
L5-501,2.80347,41.96044,372
L5-501,2.80352,41.96048,373
L5-501,2.80414,41.9611,374
L5-501,2.80607,41.963,375
L5-501,2.80679,41.96372,376
L5-501,2.80712,41.96405,377
L5-501,2.80754,41.96455,378
L5-501,2.80795,41.96512,379
L5-501,2.808,41.96514,380
L5-501,2.80805,41.96515,381
L5-501,2.80809,41.96517,382
L5-501,2.80813,41.9652,383
L5-501,2.80818,41.96524,384
L5-501,2.80821,41.96528,385
L5-501,2.80823,41.96532,386
L5-501,2.80825,41.96536,387
L5-501,2.80826,41.9654,388
L5-501,2.80826,41.96544,389
L5-501,2.80825,41.96548,390
L5-501,2.80824,41.96552,391
L5-501,2.80821,41.96556,392
L5-501,2.80819,41.96559,393
L5-501,2.80817,41.96562,394
L5-501,2.80813,41.96564,395
L5-501,2.8081,41.96566,396
L5-501,2.80806,41.96568,397
L5-501,2.80802,41.9657,398
L5-501,2.80798,41.96571,399
L5-501,2.80794,41.96572,400
L5-501,2.80795,41.9659,401
L5-501,2.80796,41.96607,402
L5-501,2.80796,41.96624,403
L5-501,2.80796,41.96625,404
L5-501,2.80796,41.96625,405
L5-501,2.80786,41.96712,406
L5-501,2.80783,41.96745,407
L5-501,2.807929,41.968077,408
L5-501,2.807976,41.968294,409
L5-501,2.808092,41.968684,410
L5-501,2.808279,41.969271,411
L5-501,2.808528,41.970032,412
L5-501,2.808709,41.970561,413
L5-501,2.808721,41.970909,414
L5-501,2.808771,41.970909,415
L5-501,2.808953,41.970991,416
L5-501,2.80902,41.97117,417
L5-501,2.80901,41.9712,418
L5-501,2.809,41.97122,419
L5-501,2.80899,41.97124,420
L5-501,2.80897,41.97125,421
L5-501,2.80896,41.97127,422
L5-501,2.80894,41.97128,423
L5-501,2.80892,41.9713,424
L5-501,2.8089,41.97131,425
L5-501,2.80887,41.97132,426
L5-501,2.80887,41.97228,427
L5-501,2.80887,41.97282,428
L5-501,2.80888,41.97294,429
L5-501,2.80889,41.97322,430
L5-501,2.80961,41.97301,431
L5-501,2.80966,41.97299,432
L5-501,2.80979,41.97295,433
L5-501,2.80983,41.97301,434
L5-501,2.80985,41.97304,435
L5-501,2.80987,41.97306,436
L5-501,2.80995,41.9731,437
L5-501,2.81013,41.97319,438
L5-501,2.81016,41.97326,439
L5-501,2.81017,41.9733,440
L5-501,2.81027,41.97358,441
L5-501,2.81032,41.97368,442
L5-501,2.81036,41.97379,443
L5-501,2.81045,41.97398,444
L5-501,2.8104,41.97404,445
L5-501,2.81011,41.9745,446
L5-501,2.8101,41.9745,447
L5-501,2.81002,41.97457,448
L5-501,2.80997,41.97464,449
L5-501,2.80982,41.9748,450
L5-501,2.80975,41.97491,451
L5-501,2.80974,41.975,452
L5-501,2.80973,41.97507,453
L5-501,2.80972,41.97511,454
L5-501,2.80973,41.97515,455
L5-501,2.80973,41.9752,456
L5-501,2.80976,41.97529,457
L5-501,2.80979,41.97537,458
L5-501,2.80979,41.97538,459
L5-501,2.80985,41.9755,460
L5-501,2.80994,41.9756,461
L5-501,2.80997,41.97562,462
L5-501,2.81003,41.97568,463
L5-501,2.81016,41.97576,464
L5-501,2.81022,41.97579,465
L5-501,2.81034,41.97584,466
L5-501,2.81037,41.9758,467
L5-501,2.81052,41.97561,468
L5-501,2.81065,41.97542,469
L5-501,2.81068,41.97538,470
L5-501,2.81086,41.97513,471
L5-501,2.81104,41.9749,472
L5-501,2.81179,41.9752,473
L5-501,2.81198,41.97528,474
L5-501,2.8118,41.97554,475
L5-501,2.81265,41.97587,476
L5-501,2.81273,41.9759,477
L5-501,2.81282,41.97594,478
L5-501,2.81296,41.976,479
L5-501,2.81317,41.97609,480
L5-501,2.81318,41.97608,481
L5-501,2.81318,41.97607,482
L5-501,2.81319,41.97607,483
L5-501,2.8132,41.97607,484
L5-501,2.8132,41.97606,485
L5-501,2.81321,41.97606,486
L5-501,2.81322,41.97606,487
L5-501,2.81323,41.97606,488
L5-501,2.81324,41.97606,489
L5-501,2.81325,41.97606,490
L5-501,2.81326,41.97606,491
L5-501,2.81327,41.97606,492
L5-501,2.81327,41.97607,493
L5-501,2.81328,41.97607,494
L5-501,2.81329,41.97607,495
L5-501,2.81329,41.97608,496
L5-501,2.8133,41.97608,497
L5-501,2.8133,41.97609,498
L5-501,2.8133,41.9761,499
L5-501,2.8133,41.97611,500
L5-501,2.8133,41.97612,501
L5-501,2.8133,41.97613,502
L5-501,2.81329,41.97613,503
L5-501,2.81329,41.97614,504
L5-501,2.81328,41.97614,505
L5-501,2.81328,41.97615,506
L5-501,2.81327,41.97615,507
L5-501,2.81326,41.97615,508
L5-501,2.81325,41.97616,509
L5-501,2.81324,41.97616,510
L5-501,2.81323,41.97616,511
L5-501,2.81322,41.97616,512
L5-501,2.81328,41.97637,513
L5-501,2.81329,41.97639,514
L5-501,2.81334,41.97655,515
L5-501,2.81338,41.97663,516
L5-501,2.81343,41.9768,517
L5-501,2.81348,41.97695,518
L5-501,2.8137,41.97759,519
L5-501,2.81374,41.97772,520
L5-501,2.81375,41.97774,521
L5-501,2.81377,41.9778,522
L5-501,2.81399,41.97835,523
L5-501,2.81408,41.97858,524
L5-501,2.81413,41.97869,525
L5-501,2.81413,41.97878,526
L5-501,2.81411,41.97888,527
L5-501,2.81409,41.97892,528
L5-501,2.81404,41.97901,529
L5-501,2.81399,41.97907,530
L5-501,2.81395,41.97913,531
L5-501,2.81388,41.97924,532
L5-501,2.81377,41.97942,533
L5-501,2.81373,41.97948,534
L5-501,2.81333,41.98,535
L5-501,2.81357,41.9801,536
L5-501,2.81416,41.98035,537
L5-501,2.81427,41.98039,538
L5-501,2.81505,41.98073,539
L5-501,2.8154,41.98086,540
L5-501,2.8156,41.98094,541
L5-501,2.81569,41.98092,542
L5-501,2.81577,41.9809,543
L5-501,2.81589,41.98087,544
L5-501,2.81606,41.98082,545
L5-501,2.8162,41.98073,546
L5-501,2.81625,41.9807,547
L5-501,2.81633,41.98069,548
L5-501,2.81639,41.98068,549
L5-501,2.81646,41.98069,550
L5-501,2.81711,41.98088,551
L5-501,2.81728,41.98091,552
L5-501,2.81742,41.98094,553
L5-501,2.81752,41.98095,554
L5-501,2.81778,41.98088,555
L5-501,2.81787,41.98086,556
L5-501,2.81869,41.9807,557
L5-501,2.81928,41.9804,558
L5-501,2.81958,41.98024,559
L5-501,2.81972,41.98017,560
L5-501,2.81992,41.98007,561
L5-501,2.82013,41.97996,562
L5-501,2.82051,41.97977,563
L5-501,2.82093,41.97956,564
L5-501,2.82119,41.97942,565
L5-501,2.82124,41.97947,566
L5-501,2.82153,41.97977,567
L5-501,2.82181,41.98007,568
L5-501,2.82161,41.98019,569
L5-501,2.82096,41.98056,570
L5-501,2.82088,41.98061,571
L5-501,2.82076,41.98067,572
L5-501,2.82062,41.98077,573
L5-501,2.82049,41.98086,574
L5-501,2.82046,41.98089,575
L5-501,2.82046,41.9809,576
L5-501,2.82039,41.98097,577
L5-501,2.82035,41.98103,578
L5-501,2.82028,41.98117,579
L5-501,2.82024,41.98125,580
L5-501,2.82018,41.98139,581
L5-501,2.82014,41.9815,582
L5-501,2.82006,41.98175,583
L5-501,2.81991,41.98234,584
L5-501,2.81989,41.98244,585
L5-501,2.81986,41.9826,586
L5-501,2.81984,41.98268,587
L5-501,2.81983,41.98272,588
L5-501,2.81978,41.98301,589
L5-501,2.81976,41.98315,590
L5-501,2.81975,41.9832,591
L5-501,2.81974,41.9833,592
L5-501,2.81972,41.98344,593
L5-501,2.81973,41.98352,594
L5-501,2.81977,41.98361,595
L5-501,2.82038,41.98426,596
L5-501,2.82054,41.98443,597
L5-501,2.82055,41.98444,598
L5-501,2.82061,41.98449,599
L5-501,2.82072,41.98458,600
L5-501,2.821,41.98481,601
L5-501,2.82112,41.98491,602
L5-501,2.82134,41.98509,603
L5-501,2.82136,41.98512,604
L5-501,2.82142,41.98515,605
L5-501,2.82212,41.98565,606
L5-501,2.82212,41.98566,607
L5-501,2.82222,41.98569,608
L5-501,2.82237,41.98579,609
L5-501,2.82246,41.98585,610
L5-501,2.82251,41.98589,611
L5-501,2.82257,41.98595,612
L5-501,2.82259,41.98596,613
L5-501,2.8226,41.98596,614
L5-501,2.82261,41.98596,615
L5-501,2.82262,41.98596,616
L5-501,2.82262,41.98597,617
L5-501,2.82263,41.98597,618
L5-501,2.82264,41.98597,619
L5-501,2.82265,41.98598,620
L5-501,2.82266,41.98598,621
L5-501,2.82266,41.98599,622
L5-501,2.82267,41.98599,623
L5-501,2.82267,41.986,624
L5-501,2.82268,41.986,625
L5-501,2.82268,41.98601,626
L5-501,2.82269,41.98601,627
L5-501,2.82269,41.98602,628
L5-501,2.82269,41.98603,629
L5-501,2.8227,41.98603,630
L5-501,2.8227,41.98604,631
L5-501,2.8227,41.98605,632
L5-501,2.8227,41.98606,633
L5-501,2.8227,41.98607,634
L5-501,2.8227,41.98608,635
L5-501,2.8227,41.98609,636
L5-501,2.82269,41.9861,637
L5-501,2.82269,41.98611,638
L5-501,2.82268,41.98611,639
L5-501,2.82268,41.98612,640
L5-501,2.82267,41.98613,641
L5-501,2.82266,41.98614,642
L5-501,2.82265,41.98614,643
L5-501,2.82265,41.98615,644
L5-501,2.82264,41.98615,645
L5-501,2.82263,41.98615,646
L5-501,2.82262,41.98616,647
L5-501,2.82261,41.98616,648
L5-501,2.8226,41.98616,649
L5-501,2.82259,41.98617,650
L5-501,2.82258,41.98617,651
L5-501,2.82257,41.98617,652
L5-501,2.82256,41.98617,653
L5-501,2.82255,41.98617,654
L5-501,2.82254,41.98617,655
L5-501,2.82253,41.98617,656
L5-501,2.82242,41.98622,657
L5-501,2.82197,41.98646,658
L5-501,2.82193,41.98648,659
L5-501,2.82183,41.98653,660
L5-501,2.82164,41.9866,661
L5-501,2.82159,41.98662,662
L5-501,2.82164,41.98668,663
L5-501,2.82168,41.98675,664
L5-501,2.82173,41.98686,665
L5-501,2.8217,41.98692,666
L5-501,2.82166,41.98695,667
L5-501,2.82164,41.98697,668
L5-501,2.82161,41.98699,669
L5-501,2.82158,41.98701,670
L5-501,2.82154,41.98703,671
L5-501,2.82159,41.98722,672
L5-501,2.82192,41.98755,673
L5-501,2.8221,41.98771,674
L5-501,2.82234,41.98799,675
L5-501,2.82236,41.98808,676
L5-501,2.82238,41.9882,677
L5-501,2.82237,41.98836,678
L5-501,2.82235,41.9885,679
L5-501,2.82231,41.98863,680
L5-501,2.82228,41.9888,681
L5-501,2.82228,41.9889,682
L5-501,2.82229,41.98899,683
L5-501,2.82232,41.98899,684
L5-501,2.82236,41.989,685
L5-501,2.82239,41.98901,686
L5-501,2.82242,41.98903,687
L5-501,2.82245,41.98904,688
L5-501,2.82247,41.98906,689
L5-501,2.8225,41.98908,690
L5-501,2.82252,41.9891,691
L5-501,2.82252,41.98911,692
L5-501,2.82253,41.98911,693
L5-501,2.82253,41.98912,694
L5-501,2.82254,41.98912,695
L5-501,2.82254,41.98913,696
L5-501,2.82255,41.98914,697
L5-501,2.82256,41.98917,698
L5-501,2.82257,41.9892,699
L5-501,2.82258,41.98923,700
L5-501,2.82259,41.98926,701
L5-501,2.82259,41.98929,702
L5-501,2.82259,41.98932,703
L5-501,2.82258,41.98935,704
L5-501,2.82257,41.98938,705
L5-501,2.82257,41.98939,706
L5-501,2.82256,41.9894,707
L5-501,2.82255,41.98941,708
L5-501,2.82255,41.98942,709
L5-501,2.82254,41.98943,710
L5-501,2.82253,41.98944,711
L5-501,2.82253,41.98945,712
L5-501,2.82252,41.98945,713
L5-501,2.82251,41.98946,714
L5-501,2.8225,41.98947,715
L5-501,2.8225,41.98948,716
L5-501,2.82249,41.98948,717
L5-501,2.82248,41.98949,718
L5-501,2.82242,41.98953,719
L5-501,2.82237,41.98955,720
L5-501,2.82232,41.98957,721
L5-501,2.82226,41.98958,722
L5-501,2.82221,41.98958,723
L5-501,2.82215,41.98958,724
L5-501,2.82209,41.98957,725
L5-501,2.82204,41.98956,726
L5-501,2.82199,41.98954,727
L5-501,2.82081,41.99008,728
L5-501,2.82077,41.99022,729
L5-501,2.82067,41.9905,730
L5-501,2.82052,41.99088,731
L5-501,2.82047,41.99102,732
L5-501,2.82039,41.99124,733
L5-501,2.82011,41.99204,734
L5-501,2.81997,41.99242,735
L5-501,2.81996,41.99244,736
L5-501,2.81993,41.99251,737
L5-501,2.81993,41.99252,738
L5-501,2.81992,41.99255,739
L5-501,2.8199,41.99259,740
L5-501,2.81977,41.99296,741
L5-501,2.81973,41.99309,742
L5-501,2.8197,41.99317,743
L5-501,2.81966,41.99327,744
L5-501,2.8196,41.99345,745
L5-501,2.81958,41.99353,746
L5-501,2.81955,41.99363,747
L5-501,2.81958,41.99363,748
L5-501,2.81969,41.99364,749
L5-501,2.81958,41.99363,750
L5-501,2.81955,41.99363,751
L5-501,2.81953,41.99371,752
L5-501,2.8195,41.99381,753
L5-501,2.81947,41.99399,754
L5-501,2.81945,41.99416,755
L5-501,2.81944,41.99424,756
L5-501,2.81942,41.99436,757
L5-501,2.81942,41.99449,758
L5-501,2.81941,41.99462,759
L5-501,2.81938,41.99465,760
L5-501,2.81935,41.99471,761
L5-501,2.81931,41.99479,762
L5-501,2.81927,41.99482,763
L5-501,2.81921,41.99485,764
L5-501,2.81918,41.99485,765
L5-501,2.81912,41.99484,766
L5-501,2.81908,41.99482,767
L5-501,2.81905,41.9948,768
L5-501,2.81898,41.99474,769
L5-501,2.81892,41.99455,770
L5-501,2.8188,41.99405,771
L5-501,2.81873,41.99379,772
L5-501,2.81866,41.99351,773
L5-501,2.81862,41.9933,774
L5-501,2.81861,41.99327,775
L5-501,2.81842,41.99249,776
L5-501,2.81831,41.99232,777
L5-501,2.8183,41.99232,778
L5-501,2.81829,41.99232,779
L5-501,2.81828,41.99232,780
L5-501,2.81827,41.99232,781
L5-501,2.81826,41.99232,782
L5-501,2.81825,41.99232,783
L5-501,2.81824,41.99232,784
L5-501,2.81823,41.99232,785
L5-501,2.81822,41.99232,786
L5-501,2.81821,41.99231,787
L5-501,2.8182,41.99231,788
L5-501,2.81819,41.99231,789
L5-501,2.81818,41.9923,790
L5-501,2.81817,41.9923,791
L5-501,2.81816,41.99229,792
L5-501,2.81759,41.99226,793
L5-501,2.81751,41.99227,794
L5-501,2.81712,41.99227,795
L5-501,2.81704,41.99227,796
L5-501,2.81693,41.99227,797
L5-501,2.81645,41.99227,798
L5-501,2.81559,41.9923,799
L5-501,2.81483,41.99231,800
L5-501,2.81479,41.99231,801
L5-501,2.81472,41.99231,802
L5-501,2.81385,41.99232,803
L5-501,2.81299,41.99236,804
L5-501,2.81244,41.99237,805
L5-501,2.81198,41.99236,806
L5-501,2.81197,41.99237,807
L5-501,2.81197,41.99238,808
L5-501,2.81197,41.99239,809
L5-501,2.81196,41.99239,810
L5-501,2.81196,41.9924,811
L5-501,2.81195,41.99241,812
L5-501,2.81195,41.99242,813
L5-501,2.81194,41.99243,814
L5-501,2.8119,41.99247,815
L5-501,2.81188,41.99248,816
L5-501,2.81185,41.9925,817
L5-501,2.81182,41.99251,818
L5-501,2.81179,41.99252,819
L5-501,2.81176,41.99253,820
L5-501,2.81173,41.99254,821
L5-501,2.81169,41.99254,822
L5-501,2.81159,41.99252,823
L5-501,2.81153,41.9925,824
L5-501,2.81151,41.99249,825
L5-501,2.81148,41.99248,826
L5-501,2.81144,41.99245,827
L5-501,2.81139,41.9924,828
L5-501,2.81134,41.99237,829
L5-501,2.81131,41.99235,830
L5-501,2.81125,41.99233,831
L5-501,2.81121,41.99231,832
L5-501,2.81111,41.99228,833
L5-501,2.81102,41.99227,834
L5-501,2.81078,41.99226,835
L5-501,2.81069,41.99226,836
L5-501,2.81061,41.99226,837
L5-501,2.8102,41.99226,838
L5-501,2.80984,41.99227,839
L5-501,2.80956,41.99226,840
L5-501,2.80949,41.99227,841
L5-501,2.80944,41.99228,842
L5-501,2.80938,41.9923,843
L5-501,2.80933,41.99231,844
L5-501,2.80929,41.99232,845
L5-501,2.80926,41.99234,846
L5-501,2.80923,41.99236,847
L5-501,2.8092,41.99239,848
L5-501,2.80919,41.9924,849
L5-501,2.80918,41.99241,850
L5-501,2.80916,41.99242,851
L5-501,2.80915,41.99243,852
L5-501,2.80913,41.99244,853
L5-501,2.80911,41.99244,854
L5-501,2.8091,41.99245,855
L5-501,2.80908,41.99245,856
L5-501,2.80906,41.99246,857
L5-501,2.80904,41.99246,858
L5-501,2.80899,41.99251,859
L5-501,2.80896,41.99254,860
L5-501,2.80892,41.99257,861
L5-501,2.80889,41.99262,862
L5-501,2.80886,41.99267,863
L5-501,2.80884,41.99269,864
L5-501,2.80884,41.9927,865
L5-501,2.80878,41.99286,866
L5-501,2.80864,41.99322,867
L5-501,2.80862,41.99326,868
L5-501,2.80856,41.99345,869
L5-501,2.80854,41.99349,870
L5-501,2.8084,41.9937,871
L5-501,2.80836,41.99376,872
L5-501,2.80828,41.99384,873
L5-501,2.80824,41.99387,874
L5-501,2.80817,41.99391,875
L5-501,2.80807,41.99397,876
L5-501,2.80801,41.99399,877
L5-501,2.80791,41.99403,878
L5-501,2.80785,41.99404,879
L5-501,2.80779,41.99406,880
L5-501,2.80772,41.99407,881
L5-501,2.80749,41.99408,882
L5-501,2.80735,41.99409,883
L5-501,2.80729,41.9941,884
L5-501,2.80719,41.99405,885
L5-501,2.80653,41.99369,886
L5-501,2.80589,41.99334,887
L5-501,2.80563,41.9932,888
L5-501,2.80535,41.99303,889
L5-501,2.80519,41.99294,890
L5-501,2.805,41.99282,891
L5-501,2.80469,41.99265,892
L5-501,2.80449,41.99254,893
L5-501,2.80438,41.9925,894
L5-501,2.80431,41.99248,895
L5-501,2.80415,41.99243,896
L5-501,2.80338,41.99231,897
L5-501,2.80262,41.99219,898
L5-501,2.80187,41.99205,899
L5-501,2.80148,41.99334,900
L5-501,2.80149,41.99335,901
L5-501,2.8015,41.99336,902
L5-501,2.80151,41.99337,903
L5-501,2.80152,41.99338,904
L5-501,2.80153,41.99339,905
L5-501,2.80154,41.9934,906
L5-501,2.80155,41.99341,907
L5-501,2.80155,41.99342,908
L5-501,2.80156,41.99344,909
L5-501,2.80156,41.99345,910
L5-501,2.80156,41.99346,911
L5-501,2.80156,41.99347,912
L5-501,2.80156,41.99349,913
L5-501,2.80156,41.9935,914
L5-501,2.80156,41.99351,915
L5-501,2.80155,41.99353,916
L5-501,2.80155,41.99354,917
L5-501,2.80154,41.99355,918
L5-501,2.80153,41.99356,919
L5-501,2.80152,41.99357,920
L5-501,2.80184,41.99403,921
L5-501,2.80194,41.99417,922
L5-501,2.80196,41.99417,923
L5-501,2.80204,41.99416,924
L5-501,2.80214,41.99415,925
L5-501,2.80225,41.99416,926
L5-501,2.80232,41.99417,927
L5-501,2.8024,41.9942,928
L5-501,2.80249,41.99423,929
L5-501,2.80256,41.99427,930
L5-501,2.80262,41.99431,931
L5-501,2.80268,41.99436,932
L5-501,2.80274,41.99444,933
L5-501,2.80279,41.99455,934
L5-501,2.80284,41.99469,935
L5-501,2.80328,41.99463,936
L5-501,2.8034,41.99462,937
L5-501,2.80361,41.99459,938
L5-501,2.80374,41.99457,939
L5-501,2.8038,41.99456,940
L5-501,2.80402,41.99453,941
L5-501,2.80401,41.99466,942
L5-501,2.80401,41.99473,943
L5-501,2.80398,41.99484,944
L5-501,2.80391,41.99513,945
L5-501,2.80389,41.99527,946
L5-501,2.80387,41.99533,947
L5-501,2.80385,41.99539,948
L5-501,2.80378,41.99551,949
L5-501,2.80374,41.99555,950
L5-501,2.8037,41.9956,951
L5-501,2.80366,41.99563,952
L5-501,2.8036,41.99568,953
L5-501,2.80354,41.99572,954
L5-501,2.80333,41.99584,955
L5-501,2.80317,41.99594,956
L5-501,2.80301,41.99603,957
L5-501,2.80295,41.99606,958
L5-501,2.80292,41.99608,959
L5-501,2.80291,41.99608,960
L5-501,2.80281,41.99614,961
L5-501,2.80268,41.99624,962
L5-501,2.8026,41.99633,963
L5-501,2.80257,41.99637,964
L5-501,2.80254,41.9964,965
L5-501,2.80252,41.99644,966
L5-501,2.8025,41.99647,967
L5-501,2.80249,41.9965,968
L5-501,2.80247,41.99655,969
L5-501,2.80239,41.99672,970
L5-501,2.80234,41.99677,971
L5-501,2.80231,41.9968,972
L5-501,2.80227,41.99684,973
L5-502,2.802333,41.996847,2
L5-502,2.80246,41.996578,3
L5-502,2.80268,41.99624,4
L5-502,2.80281,41.99614,5
L5-502,2.80291,41.99608,6
L5-502,2.80292,41.99608,7
L5-502,2.80295,41.99606,8
L5-502,2.80301,41.99603,9
L5-502,2.80317,41.99594,10
L5-502,2.80333,41.99584,11
L5-502,2.80354,41.99572,12
L5-502,2.8036,41.99568,13
L5-502,2.80366,41.99563,14
L5-502,2.8037,41.9956,15
L5-502,2.80374,41.99555,16
L5-502,2.80378,41.99551,17
L5-502,2.80385,41.99539,18
L5-502,2.80387,41.99533,19
L5-502,2.80389,41.99527,20
L5-502,2.80391,41.99513,21
L5-502,2.80398,41.99484,22
L5-502,2.80401,41.99473,23
L5-502,2.80401,41.99466,24
L5-502,2.80402,41.99453,25
L5-502,2.80411,41.99452,26
L5-502,2.80433,41.99448,27
L5-502,2.80443,41.99446,28
L5-502,2.80449,41.99445,29
L5-502,2.80487,41.99439,30
L5-502,2.8051,41.99435,31
L5-502,2.80516,41.99434,32
L5-502,2.80559,41.99428,33
L5-502,2.80568,41.99427,34
L5-502,2.80569,41.99427,35
L5-502,2.80598,41.99424,36
L5-502,2.8061,41.99423,37
L5-502,2.80626,41.99421,38
L5-502,2.8065,41.99421,39
L5-502,2.80706,41.99411,40
L5-502,2.80729,41.9941,41
L5-502,2.80735,41.99409,42
L5-502,2.80749,41.99408,43
L5-502,2.80772,41.99407,44
L5-502,2.80779,41.99406,45
L5-502,2.80785,41.99404,46
L5-502,2.80791,41.99403,47
L5-502,2.80801,41.99399,48
L5-502,2.80807,41.99397,49
L5-502,2.80817,41.99391,50
L5-502,2.80824,41.99387,51
L5-502,2.80828,41.99384,52
L5-502,2.80836,41.99376,53
L5-502,2.8084,41.9937,54
L5-502,2.80854,41.99349,55
L5-502,2.80856,41.99345,56
L5-502,2.80862,41.99326,57
L5-502,2.80864,41.99322,58
L5-502,2.80884,41.9927,59
L5-502,2.80884,41.99269,60
L5-502,2.80885,41.99263,61
L5-502,2.80885,41.9926,62
L5-502,2.80885,41.99257,63
L5-502,2.80885,41.99253,64
L5-502,2.80885,41.99249,65
L5-502,2.80883,41.99241,66
L5-502,2.80883,41.9924,67
L5-502,2.80882,41.99239,68
L5-502,2.80881,41.99238,69
L5-502,2.8088,41.99237,70
L5-502,2.8088,41.99236,71
L5-502,2.80879,41.99236,72
L5-502,2.80878,41.99234,73
L5-502,2.80878,41.99233,74
L5-502,2.80877,41.99231,75
L5-502,2.80877,41.9923,76
L5-502,2.80877,41.99228,77
L5-502,2.80877,41.99227,78
L5-502,2.80877,41.99226,79
L5-502,2.80878,41.99224,80
L5-502,2.80879,41.99223,81
L5-502,2.8088,41.99221,82
L5-502,2.8088,41.99219,83
L5-502,2.80881,41.99218,84
L5-502,2.80882,41.99218,85
L5-502,2.80883,41.99217,86
L5-502,2.80884,41.99216,87
L5-502,2.80885,41.99215,88
L5-502,2.80887,41.99214,89
L5-502,2.80888,41.99213,90
L5-502,2.8089,41.99213,91
L5-502,2.80892,41.99212,92
L5-502,2.80893,41.99212,93
L5-502,2.80895,41.99211,94
L5-502,2.80897,41.99211,95
L5-502,2.80899,41.99211,96
L5-502,2.80901,41.99211,97
L5-502,2.80902,41.99211,98
L5-502,2.80904,41.99211,99
L5-502,2.80906,41.99211,100
L5-502,2.80908,41.99212,101
L5-502,2.8091,41.99212,102
L5-502,2.80911,41.99212,103
L5-502,2.80913,41.99213,104
L5-502,2.80914,41.99214,105
L5-502,2.80916,41.99214,106
L5-502,2.80917,41.99215,107
L5-502,2.80918,41.99216,108
L5-502,2.80919,41.99217,109
L5-502,2.8092,41.99218,110
L5-502,2.80921,41.99219,111
L5-502,2.80927,41.9922,112
L5-502,2.80933,41.99221,113
L5-502,2.80937,41.99222,114
L5-502,2.80942,41.99224,115
L5-502,2.80948,41.99225,116
L5-502,2.80951,41.99226,117
L5-502,2.80956,41.99226,118
L5-502,2.80984,41.99227,119
L5-502,2.8102,41.99226,120
L5-502,2.81061,41.99226,121
L5-502,2.81069,41.99226,122
L5-502,2.81078,41.99226,123
L5-502,2.81102,41.99227,124
L5-502,2.81111,41.99228,125
L5-502,2.81119,41.99227,126
L5-502,2.81122,41.99227,127
L5-502,2.81127,41.99225,128
L5-502,2.81131,41.99225,129
L5-502,2.81137,41.99223,130
L5-502,2.81137,41.99222,131
L5-502,2.81138,41.99222,132
L5-502,2.81138,41.99221,133
L5-502,2.81138,41.9922,134
L5-502,2.81139,41.9922,135
L5-502,2.81139,41.99219,136
L5-502,2.8114,41.99219,137
L5-502,2.8114,41.99218,138
L5-502,2.81141,41.99217,139
L5-502,2.81143,41.99216,140
L5-502,2.81144,41.99214,141
L5-502,2.81146,41.99213,142
L5-502,2.81148,41.99212,143
L5-502,2.81149,41.99211,144
L5-502,2.81151,41.99211,145
L5-502,2.81155,41.99208,146
L5-502,2.81163,41.99208,147
L5-502,2.81166,41.99208,148
L5-502,2.81169,41.99208,149
L5-502,2.81173,41.99208,150
L5-502,2.81176,41.99209,151
L5-502,2.81179,41.9921,152
L5-502,2.81182,41.99211,153
L5-502,2.81185,41.99212,154
L5-502,2.81187,41.99213,155
L5-502,2.8119,41.99215,156
L5-502,2.81192,41.99217,157
L5-502,2.81194,41.99219,158
L5-502,2.81196,41.99222,159
L5-502,2.81299,41.99222,160
L5-502,2.81306,41.99222,161
L5-502,2.81375,41.9922,162
L5-502,2.81385,41.9922,163
L5-502,2.8141,41.9922,164
L5-502,2.81472,41.99219,165
L5-502,2.81479,41.99219,166
L5-502,2.81482,41.99219,167
L5-502,2.81559,41.99217,168
L5-502,2.81645,41.99216,169
L5-502,2.81692,41.99215,170
L5-502,2.81703,41.99215,171
L5-502,2.81711,41.99215,172
L5-502,2.8175,41.99214,173
L5-502,2.81758,41.99213,174
L5-502,2.81761,41.99213,175
L5-502,2.81813,41.99215,176
L5-502,2.81814,41.99214,177
L5-502,2.81815,41.99214,178
L5-502,2.81815,41.99213,179
L5-502,2.81816,41.99213,180
L5-502,2.81816,41.99212,181
L5-502,2.81817,41.99212,182
L5-502,2.81818,41.99211,183
L5-502,2.81819,41.99211,184
L5-502,2.8182,41.99211,185
L5-502,2.8182,41.9921,186
L5-502,2.81821,41.9921,187
L5-502,2.81822,41.9921,188
L5-502,2.81823,41.9921,189
L5-502,2.81824,41.99209,190
L5-502,2.81825,41.99209,191
L5-502,2.81826,41.99209,192
L5-502,2.81827,41.99209,193
L5-502,2.81828,41.99209,194
L5-502,2.81829,41.99209,195
L5-502,2.8183,41.99209,196
L5-502,2.81836,41.99195,197
L5-502,2.81843,41.99185,198
L5-502,2.81847,41.99177,199
L5-502,2.81859,41.99152,200
L5-502,2.81868,41.99135,201
L5-502,2.8187,41.99129,202
L5-502,2.8188,41.99104,203
L5-502,2.81886,41.99091,204
L5-502,2.81899,41.99058,205
L5-502,2.81922,41.99005,206
L5-502,2.81926,41.98996,207
L5-502,2.81928,41.98992,208
L5-502,2.81933,41.98984,209
L5-502,2.81938,41.98982,210
L5-502,2.81946,41.98982,211
L5-502,2.81981,41.98984,212
L5-502,2.82018,41.98985,213
L5-502,2.82038,41.98985,214
L5-502,2.82048,41.98985,215
L5-502,2.82052,41.98984,216
L5-502,2.82061,41.98984,217
L5-502,2.82081,41.98976,218
L5-502,2.82165,41.98935,219
L5-502,2.82178,41.98929,220
L5-502,2.82178,41.98925,221
L5-502,2.82179,41.98921,222
L5-502,2.82181,41.98917,223
L5-502,2.82183,41.98914,224
L5-502,2.82186,41.9891,225
L5-502,2.82189,41.98907,226
L5-502,2.82193,41.98904,227
L5-502,2.82198,41.98902,228
L5-502,2.82203,41.989,229
L5-502,2.82212,41.98898,230
L5-502,2.82215,41.98884,231
L5-502,2.82225,41.98845,232
L5-502,2.82229,41.98824,233
L5-502,2.82228,41.98816,234
L5-502,2.82226,41.98808,235
L5-502,2.82226,41.98807,236
L5-502,2.82223,41.98801,237
L5-502,2.82219,41.98794,238
L5-502,2.8221,41.98784,239
L5-502,2.82195,41.98771,240
L5-502,2.8215,41.98727,241
L5-502,2.82142,41.98704,242
L5-502,2.82137,41.98701,243
L5-502,2.82124,41.98695,244
L5-502,2.82112,41.98688,245
L5-502,2.82105,41.98681,246
L5-502,2.82098,41.98672,247
L5-502,2.82094,41.98662,248
L5-502,2.82093,41.98659,249
L5-502,2.82092,41.98649,250
L5-502,2.82093,41.98644,251
L5-502,2.82095,41.98641,252
L5-502,2.82097,41.98639,253
L5-502,2.82099,41.98639,254
L5-502,2.82102,41.98637,255
L5-502,2.82104,41.98636,256
L5-502,2.82112,41.98634,257
L5-502,2.82118,41.98634,258
L5-502,2.82123,41.98635,259
L5-502,2.82126,41.98636,260
L5-502,2.82132,41.98639,261
L5-502,2.82146,41.98649,262
L5-502,2.82152,41.98647,263
L5-502,2.82171,41.98641,264
L5-502,2.82181,41.98637,265
L5-502,2.82185,41.98635,266
L5-502,2.82204,41.98626,267
L5-502,2.82232,41.98614,268
L5-502,2.82242,41.98609,269
L5-502,2.82241,41.98608,270
L5-502,2.82241,41.98607,271
L5-502,2.82241,41.98606,272
L5-502,2.82241,41.98605,273
L5-502,2.82241,41.98604,274
L5-502,2.82242,41.98603,275
L5-502,2.82242,41.98602,276
L5-502,2.82243,41.98601,277
L5-502,2.82243,41.986,278
L5-502,2.82244,41.986,279
L5-502,2.82244,41.98599,280
L5-502,2.82238,41.9859,281
L5-502,2.82232,41.98584,282
L5-502,2.82218,41.98572,283
L5-502,2.82212,41.98566,284
L5-502,2.82212,41.98565,285
L5-502,2.82142,41.98515,286
L5-502,2.82136,41.98512,287
L5-502,2.82134,41.98509,288
L5-502,2.82112,41.98491,289
L5-502,2.821,41.98481,290
L5-502,2.82072,41.98458,291
L5-502,2.82061,41.98449,292
L5-502,2.82055,41.98444,293
L5-502,2.82054,41.98443,294
L5-502,2.82038,41.98426,295
L5-502,2.81977,41.98361,296
L5-502,2.81973,41.98352,297
L5-502,2.81972,41.98344,298
L5-502,2.81974,41.9833,299
L5-502,2.81975,41.9832,300
L5-502,2.81976,41.98315,301
L5-502,2.81983,41.98272,302
L5-502,2.81984,41.98268,303
L5-502,2.8191,41.98235,304
L5-502,2.81908,41.98235,305
L5-502,2.81906,41.98235,306
L5-502,2.81903,41.98235,307
L5-502,2.81901,41.98234,308
L5-502,2.81899,41.98233,309
L5-502,2.81896,41.98233,310
L5-502,2.81894,41.98231,311
L5-502,2.81884,41.98227,312
L5-502,2.81822,41.98201,313
L5-502,2.81813,41.98198,314
L5-502,2.81769,41.98179,315
L5-502,2.81754,41.98174,316
L5-502,2.81704,41.98152,317
L5-502,2.81639,41.98124,318
L5-502,2.81595,41.98107,319
L5-502,2.81588,41.98104,320
L5-502,2.81577,41.981,321
L5-502,2.8157,41.98097,322
L5-502,2.8156,41.98094,323
L5-502,2.8154,41.98086,324
L5-502,2.81505,41.98073,325
L5-502,2.81427,41.98039,326
L5-502,2.81416,41.98035,327
L5-502,2.81357,41.9801,328
L5-502,2.81333,41.98,329
L5-502,2.81357,41.97969,330
L5-502,2.81373,41.97948,331
L5-502,2.81377,41.97942,332
L5-502,2.81388,41.97924,333
L5-502,2.81395,41.97913,334
L5-502,2.81399,41.97907,335
L5-502,2.81404,41.97901,336
L5-502,2.81409,41.97892,337
L5-502,2.81411,41.97888,338
L5-502,2.81413,41.97878,339
L5-502,2.81413,41.97869,340
L5-502,2.81408,41.97858,341
L5-502,2.81399,41.97835,342
L5-502,2.81377,41.9778,343
L5-502,2.81375,41.97774,344
L5-502,2.81374,41.97772,345
L5-502,2.8137,41.97759,346
L5-502,2.81348,41.97695,347
L5-502,2.81343,41.9768,348
L5-502,2.81338,41.97663,349
L5-502,2.81334,41.97655,350
L5-502,2.81329,41.97639,351
L5-502,2.81328,41.97637,352
L5-502,2.81322,41.97616,353
L5-502,2.81322,41.97615,354
L5-502,2.81321,41.97615,355
L5-502,2.8132,41.97615,356
L5-502,2.81319,41.97615,357
L5-502,2.81319,41.97614,358
L5-502,2.81318,41.97614,359
L5-502,2.81318,41.97613,360
L5-502,2.81317,41.97613,361
L5-502,2.81317,41.97612,362
L5-502,2.81317,41.97611,363
L5-502,2.81317,41.9761,364
L5-502,2.81317,41.97609,365
L5-502,2.81282,41.97594,366
L5-502,2.81273,41.9759,367
L5-502,2.81265,41.97587,368
L5-502,2.8118,41.97554,369
L5-502,2.81161,41.97576,370
L5-502,2.81068,41.97538,371
L5-502,2.81086,41.97513,372
L5-502,2.81078,41.9751,373
L5-502,2.81086,41.97513,374
L5-502,2.81104,41.9749,375
L5-502,2.81106,41.97486,376
L5-502,2.81121,41.97463,377
L5-502,2.81137,41.97441,378
L5-502,2.81174,41.97391,379
L5-502,2.81178,41.97384,380
L5-502,2.81179,41.97383,381
L5-502,2.81196,41.97361,382
L5-502,2.81198,41.97357,383
L5-502,2.812,41.97355,384
L5-502,2.81217,41.97329,385
L5-502,2.81219,41.97327,386
L5-502,2.8124,41.97299,387
L5-502,2.81256,41.97286,388
L5-502,2.81252,41.97276,389
L5-502,2.81247,41.97263,390
L5-502,2.81245,41.97254,391
L5-502,2.81227,41.97209,392
L5-502,2.81214,41.9718,393
L5-502,2.81192,41.9712,394
L5-502,2.81189,41.97113,395
L5-502,2.81187,41.97109,396
L5-502,2.81179,41.97089,397
L5-502,2.81178,41.97084,398
L5-502,2.81168,41.97059,399
L5-502,2.81167,41.97056,400
L5-502,2.81161,41.97041,401
L5-502,2.81158,41.97033,402
L5-502,2.8114,41.96987,403
L5-502,2.81114,41.96921,404
L5-502,2.81112,41.96914,405
L5-502,2.81087,41.96851,406
L5-502,2.81087,41.96849,407
L5-502,2.81083,41.96841,408
L5-502,2.81081,41.96836,409
L5-502,2.81071,41.96811,410
L5-502,2.81049,41.96762,411
L5-502,2.81044,41.9675,412
L5-502,2.8101,41.96717,413
L5-502,2.80993,41.96698,414
L5-502,2.8098,41.96703,415
L5-502,2.80985,41.96708,416
L5-502,2.8098,41.96703,417
L5-502,2.80934,41.96714,418
L5-502,2.80912,41.96719,419
L5-502,2.80904,41.96721,420
L5-502,2.80897,41.96722,421
L5-502,2.80896,41.96723,422
L5-502,2.80892,41.96724,423
L5-502,2.80885,41.96725,424
L5-502,2.80884,41.96725,425
L5-502,2.80829,41.96739,426
L5-502,2.8081,41.96742,427
L5-502,2.80783,41.96745,428
L5-502,2.80786,41.96712,429
L5-502,2.80793,41.96645,430
L5-502,2.80793,41.96645,431
L5-502,2.80796,41.96624,432
L5-502,2.80796,41.96607,433
L5-502,2.80795,41.9659,434
L5-502,2.80794,41.96572,435
L5-502,2.80786,41.96573,436
L5-502,2.80781,41.96573,437
L5-502,2.80775,41.96572,438
L5-502,2.8077,41.96571,439
L5-502,2.80765,41.96569,440
L5-502,2.8076,41.96567,441
L5-502,2.80756,41.96564,442
L5-502,2.80752,41.96561,443
L5-502,2.80747,41.96555,444
L5-502,2.80745,41.96551,445
L5-502,2.80744,41.96547,446
L5-502,2.80743,41.96543,447
L5-502,2.80744,41.96539,448
L5-502,2.80745,41.96535,449
L5-502,2.80746,41.96531,450
L5-502,2.80749,41.96527,451
L5-502,2.80752,41.96523,452
L5-502,2.80756,41.9652,453
L5-502,2.80748,41.96501,454
L5-502,2.80744,41.96493,455
L5-502,2.80721,41.96458,456
L5-502,2.80634,41.9637,457
L5-502,2.80582,41.96315,458
L5-502,2.8055,41.96282,459
L5-502,2.80448,41.96181,460
L5-502,2.80354,41.96088,461
L5-502,2.80328,41.96061,462
L5-502,2.80317,41.96049,463
L5-502,2.80313,41.96036,464
L5-502,2.80313,41.96034,465
L5-502,2.80312,41.96032,466
L5-502,2.80312,41.96027,467
L5-502,2.80302,41.96018,468
L5-502,2.8029,41.96004,469
L5-502,2.80287,41.96006,470
L5-502,2.80285,41.96007,471
L5-502,2.80284,41.96007,472
L5-502,2.80281,41.96008,473
L5-502,2.80276,41.96009,474
L5-502,2.80272,41.9601,475
L5-502,2.8027,41.9601,476
L5-502,2.80265,41.9601,477
L5-502,2.8026,41.9601,478
L5-502,2.80255,41.96009,479
L5-502,2.8025,41.96007,480
L5-502,2.80245,41.96006,481
L5-502,2.80245,41.96005,482
L5-502,2.80241,41.96003,483
L5-502,2.80237,41.96,484
L5-502,2.80234,41.95998,485
L5-502,2.80234,41.95997,486
L5-502,2.80231,41.95994,487
L5-502,2.80229,41.9599,488
L5-502,2.80227,41.95987,489
L5-502,2.80226,41.95983,490
L5-502,2.80226,41.9598,491
L5-502,2.80226,41.95979,492
L5-502,2.80227,41.95975,493
L5-502,2.80228,41.95971,494
L5-502,2.8023,41.95967,495
L5-502,2.80233,41.95964,496
L5-502,2.80236,41.95961,497
L5-502,2.80237,41.9596,498
L5-502,2.80238,41.9596,499
L5-502,2.80239,41.95959,500
L5-502,2.8024,41.95959,501
L5-502,2.8024,41.95958,502
L5-502,2.80241,41.95958,503
L5-502,2.80242,41.95957,504
L5-502,2.80243,41.95957,505
L5-502,2.80232,41.95946,506
L5-502,2.80219,41.95932,507
L5-502,2.80205,41.95918,508
L5-502,2.80197,41.9591,509
L5-502,2.80193,41.95906,510
L5-502,2.80172,41.95886,511
L5-502,2.80168,41.95882,512
L5-502,2.80148,41.95862,513
L5-502,2.80113,41.95827,514
L5-502,2.80104,41.95823,515
L5-502,2.80092,41.95814,516
L5-502,2.80084,41.95807,517
L5-502,2.80082,41.95808,518
L5-502,2.8008,41.95808,519
L5-502,2.80079,41.95809,520
L5-502,2.80077,41.95809,521
L5-502,2.80075,41.95809,522
L5-502,2.80073,41.95809,523
L5-502,2.80072,41.95809,524
L5-502,2.8007,41.95809,525
L5-502,2.80067,41.95808,526
L5-502,2.80065,41.95808,527
L5-502,2.80063,41.95807,528
L5-502,2.80061,41.95807,529
L5-502,2.80058,41.95806,530
L5-502,2.80056,41.95805,531
L5-502,2.80054,41.95804,532
L5-502,2.80053,41.95802,533
L5-502,2.80051,41.95802,534
L5-502,2.8005,41.95801,535
L5-502,2.80049,41.958,536
L5-502,2.80049,41.95799,537
L5-502,2.80048,41.95798,538
L5-502,2.80047,41.95797,539
L5-502,2.80046,41.95795,540
L5-502,2.80046,41.95794,541
L5-502,2.80045,41.95792,542
L5-502,2.80044,41.95789,543
L5-502,2.80044,41.95786,544
L5-502,2.80045,41.95784,545
L5-502,2.80046,41.95781,546
L5-502,2.80046,41.9578,547
L5-502,2.80047,41.95778,548
L5-502,2.80048,41.95775,549
L5-502,2.8005,41.95773,550
L5-502,2.80043,41.95757,551
L5-502,2.80031,41.95746,552
L5-502,2.8003,41.95745,553
L5-502,2.80006,41.95721,554
L5-502,2.79982,41.95696,555
L5-502,2.79955,41.95671,556
L5-502,2.79954,41.9567,557
L5-502,2.79946,41.95663,558
L5-502,2.79929,41.95654,559
L5-502,2.79927,41.95654,560
L5-502,2.79926,41.95654,561
L5-502,2.79925,41.95654,562
L5-502,2.79923,41.95655,563
L5-502,2.79922,41.95655,564
L5-502,2.79921,41.95655,565
L5-502,2.7992,41.95655,566
L5-502,2.79918,41.95655,567
L5-502,2.79916,41.95656,568
L5-502,2.79914,41.95656,569
L5-502,2.79912,41.95656,570
L5-502,2.7991,41.95656,571
L5-502,2.79908,41.95655,572
L5-502,2.79906,41.95655,573
L5-502,2.79904,41.95654,574
L5-502,2.79903,41.95653,575
L5-502,2.79901,41.95653,576
L5-502,2.79896,41.95645,577
L5-502,2.79894,41.95643,578
L5-502,2.79893,41.95642,579
L5-502,2.79892,41.95641,580
L5-502,2.79891,41.9564,581
L5-502,2.79891,41.95638,582
L5-502,2.7989,41.95637,583
L5-502,2.7989,41.95635,584
L5-502,2.7989,41.95634,585
L5-502,2.7989,41.95632,586
L5-502,2.79891,41.9563,587
L5-502,2.79892,41.95629,588
L5-502,2.79892,41.95627,589
L5-502,2.79894,41.95626,590
L5-502,2.79894,41.95625,591
L5-502,2.79894,41.95624,592
L5-502,2.79895,41.95624,593
L5-502,2.79896,41.95623,594
L5-502,2.79885,41.95605,595
L5-502,2.79882,41.95602,596
L5-502,2.79872,41.95593,597
L5-502,2.7986,41.95581,598
L5-502,2.79813,41.95533,599
L5-502,2.79783,41.95504,600
L5-502,2.79749,41.95469,601
L5-502,2.79724,41.95443,602
L5-502,2.7969,41.9541,603
L5-502,2.79671,41.95391,604
L5-502,2.79627,41.95347,605
L5-502,2.79586,41.95306,606
L5-502,2.79577,41.95297,607
L5-502,2.79569,41.95288,608
L5-502,2.79564,41.95284,609
L5-502,2.79546,41.95274,610
L5-502,2.79544,41.95274,611
L5-502,2.79542,41.95275,612
L5-502,2.7954,41.95275,613
L5-502,2.79537,41.95275,614
L5-502,2.79535,41.95275,615
L5-502,2.79532,41.95275,616
L5-502,2.7953,41.95275,617
L5-502,2.79528,41.95274,618
L5-502,2.79526,41.95274,619
L5-502,2.79525,41.95274,620
L5-502,2.79523,41.95273,621
L5-502,2.79522,41.95273,622
L5-502,2.7952,41.95272,623
L5-502,2.79519,41.95271,624
L5-502,2.79518,41.95271,625
L5-502,2.79517,41.9527,626
L5-502,2.79515,41.95268,627
L5-502,2.79513,41.95267,628
L5-502,2.79512,41.95265,629
L5-502,2.7951,41.95264,630
L5-502,2.79509,41.95262,631
L5-502,2.79508,41.9526,632
L5-502,2.79508,41.95258,633
L5-502,2.79507,41.95256,634
L5-502,2.79507,41.95254,635
L5-502,2.79508,41.95252,636
L5-502,2.79508,41.9525,637
L5-502,2.79509,41.95248,638
L5-502,2.79509,41.95246,639
L5-502,2.79511,41.95245,640
L5-502,2.79512,41.95243,641
L5-502,2.79503,41.95224,642
L5-502,2.7949,41.95209,643
L5-502,2.79363,41.95084,644
L5-502,2.79338,41.95059,645
L5-502,2.79323,41.95044,646
L5-502,2.79318,41.95039,647
L5-502,2.79295,41.95015,648
L5-502,2.79201,41.94924,649
L5-502,2.79174,41.94899,650
L5-502,2.78999,41.94721,651
L5-502,2.78985,41.94708,652
L5-502,2.7896,41.94688,653
L5-502,2.78936,41.94674,654
L5-502,2.78927,41.94671,655
L5-502,2.78889,41.94657,656
L5-502,2.78879,41.94654,657
L5-502,2.78864,41.9465,658
L5-502,2.78851,41.94646,659
L5-502,2.78838,41.94642,660
L5-502,2.78822,41.94637,661
L5-502,2.78804,41.94629,662
L5-502,2.78796,41.94625,663
L5-502,2.78781,41.94616,664
L5-502,2.78764,41.94605,665
L5-502,2.78757,41.94599,666
L5-502,2.78752,41.94598,667
L5-502,2.7875,41.94598,668
L5-502,2.78748,41.94597,669
L5-502,2.78747,41.94597,670
L5-502,2.78743,41.94593,671
L5-502,2.78738,41.94588,672
L5-502,2.78735,41.94587,673
L5-502,2.78725,41.94585,674
L5-502,2.78717,41.94585,675
L5-502,2.78716,41.94586,676
L5-502,2.78709,41.94587,677
L5-502,2.78701,41.94589,678
L5-502,2.78674,41.94593,679
L5-502,2.7863,41.94595,680
L5-502,2.78601,41.94597,681
L5-502,2.78567,41.946,682
L5-502,2.78558,41.94594,683
L5-502,2.78549,41.94588,684
L5-502,2.78536,41.9458,685
L5-502,2.78531,41.94577,686
L5-502,2.78527,41.94575,687
L5-502,2.78521,41.94573,688
L5-502,2.78517,41.94571,689
L5-502,2.7844,41.94547,690
L5-502,2.78395,41.94532,691
L5-502,2.78375,41.94524,692
L5-502,2.78241,41.94433,693
L5-502,2.78223,41.94416,694
L5-502,2.78209,41.94402,695
L5-502,2.78186,41.94384,696
L5-502,2.78132,41.94346,697
L5-502,2.78129,41.94344,698
L5-502,2.78128,41.94343,699
L5-502,2.78031,41.94278,700
L5-502,2.77996,41.94255,701
L5-502,2.7797,41.94233,702
L5-502,2.78053,41.94165,703
L5-502,2.78106,41.94121,704
L5-502,2.78136,41.94096,705
L5-502,2.78232,41.94016,706
L11-602,2.81197,41.98335,2
L11-602,2.81314,41.98365,3
L11-602,2.81336,41.98334,4
L11-602,2.81352,41.98311,5
L11-602,2.81373,41.98283,6
L11-602,2.81389,41.98261,7
L11-602,2.81394,41.98254,8
L11-602,2.8141,41.98232,9
L11-602,2.81433,41.98202,10
L11-602,2.81451,41.9818,11
L11-602,2.81473,41.98149,12
L11-602,2.81479,41.98151,13
L11-602,2.81536,41.98173,14
L11-602,2.81515,41.98201,15
L11-602,2.81514,41.98203,16
L11-602,2.81473,41.98258,17
L11-602,2.81465,41.9827,18
L11-602,2.81457,41.9828,19
L11-602,2.81436,41.98309,20
L11-602,2.81415,41.98338,21
L11-602,2.81399,41.98359,22
L11-602,2.81378,41.98385,23
L11-602,2.81361,41.98409,24
L11-602,2.81349,41.98428,25
L11-602,2.81347,41.98431,26
L11-602,2.81346,41.98435,27
L11-602,2.81345,41.98439,28
L11-602,2.81345,41.98443,29
L11-602,2.81355,41.98442,30
L11-602,2.81375,41.98441,31
L11-602,2.81395,41.98441,32
L11-602,2.81417,41.98444,33
L11-602,2.81453,41.98451,34
L11-602,2.81466,41.98454,35
L11-602,2.81518,41.98464,36
L11-602,2.81541,41.98469,37
L11-602,2.81596,41.9848,38
L11-602,2.81643,41.98489,39
L11-602,2.81658,41.98491,40
L11-602,2.81689,41.98493,41
L11-602,2.81689,41.98491,42
L11-602,2.81689,41.98489,43
L11-602,2.8169,41.98487,44
L11-602,2.8169,41.98484,45
L11-602,2.81691,41.98482,46
L11-602,2.81693,41.9848,47
L11-602,2.81694,41.98478,48
L11-602,2.81696,41.98477,49
L11-602,2.81698,41.98475,50
L11-602,2.81702,41.98473,51
L11-602,2.81703,41.98472,52
L11-602,2.81704,41.98472,53
L11-602,2.81705,41.98471,54
L11-602,2.81706,41.98471,55
L11-602,2.81707,41.98471,56
L11-602,2.81708,41.9847,57
L11-602,2.8171,41.9847,58
L11-602,2.81711,41.9847,59
L11-602,2.81713,41.98469,60
L11-602,2.81715,41.98469,61
L11-602,2.81717,41.98469,62
L11-602,2.81719,41.98469,63
L11-602,2.81721,41.98469,64
L11-602,2.81723,41.9847,65
L11-602,2.81724,41.9847,66
L11-602,2.81726,41.98471,67
L11-602,2.81728,41.98471,68
L11-602,2.8173,41.98472,69
L11-602,2.81731,41.98472,70
L11-602,2.81732,41.98473,71
L11-602,2.81733,41.98473,72
L11-602,2.81734,41.98474,73
L11-602,2.81736,41.98475,74
L11-602,2.81737,41.98475,75
L11-602,2.81738,41.98476,76
L11-602,2.81739,41.98476,77
L11-602,2.81739,41.98477,78
L11-602,2.8174,41.98478,79
L11-602,2.81741,41.98478,80
L11-602,2.81742,41.98479,81
L11-602,2.81742,41.9848,82
L11-602,2.81743,41.9848,83
L11-602,2.81744,41.98481,84
L11-602,2.81745,41.98482,85
L11-602,2.81746,41.98484,86
L11-602,2.81746,41.98486,87
L11-602,2.81747,41.98488,88
L11-602,2.81747,41.9849,89
L11-602,2.81748,41.98492,90
L11-602,2.81747,41.98494,91
L11-602,2.81747,41.98496,92
L11-602,2.81746,41.98498,93
L11-602,2.81786,41.98546,94
L11-602,2.81799,41.98562,95
L11-602,2.818,41.98565,96
L11-602,2.81859,41.98577,97
L11-602,2.81862,41.98578,98
L11-602,2.82046,41.98627,99
L11-602,2.82053,41.98628,100
L11-602,2.82095,41.98641,101
L11-602,2.82097,41.98639,102
L11-602,2.82099,41.98639,103
L11-602,2.82102,41.98637,104
L11-602,2.82104,41.98636,105
L11-602,2.82112,41.98634,106
L11-602,2.82118,41.98634,107
L11-602,2.82123,41.98635,108
L11-602,2.82126,41.98636,109
L11-602,2.82132,41.98639,110
L11-602,2.82146,41.98649,111
L11-602,2.82152,41.98647,112
L11-602,2.82171,41.98641,113
L11-602,2.82181,41.98637,114
L11-602,2.82185,41.98635,115
L11-602,2.82232,41.98614,116
L11-602,2.82242,41.98609,117
L11-602,2.82241,41.98608,118
L11-602,2.82241,41.98607,119
L11-602,2.82241,41.98606,120
L11-602,2.82241,41.98605,121
L11-602,2.82241,41.98604,122
L11-602,2.82242,41.98603,123
L11-602,2.82242,41.98602,124
L11-602,2.82243,41.98601,125
L11-602,2.82243,41.986,126
L11-602,2.82244,41.986,127
L11-602,2.82244,41.98599,128
L11-602,2.82238,41.9859,129
L11-602,2.82232,41.98584,130
L11-602,2.82218,41.98572,131
L11-602,2.82212,41.98566,132
L11-602,2.82212,41.98565,133
L11-602,2.82142,41.98515,134
L11-602,2.82136,41.98512,135
L11-602,2.82134,41.98509,136
L11-602,2.82112,41.98491,137
L11-602,2.821,41.98481,138
L11-602,2.82072,41.98458,139
L11-602,2.82061,41.98449,140
L11-602,2.82055,41.98444,141
L11-602,2.82054,41.98443,142
L11-602,2.82038,41.98426,143
L11-602,2.81977,41.98361,144
L11-602,2.81973,41.98352,145
L11-602,2.81972,41.98344,146
L11-602,2.81974,41.9833,147
L11-602,2.81975,41.9832,148
L11-602,2.81976,41.98315,149
L11-602,2.81983,41.98272,150
L11-602,2.81984,41.98268,151
L11-602,2.81986,41.9826,152
L11-602,2.81989,41.98244,153
L11-602,2.81991,41.98234,154
L11-602,2.82006,41.98175,155
L11-602,2.82014,41.9815,156
L11-602,2.82018,41.98139,157
L11-602,2.82046,41.98139,158
L11-602,2.82055,41.9814,159
L11-602,2.82168,41.98128,160
L11-602,2.82279,41.98115,161
L11-602,2.82299,41.98119,162
L11-602,2.8232,41.98119,163
L11-602,2.82328,41.98097,164
L11-602,2.8234,41.98064,165
L11-602,2.82344,41.98054,166
L11-602,2.82344,41.98053,167
L11-602,2.82346,41.98046,168
L11-602,2.8235,41.98037,169
L11-602,2.8235,41.98035,170
L11-602,2.82352,41.98027,171
L11-602,2.82356,41.98005,172
L11-602,2.82359,41.97985,173
L11-602,2.8236,41.97981,174
L11-602,2.82372,41.97888,175
L11-602,2.82318,41.97885,176
L11-602,2.82306,41.97884,177
L11-602,2.82271,41.97889,178
L11-602,2.82271,41.9789,179
L11-602,2.8227,41.9789,180
L11-602,2.8227,41.97891,181
L11-602,2.82269,41.97891,182
L11-602,2.82269,41.97892,183
L11-602,2.82268,41.97892,184
L11-602,2.82268,41.97893,185
L11-602,2.82267,41.97893,186
L11-602,2.82266,41.97893,187
L11-602,2.82266,41.97894,188
L11-602,2.82265,41.97894,189
L11-602,2.82264,41.97894,190
L11-602,2.82264,41.97895,191
L11-602,2.82263,41.97895,192
L11-602,2.82262,41.97895,193
L11-602,2.82261,41.97895,194
L11-602,2.8226,41.97895,195
L11-602,2.82259,41.97895,196
L11-602,2.82258,41.97895,197
L11-602,2.82257,41.97895,198
L11-602,2.82256,41.97895,199
L11-602,2.82256,41.97894,200
L11-602,2.82255,41.97894,201
L11-602,2.82254,41.97894,202
L11-602,2.82253,41.97894,203
L11-602,2.82253,41.97893,204
L11-602,2.82252,41.97893,205
L11-602,2.82251,41.97892,206
L11-602,2.8225,41.97892,207
L11-602,2.8225,41.97891,208
L11-602,2.8225,41.9789,209
L11-602,2.82249,41.9789,210
L11-602,2.82249,41.97889,211
L11-602,2.82248,41.97888,212
L11-602,2.82248,41.97887,213
L11-602,2.82248,41.97886,214
L11-602,2.82248,41.97885,215
L11-602,2.82248,41.97884,216
L11-602,2.82249,41.97884,217
L11-602,2.82249,41.97883,218
L11-602,2.82242,41.9788,219
L11-602,2.82233,41.97874,220
L11-602,2.82191,41.97853,221
L11-602,2.82171,41.97831,222
L11-602,2.82162,41.97826,223
L11-602,2.82129,41.9776,224
L11-602,2.82119,41.97742,225
L11-602,2.82108,41.9772,226
L11-602,2.82089,41.97683,227
L11-602,2.82068,41.97643,228
L11-602,2.8205,41.97612,229
L11-602,2.8205,41.9761,230
L11-602,2.82049,41.97609,231
L11-602,2.82047,41.97605,232
L11-602,2.82046,41.97601,233
L11-602,2.82045,41.97598,234
L11-602,2.82045,41.97594,235
L11-602,2.82047,41.97587,236
L11-602,2.82046,41.97503,237
L11-602,2.82045,41.97484,238
L11-602,2.82063,41.97479,239
L11-602,2.82122,41.97468,240
L11-602,2.82128,41.97467,241
L11-602,2.82206,41.9745,242
L11-602,2.82212,41.97449,243
L11-602,2.82223,41.97447,244
L11-602,2.82278,41.97436,245
L11-602,2.82297,41.97433,246
L11-602,2.82324,41.9743,247
L11-602,2.82332,41.97429,248
L11-602,2.82341,41.97428,249
L11-602,2.82361,41.97425,250
L11-602,2.82365,41.97423,251
L11-602,2.82393,41.97418,252
L11-602,2.82403,41.97417,253
L11-602,2.82422,41.97415,254
L11-602,2.82422,41.9741,255
L11-602,2.82423,41.97407,256
L11-602,2.82424,41.97404,257
L11-602,2.82426,41.97401,258
L11-602,2.82428,41.97398,259
L11-602,2.82431,41.97396,260
L11-602,2.82434,41.97394,261
L11-602,2.82437,41.97392,262
L11-602,2.8244,41.9739,263
L11-602,2.82442,41.9739,264
L11-602,2.82443,41.97389,265
L11-602,2.82444,41.97389,266
L11-602,2.82446,41.97388,267
L11-602,2.82447,41.97388,268
L11-602,2.82449,41.97388,269
L11-602,2.8245,41.97387,270
L11-602,2.82452,41.97387,271
L11-602,2.82457,41.97387,272
L11-602,2.82461,41.97387,273
L11-602,2.82465,41.97388,274
L11-602,2.82469,41.97389,275
L11-602,2.82473,41.9739,276
L11-602,2.82476,41.97391,277
L11-602,2.8248,41.97393,278
L11-602,2.82483,41.97395,279
L11-602,2.82485,41.97398,280
L11-602,2.82513,41.97394,281
L11-602,2.8258,41.9738,282
L11-602,2.82623,41.97371,283
L11-602,2.82663,41.97364,284
L11-602,2.8267,41.97363,285
L11-602,2.827,41.97358,286
L11-602,2.82752,41.97351,287
L11-602,2.82757,41.9735,288
L11-602,2.82779,41.97347,289
L11-602,2.8282,41.97343,290
L11-602,2.82836,41.97341,291
L11-602,2.82856,41.9734,292
L11-602,2.82867,41.97339,293
L11-602,2.82937,41.97338,294
L11-602,2.82972,41.97337,295
L11-602,2.83009,41.97337,296
L11-602,2.83032,41.97335,297
L11-602,2.83063,41.97333,298
L11-602,2.83059,41.97317,299
L11-602,2.83056,41.97302,300
L11-602,2.83048,41.97284,301
L11-602,2.83047,41.97281,302
L11-602,2.83044,41.97275,303
L11-602,2.83036,41.97263,304
L11-602,2.83031,41.97256,305
L11-602,2.83027,41.97252,306
L11-602,2.83026,41.9725,307
L11-602,2.83026,41.97249,308
L11-602,2.83026,41.97248,309
L11-602,2.83027,41.97245,310
L11-602,2.83023,41.9724,311
L11-602,2.83011,41.97217,312
L11-602,2.83002,41.97197,313
L11-602,2.8299,41.9718,314
L11-602,2.82978,41.97162,315
L11-602,2.82977,41.97159,316
L11-602,2.82977,41.97158,317
L11-602,2.82976,41.97156,318
L11-602,2.82977,41.97155,319
L11-602,2.82977,41.97153,320
L11-602,2.82978,41.97151,321
L11-602,2.8298,41.97149,322
L11-602,2.82983,41.97147,323
L11-602,2.82976,41.97141,324
L11-602,2.82957,41.97142,325
L11-602,2.82945,41.97144,326
L11-602,2.82938,41.97145,327
L11-602,2.82933,41.97147,328
L11-602,2.82902,41.97164,329
L11-602,2.82899,41.97167,330
L11-602,2.82874,41.97184,331
L11-602,2.82867,41.97188,332
L11-602,2.82867,41.97189,333
L11-602,2.82867,41.9719,334
L11-602,2.8288,41.97205,335
L11-602,2.82896,41.97225,336
L11-602,2.82903,41.97234,337
L11-602,2.82886,41.97237,338
L11-602,2.82875,41.97238,339
L11-602,2.82826,41.97244,340
L11-602,2.82814,41.97245,341
L11-602,2.82747,41.97243,342
L11-602,2.82739,41.97242,343
L11-602,2.8278,41.97142,344
L11-602,2.82704,41.97111,345
L11-602,2.827,41.97116,346
L11-602,2.82698,41.97118,347
L11-602,2.82691,41.97123,348
L11-602,2.82688,41.97124,349
L11-602,2.82679,41.97126,350
L11-602,2.82668,41.97127,351
L11-602,2.82657,41.97124,352
L11-602,2.82652,41.97121,353
L11-602,2.82646,41.97118,354
L11-602,2.82643,41.97115,355
L11-602,2.8264,41.97108,356
L11-602,2.82638,41.97104,357
L11-602,2.82637,41.97095,358
L11-602,2.82641,41.97083,359
L11-602,2.82643,41.97079,360
L11-602,2.82643,41.97074,361
L11-602,2.82645,41.97069,362
L11-602,2.8266,41.97019,363
L11-602,2.82661,41.97017,364
L11-602,2.82674,41.96966,365
L11-602,2.82698,41.96876,366
L11-602,2.827,41.96873,367
L11-602,2.82732,41.96758,368
L11-602,2.82742,41.96723,369
L11-602,2.82752,41.96721,370
L11-602,2.82817,41.96708,371
L11-602,2.82827,41.96706,372
L11-602,2.82839,41.96703,373
L11-602,2.8288,41.96693,374
L11-602,2.82906,41.96686,375
L11-602,2.82922,41.96681,376
L11-602,2.82948,41.96674,377
L11-602,2.82988,41.96663,378
L11-602,2.82992,41.96662,379
L11-602,2.83058,41.96642,380
L11-602,2.83078,41.96637,381
L11-602,2.83104,41.96627,382
L11-602,2.8311,41.96624,383
L11-602,2.83127,41.96613,384
L11-602,2.83137,41.96608,385
L11-602,2.83162,41.96593,386
L11-602,2.8317,41.96589,387
L11-602,2.83183,41.96569,388
L11-602,2.83197,41.96544,389
L11-602,2.832,41.96538,390
L11-602,2.83215,41.96509,391
L11-602,2.83221,41.96499,392
L11-602,2.83242,41.96459,393
L11-602,2.83251,41.96442,394
L11-602,2.83267,41.96413,395
L11-602,2.832906,41.963621,396
L11-602,2.833405,41.963712,397
L11-602,2.833982,41.963856,398
L11-602,2.83436,41.963954,399
L11-602,2.834792,41.964153,400
L11-602,2.835135,41.964331,401
L11-602,2.835468,41.964522,402
L11-602,2.835953,41.964871,403
L11-602,2.836415,41.965118,404
L11-602,2.836812,41.9653,405
L11-602,2.837241,41.965609,406
L11-602,2.837386,41.965743,407
L11-602,2.837517,41.965878,408
L11-602,2.837769,41.966181,409
L11-602,2.837879,41.966331,410
L11-602,2.838059,41.966596,411
L11-602,2.838295,41.967089,412
L11-602,2.838399,41.967101,413
L11-602,2.838461,41.967125,414
L11-602,2.838552,41.967195,415
L11-602,2.838606,41.96727,416
L11-602,2.838563,41.967372,417
L11-602,2.838531,41.967424,418
L11-602,2.838456,41.967468,419
L11-602,2.838346,41.967494,420
L11-602,2.838214,41.967472,421
L11-602,2.838126,41.967424,422
L11-602,2.83808,41.967358,423
L11-602,2.838069,41.96726,424
L11-602,2.838112,41.967179,425
L11-602,2.838158,41.967137,426
L11-602,2.838188,41.967115,427
L11-602,2.83822,41.967105,428
L11-602,2.838123,41.966889,429
L11-602,2.838029,41.966684,430
L11-602,2.837863,41.966393,431
L11-602,2.837648,41.966086,432
L11-602,2.837375,41.965761,433
L11-602,2.837144,41.965579,434
L11-602,2.836702,41.965282,435
L11-602,2.836286,41.965073,436
L11-602,2.835843,41.964831,437
L11-602,2.835377,41.964498,438
L11-602,2.835028,41.964303,439
L11-602,2.834695,41.964125,440
L11-602,2.834266,41.963954,441
L11-602,2.833842,41.963836,442
L11-602,2.833386,41.96375,443
L11-602,2.83281,41.963623,444
L11-602,2.832442,41.963545,445
L11-602,2.83204,41.963491,446
L11-602,2.83199,41.96352,447
L11-602,2.83194,41.96374,448
L11-602,2.83182,41.96408,449
L11-602,2.83172,41.96425,450
L11-602,2.83158,41.96438,451
L11-602,2.83153,41.96443,452
L11-602,2.83146,41.96446,453
L11-602,2.83139,41.96449,454
L11-602,2.83128,41.96452,455
L11-602,2.83115,41.96456,456
L11-602,2.83089,41.96464,457
L11-602,2.83042,41.96476,458
L11-602,2.82992,41.96486,459
L11-602,2.82984,41.96488,460
L11-602,2.82977,41.9649,461
L11-602,2.82972,41.96492,462
L11-602,2.82967,41.96495,463
L11-602,2.82915,41.96475,464
L11-602,2.82914,41.96475,465
L11-602,2.82914,41.96476,466
L11-602,2.82913,41.96476,467
L11-602,2.82912,41.96477,468
L11-602,2.82911,41.96477,469
L11-602,2.8291,41.96478,470
L11-602,2.82909,41.96478,471
L11-602,2.82908,41.96478,472
L11-602,2.82907,41.96479,473
L11-602,2.82906,41.96479,474
L11-602,2.82905,41.96479,475
L11-602,2.82904,41.9648,476
L11-602,2.82903,41.9648,477
L11-602,2.82902,41.9648,478
L11-602,2.82901,41.9648,479
L11-602,2.829,41.9648,480
L11-602,2.82898,41.9648,481
L11-602,2.82897,41.9648,482
L11-602,2.82896,41.9648,483
L11-602,2.82895,41.9648,484
L11-602,2.82894,41.9648,485
L11-602,2.82893,41.96479,486
L11-602,2.8289,41.96493,487
L12-2,2.82204,41.98626,2
L12-2,2.82232,41.98614,3
L12-2,2.82242,41.98609,4
L12-2,2.82241,41.98608,5
L12-2,2.82241,41.98607,6
L12-2,2.82241,41.98606,7
L12-2,2.82241,41.98605,8
L12-2,2.82241,41.98604,9
L12-2,2.82242,41.98603,10
L12-2,2.82242,41.98602,11
L12-2,2.82243,41.98601,12
L12-2,2.82243,41.986,13
L12-2,2.82244,41.986,14
L12-2,2.82244,41.98599,15
L12-2,2.82245,41.98599,16
L12-2,2.82245,41.98598,17
L12-2,2.82246,41.98598,18
L12-2,2.82247,41.98598,19
L12-2,2.82247,41.98597,20
L12-2,2.82248,41.98597,21
L12-2,2.82249,41.98596,22
L12-2,2.8225,41.98596,23
L12-2,2.82251,41.98596,24
L12-2,2.82252,41.98596,25
L12-2,2.82253,41.98596,26
L12-2,2.82254,41.98595,27
L12-2,2.82255,41.98595,28
L12-2,2.82256,41.98595,29
L12-2,2.82257,41.98595,30
L12-2,2.82259,41.98596,31
L12-2,2.8226,41.98596,32
L12-2,2.82261,41.98596,33
L12-2,2.82262,41.98596,34
L12-2,2.82262,41.98597,35
L12-2,2.82263,41.98597,36
L12-2,2.82264,41.98597,37
L12-2,2.82265,41.98598,38
L12-2,2.82266,41.98598,39
L12-2,2.82266,41.98599,40
L12-2,2.82267,41.98599,41
L12-2,2.82267,41.986,42
L12-2,2.82268,41.986,43
L12-2,2.82268,41.98601,44
L12-2,2.82269,41.98601,45
L12-2,2.82269,41.98602,46
L12-2,2.82269,41.98603,47
L12-2,2.8227,41.98603,48
L12-2,2.8227,41.98604,49
L12-2,2.8227,41.98605,50
L12-2,2.8227,41.98606,51
L12-2,2.8227,41.98607,52
L12-2,2.8227,41.98608,53
L12-2,2.8227,41.98609,54
L12-2,2.82269,41.9861,55
L12-2,2.82269,41.98611,56
L12-2,2.82268,41.98611,57
L12-2,2.82268,41.98612,58
L12-2,2.82267,41.98613,59
L12-2,2.82266,41.98614,60
L12-2,2.82265,41.98614,61
L12-2,2.82265,41.98615,62
L12-2,2.82264,41.98615,63
L12-2,2.82263,41.98615,64
L12-2,2.82262,41.98616,65
L12-2,2.82261,41.98616,66
L12-2,2.8226,41.98616,67
L12-2,2.82259,41.98617,68
L12-2,2.82258,41.98617,69
L12-2,2.82257,41.98617,70
L12-2,2.82256,41.98617,71
L12-2,2.82255,41.98617,72
L12-2,2.82254,41.98617,73
L12-2,2.82253,41.98617,74
L12-2,2.82242,41.98622,75
L12-2,2.82215,41.98636,76
L12-2,2.82197,41.98646,77
L12-2,2.82193,41.98648,78
L12-2,2.82183,41.98653,79
L12-2,2.82164,41.9866,80
L12-2,2.82159,41.98662,81
L12-2,2.82164,41.98668,82
L12-2,2.82168,41.98675,83
L12-2,2.82173,41.98686,84
L12-2,2.8217,41.98692,85
L12-2,2.82166,41.98695,86
L12-2,2.82164,41.98697,87
L12-2,2.82161,41.98699,88
L12-2,2.82158,41.98701,89
L12-2,2.82154,41.98703,90
L12-2,2.82159,41.98722,91
L12-2,2.82192,41.98755,92
L12-2,2.8221,41.98771,93
L12-2,2.82234,41.98799,94
L12-2,2.82236,41.98808,95
L12-2,2.82238,41.98819,96
L12-2,2.82238,41.9882,97
L12-2,2.82237,41.98836,98
L12-2,2.82235,41.9885,99
L12-2,2.82231,41.98863,100
L12-2,2.82228,41.9888,101
L12-2,2.82228,41.9889,102
L12-2,2.82229,41.98899,103
L12-2,2.82232,41.98899,104
L12-2,2.82236,41.989,105
L12-2,2.82239,41.98901,106
L12-2,2.82242,41.98903,107
L12-2,2.82245,41.98904,108
L12-2,2.82247,41.98906,109
L12-2,2.8225,41.98908,110
L12-2,2.82252,41.9891,111
L12-2,2.82252,41.98911,112
L12-2,2.82253,41.98911,113
L12-2,2.82253,41.98912,114
L12-2,2.82254,41.98912,115
L12-2,2.82254,41.98913,116
L12-2,2.82255,41.98914,117
L12-2,2.82256,41.98917,118
L12-2,2.82257,41.9892,119
L12-2,2.82258,41.98923,120
L12-2,2.82259,41.98926,121
L12-2,2.82259,41.98929,122
L12-2,2.82259,41.98932,123
L12-2,2.82258,41.98935,124
L12-2,2.82257,41.98938,125
L12-2,2.82257,41.98939,126
L12-2,2.82256,41.9894,127
L12-2,2.82255,41.98941,128
L12-2,2.82255,41.98942,129
L12-2,2.82254,41.98943,130
L12-2,2.82253,41.98944,131
L12-2,2.82253,41.98945,132
L12-2,2.82252,41.98945,133
L12-2,2.82251,41.98946,134
L12-2,2.8225,41.98947,135
L12-2,2.8225,41.98948,136
L12-2,2.82249,41.98948,137
L12-2,2.82248,41.98949,138
L12-2,2.82242,41.98953,139
L12-2,2.82237,41.98955,140
L12-2,2.82232,41.98957,141
L12-2,2.82226,41.98958,142
L12-2,2.82221,41.98958,143
L12-2,2.82216,41.98958,144
L12-2,2.82215,41.98958,145
L12-2,2.82209,41.98957,146
L12-2,2.82204,41.98956,147
L12-2,2.82199,41.98954,148
L12-2,2.82164,41.9897,149
L12-2,2.82081,41.99008,150
L12-2,2.82077,41.99022,151
L12-2,2.82067,41.9905,152
L12-2,2.82053,41.99085,153
L12-2,2.82052,41.99088,154
L12-2,2.82047,41.99102,155
L12-2,2.82047,41.99103,156
L12-2,2.82039,41.99124,157
L12-2,2.82011,41.99204,158
L12-2,2.81997,41.99242,159
L12-2,2.81996,41.99244,160
L12-2,2.81993,41.99251,161
L12-2,2.81993,41.99252,162
L12-2,2.81992,41.99255,163
L12-2,2.8199,41.99259,164
L12-2,2.81984,41.99277,165
L12-2,2.81977,41.99296,166
L12-2,2.81973,41.99309,167
L12-2,2.8197,41.99317,168
L12-2,2.81966,41.99327,169
L12-2,2.8196,41.99345,170
L12-2,2.81958,41.99353,171
L12-2,2.81957,41.99356,172
L12-2,2.81955,41.99363,173
L12-2,2.81953,41.99371,174
L12-2,2.8195,41.99381,175
L12-2,2.81947,41.99399,176
L12-2,2.81945,41.99416,177
L12-2,2.81944,41.99424,178
L12-2,2.81942,41.99436,179
L12-2,2.81942,41.99449,180
L12-2,2.81941,41.99462,181
L12-2,2.81941,41.99467,182
L12-2,2.81941,41.99487,183
L12-2,2.81939,41.99518,184
L12-2,2.81938,41.99614,185
L12-2,2.81938,41.99626,186
L12-2,2.81935,41.99638,187
L12-2,2.81935,41.99639,188
L12-2,2.81934,41.99652,189
L12-2,2.81935,41.99671,190
L12-2,2.81932,41.99716,191
L12-2,2.81931,41.99735,192
L12-2,2.8193,41.99755,193
L12-2,2.81929,41.9976,194
L12-2,2.81928,41.99766,195
L12-2,2.81926,41.99776,196
L12-2,2.81924,41.99784,197
L12-2,2.81921,41.99792,198
L12-2,2.81916,41.99807,199
L12-2,2.81912,41.99814,200
L12-2,2.81909,41.99822,201
L12-2,2.81903,41.99832,202
L12-2,2.81903,41.99834,203
L12-2,2.81894,41.99847,204
L12-2,2.81886,41.99859,205
L12-2,2.81876,41.99871,206
L12-2,2.81865,41.99884,207
L12-2,2.81856,41.99893,208
L12-2,2.81855,41.99894,209
L12-2,2.81845,41.99903,210
L12-2,2.81832,41.99915,211
L12-2,2.81813,41.99932,212
L12-2,2.81795,41.99947,213
L12-2,2.81793,41.99951,214
L12-2,2.81792,41.99954,215
L12-2,2.8179,41.99956,216
L12-2,2.81788,41.9996,217
L12-2,2.81777,41.99973,218
L12-2,2.81778,41.99975,219
L12-2,2.81779,41.99976,220
L12-2,2.8178,41.99978,221
L12-2,2.8178,41.9998,222
L12-2,2.8178,41.99982,223
L12-2,2.8178,41.99983,224
L12-2,2.8178,41.99985,225
L12-2,2.8178,41.99987,226
L12-2,2.81778,41.9999,227
L12-2,2.81777,41.99992,228
L12-2,2.81776,41.99994,229
L12-2,2.81774,41.99996,230
L12-2,2.81772,41.99997,231
L12-2,2.8177,41.99999,232
L12-2,2.81768,42.0,233
L12-2,2.81766,42.00001,234
L12-2,2.81763,42.00002,235
L12-2,2.81761,42.00003,236
L12-2,2.81758,42.00003,237
L12-2,2.81756,42.00004,238
L12-2,2.81754,42.00004,239
L12-2,2.81751,42.00004,240
L12-2,2.81749,42.00004,241
L12-2,2.81746,42.00004,242
L12-2,2.81744,42.00003,243
L12-2,2.81737,42.00001,244
L12-2,2.81732,41.99998,245
L12-2,2.81729,41.99995,246
L12-2,2.81727,41.99992,247
L12-2,2.81724,41.99986,248
L12-2,2.81723,41.99983,249
L12-2,2.81722,41.99981,250
L12-2,2.81723,41.99979,251
L12-2,2.81724,41.99976,252
L12-2,2.81726,41.99972,253
L12-2,2.81732,41.99966,254
L12-2,2.81732,41.99962,255
L12-2,2.81732,41.99959,256
L12-2,2.81731,41.99954,257
L12-2,2.81732,41.99942,258
L12-2,2.817,41.99874,259
L12-2,2.81689,41.9985,260
L12-2,2.81671,41.99811,261
L12-2,2.81667,41.99802,262
L12-2,2.81655,41.99778,263
L12-2,2.81645,41.99758,264
L12-2,2.81641,41.99748,265
L12-2,2.81619,41.99698,266
L12-2,2.81605,41.99666,267
L12-2,2.81604,41.99665,268
L12-2,2.81592,41.99639,269
L12-2,2.81587,41.99631,270
L12-2,2.81584,41.99626,271
L12-2,2.81583,41.99621,272
L12-2,2.81583,41.9962,273
L12-2,2.81574,41.99608,274
L12-2,2.81568,41.996,275
L12-2,2.81559,41.99589,276
L12-2,2.8155,41.9958,277
L12-2,2.81539,41.9957,278
L12-2,2.81508,41.99541,279
L12-2,2.81475,41.99511,280
L12-2,2.8146,41.99498,281
L12-2,2.81458,41.99515,282
L12-2,2.81457,41.99523,283
L12-2,2.81456,41.99531,284
L12-2,2.81456,41.99539,285
L12-2,2.81457,41.99544,286
L12-2,2.81459,41.99548,287
L12-2,2.81461,41.99551,288
L12-2,2.81466,41.9956,289
L12-2,2.81484,41.99576,290
L12-2,2.81488,41.9958,291
L12-2,2.81505,41.99599,292
L12-2,2.81556,41.99648,293
L12-2,2.81563,41.99656,294
L12-2,2.81569,41.99662,295
L12-2,2.81575,41.9967,296
L12-2,2.81579,41.99677,297
L12-2,2.81579,41.9968,298
L12-2,2.81579,41.99683,299
L12-2,2.81578,41.99687,300
L12-2,2.81575,41.99691,301
L12-2,2.81572,41.99694,302
L12-2,2.81569,41.99696,303
L12-2,2.81565,41.99698,304
L12-2,2.81561,41.997,305
L12-2,2.81556,41.99701,306
L12-2,2.8155,41.99702,307
L12-2,2.81545,41.99702,308
L12-2,2.81541,41.99702,309
L12-2,2.8154,41.99701,310
L12-2,2.81536,41.99701,311
L12-2,2.81533,41.99699,312
L12-2,2.81529,41.99697,313
L12-2,2.81525,41.99694,314
L12-2,2.81521,41.99688,315
L12-2,2.81518,41.99682,316
L12-2,2.81506,41.99653,317
L12-2,2.81501,41.99641,318
L12-2,2.81499,41.99639,319
L12-2,2.81495,41.99629,320
L12-2,2.8149,41.99623,321
L12-2,2.81483,41.99618,322
L12-2,2.81479,41.99615,323
L12-2,2.81471,41.99611,324
L12-2,2.8146,41.99604,325
L12-2,2.81452,41.996,326
L12-2,2.81441,41.99593,327
L12-2,2.81431,41.99587,328
L12-2,2.81423,41.99581,329
L12-2,2.81418,41.99575,330
L12-2,2.81418,41.99574,331
L12-2,2.8141,41.99562,332
L12-2,2.81407,41.99556,333
L12-2,2.814,41.99548,334
L12-2,2.81397,41.99546,335
L12-2,2.81395,41.99545,336
L12-2,2.81392,41.99544,337
L12-2,2.8139,41.99543,338
L12-2,2.81386,41.99542,339
L12-2,2.81381,41.99542,340
L12-2,2.81366,41.99541,341
L12-2,2.81354,41.9954,342
L12-2,2.81348,41.9954,343
L12-2,2.81344,41.9954,344
L12-2,2.81336,41.99541,345
L12-2,2.81328,41.99543,346
L12-2,2.81322,41.99544,347
L12-2,2.81315,41.99546,348
L12-2,2.81307,41.99549,349
L12-2,2.81302,41.99552,350
L12-2,2.81307,41.99549,351
L12-2,2.81315,41.99546,352
L12-2,2.81322,41.99544,353
L12-2,2.81328,41.99543,354
L12-2,2.81336,41.99541,355
L12-2,2.81344,41.9954,356
L12-2,2.81348,41.9954,357
L12-2,2.81354,41.9954,358
L12-2,2.81366,41.99541,359
L12-2,2.81381,41.99542,360
L12-2,2.81386,41.99542,361
L12-2,2.8139,41.99543,362
L12-2,2.81392,41.99544,363
L12-2,2.81395,41.99545,364
L12-2,2.81397,41.99546,365
L12-2,2.814,41.99548,366
L12-2,2.81407,41.99556,367
L12-2,2.8141,41.99562,368
L12-2,2.81418,41.99574,369
L12-2,2.81418,41.99575,370
L12-2,2.81423,41.99581,371
L12-2,2.81431,41.99587,372
L12-2,2.81441,41.99593,373
L12-2,2.81452,41.996,374
L12-2,2.8146,41.99604,375
L12-2,2.81471,41.99611,376
L12-2,2.81479,41.99615,377
L12-2,2.81483,41.99618,378
L12-2,2.8149,41.99623,379
L12-2,2.81495,41.99629,380
L12-2,2.81499,41.99639,381
L12-2,2.81501,41.99641,382
L12-2,2.81506,41.99653,383
L12-2,2.81518,41.99682,384
L12-2,2.81521,41.99688,385
L12-2,2.81525,41.99694,386
L12-2,2.81529,41.99697,387
L12-2,2.81533,41.99699,388
L12-2,2.81536,41.99701,389
L12-2,2.8154,41.99701,390
L12-2,2.81541,41.99702,391
L12-2,2.81545,41.99702,392
L12-2,2.8155,41.99702,393
L12-2,2.81556,41.99701,394
L12-2,2.81561,41.997,395
L12-2,2.81565,41.99698,396
L12-2,2.81569,41.99696,397
L12-2,2.81572,41.99694,398
L12-2,2.81575,41.99691,399
L12-2,2.81578,41.99687,400
L12-2,2.81579,41.99683,401
L12-2,2.81579,41.9968,402
L12-2,2.81579,41.99677,403
L12-2,2.81575,41.9967,404
L12-2,2.81569,41.99662,405
L12-2,2.81563,41.99656,406
L12-2,2.81556,41.99648,407
L12-2,2.81505,41.99599,408
L12-2,2.81488,41.9958,409
L12-2,2.81484,41.99576,410
L12-2,2.81466,41.9956,411
L12-2,2.81461,41.99551,412
L12-2,2.81459,41.99548,413
L12-2,2.81457,41.99544,414
L12-2,2.81456,41.99539,415
L12-2,2.81456,41.99531,416
L12-2,2.81457,41.99523,417
L12-2,2.81458,41.99515,418
L12-2,2.8146,41.99498,419
L12-2,2.81475,41.99511,420
L12-2,2.81508,41.99541,421
L12-2,2.81539,41.9957,422
L12-2,2.8155,41.9958,423
L12-2,2.81559,41.99589,424
L12-2,2.81568,41.996,425
L12-2,2.81574,41.99608,426
L12-2,2.81583,41.9962,427
L12-2,2.81588,41.99624,428
L12-2,2.81589,41.99625,429
L12-2,2.81591,41.99628,430
L12-2,2.81594,41.99633,431
L12-2,2.81606,41.99655,432
L12-2,2.81615,41.99671,433
L12-2,2.81619,41.9968,434
L12-2,2.81627,41.99696,435
L12-2,2.81641,41.99728,436
L12-2,2.81651,41.9975,437
L12-2,2.81652,41.99753,438
L12-2,2.81658,41.99771,439
L12-2,2.81662,41.99784,440
L12-2,2.81667,41.99802,441
L12-2,2.81671,41.99811,442
L12-2,2.81689,41.9985,443
L12-2,2.817,41.99874,444
L12-2,2.81732,41.99942,445
L12-2,2.8174,41.99947,446
L12-2,2.81747,41.99955,447
L12-2,2.8175,41.99961,448
L12-2,2.81752,41.99961,449
L12-2,2.81753,41.99961,450
L12-2,2.81755,41.99961,451
L12-2,2.81757,41.99962,452
L12-2,2.81759,41.99962,453
L12-2,2.81761,41.99962,454
L12-2,2.81762,41.99963,455
L12-2,2.81764,41.99963,456
L12-2,2.81771,41.99958,457
L12-2,2.81774,41.99956,458
L12-2,2.8178,41.99954,459
L12-2,2.81795,41.99947,460
L12-2,2.81813,41.99932,461
L12-2,2.81832,41.99915,462
L12-2,2.81845,41.99903,463
L12-2,2.81855,41.99894,464
L12-2,2.81856,41.99893,465
L12-2,2.81865,41.99884,466
L12-2,2.81876,41.99871,467
L12-2,2.81886,41.99859,468
L12-2,2.81894,41.99847,469
L12-2,2.81903,41.99834,470
L12-2,2.81903,41.99832,471
L12-2,2.81909,41.99822,472
L12-2,2.81912,41.99814,473
L12-2,2.81916,41.99807,474
L12-2,2.81921,41.99792,475
L12-2,2.81924,41.99784,476
L12-2,2.81926,41.99776,477
L12-2,2.81928,41.99766,478
L12-2,2.81929,41.9976,479
L12-2,2.8193,41.99755,480
L12-2,2.81931,41.99735,481
L12-2,2.81932,41.99716,482
L12-2,2.81935,41.99671,483
L12-2,2.81934,41.99652,484
L12-2,2.81935,41.99639,485
L12-2,2.81935,41.99638,486
L12-2,2.81931,41.99606,487
L12-2,2.81927,41.99586,488
L12-2,2.81924,41.99571,489
L12-2,2.81906,41.99496,490
L12-2,2.81901,41.99477,491
L12-2,2.81892,41.99455,492
L12-2,2.8188,41.99405,493
L12-2,2.81873,41.99379,494
L12-2,2.81866,41.99351,495
L12-2,2.81862,41.9933,496
L12-2,2.81861,41.99327,497
L12-2,2.81846,41.99265,498
L12-2,2.81842,41.99249,499
L12-2,2.81831,41.99232,500
L12-2,2.8183,41.99232,501
L12-2,2.81829,41.99232,502
L12-2,2.81828,41.99232,503
L12-2,2.81827,41.99232,504
L12-2,2.81826,41.99232,505
L12-2,2.81825,41.99232,506
L12-2,2.81824,41.99232,507
L12-2,2.81823,41.99232,508
L12-2,2.81822,41.99232,509
L12-2,2.81821,41.99231,510
L12-2,2.8182,41.99231,511
L12-2,2.81819,41.99231,512
L12-2,2.81818,41.9923,513
L12-2,2.81817,41.9923,514
L12-2,2.81816,41.99229,515
L12-2,2.81815,41.99228,516
L12-2,2.81814,41.99228,517
L12-2,2.81814,41.99227,518
L12-2,2.81813,41.99227,519
L12-2,2.81813,41.99226,520
L12-2,2.81813,41.99225,521
L12-2,2.81812,41.99225,522
L12-2,2.81812,41.99224,523
L12-2,2.81812,41.99223,524
L12-2,2.81811,41.99222,525
L12-2,2.81811,41.99221,526
L12-2,2.81811,41.9922,527
L12-2,2.81811,41.99219,528
L12-2,2.81812,41.99219,529
L12-2,2.81812,41.99218,530
L12-2,2.81812,41.99217,531
L12-2,2.81812,41.99216,532
L12-2,2.81813,41.99216,533
L12-2,2.81813,41.99215,534
L12-2,2.81814,41.99214,535
L12-2,2.81815,41.99214,536
L12-2,2.81815,41.99213,537
L12-2,2.81816,41.99213,538
L12-2,2.81816,41.99212,539
L12-2,2.81817,41.99212,540
L12-2,2.81818,41.99211,541
L12-2,2.81819,41.99211,542
L12-2,2.8182,41.99211,543
L12-2,2.8182,41.9921,544
L12-2,2.81821,41.9921,545
L12-2,2.81822,41.9921,546
L12-2,2.81823,41.9921,547
L12-2,2.81824,41.99209,548
L12-2,2.81825,41.99209,549
L12-2,2.81826,41.99209,550
L12-2,2.81827,41.99209,551
L12-2,2.81828,41.99209,552
L12-2,2.81829,41.99209,553
L12-2,2.8183,41.99209,554
L12-2,2.81836,41.99195,555
L12-2,2.81843,41.99185,556
L12-2,2.81847,41.99177,557
L12-2,2.81859,41.99152,558
L12-2,2.81868,41.99135,559
L12-2,2.8187,41.99129,560
L12-2,2.8188,41.99104,561
L12-2,2.81884,41.99094,562
L12-2,2.81886,41.99091,563
L12-2,2.81899,41.99058,564
L12-2,2.81922,41.99005,565
L12-2,2.81926,41.98996,566
L12-2,2.81928,41.98992,567
L12-2,2.81933,41.98984,568
L12-2,2.81938,41.98982,569
L12-2,2.81946,41.98982,570
L12-2,2.81981,41.98984,571
L12-2,2.82018,41.98985,572
L12-2,2.82038,41.98985,573
L12-2,2.82048,41.98985,574
L12-2,2.82052,41.98984,575
L12-2,2.82061,41.98984,576
L12-2,2.82081,41.98976,577
L12-2,2.82096,41.98969,578
L12-2,2.82136,41.98949,579
L12-2,2.82165,41.98935,580
L12-2,2.82178,41.98929,581
L12-2,2.82178,41.98925,582
L12-2,2.82179,41.98921,583
L12-2,2.82181,41.98917,584
L12-2,2.82183,41.98914,585
L12-2,2.82186,41.9891,586
L12-2,2.82189,41.98907,587
L12-2,2.82193,41.98904,588
L12-2,2.82198,41.98902,589
L12-2,2.82203,41.989,590
L12-2,2.82212,41.98898,591
L12-2,2.82215,41.98884,592
L12-2,2.82225,41.98845,593
L12-2,2.82229,41.98824,594
L12-2,2.82228,41.98816,595
L12-2,2.82226,41.98808,596
L12-2,2.82226,41.98807,597
L12-2,2.82223,41.98801,598
L12-2,2.82219,41.98794,599
L12-2,2.8221,41.98784,600
L12-2,2.82195,41.98771,601
L12-2,2.8215,41.98727,602
L12-2,2.82142,41.98704,603
L12-2,2.82137,41.98701,604
L12-2,2.82124,41.98695,605
L12-2,2.82112,41.98688,606
L12-2,2.82105,41.98681,607
L12-2,2.82098,41.98672,608
L12-2,2.82094,41.98662,609
L12-2,2.82093,41.98659,610
L12-2,2.82092,41.98649,611
L12-2,2.82093,41.98644,612
L12-2,2.82095,41.98641,613
L12-2,2.82097,41.98639,614
L12-2,2.82099,41.98639,615
L12-2,2.82102,41.98637,616
L12-2,2.82104,41.98636,617
L12-2,2.82112,41.98634,618
L12-2,2.82118,41.98634,619
L12-2,2.82123,41.98635,620
L12-2,2.82126,41.98636,621
L12-2,2.82132,41.98639,622
L12-2,2.82146,41.98649,623
L12-2,2.82152,41.98647,624
L12-2,2.82171,41.98641,625
L12-2,2.82181,41.98637,626
L12-2,2.82185,41.98635,627
L12-2,2.82204,41.98626,628
